show_id,type,title,country,release_year,rating,duration,listed_in,cluster
s1,Movie,Dick Johnson Is Dead,United States,2020,PG-13,90 min,Documentaries,11
s7,Movie,My Little Pony: A New Generation,Unknown,2021,PG,91 min,Children & Family Movies,12
s8,Movie,Sankofa,"United States, Ghana, Burkina Faso, United Kingdom, Germany, Ethiopia",1993,TV-MA,125 min,"Dramas, Independent Movies, International Movies",3
s10,Movie,The Starling,United States,2021,PG-13,104 min,"Comedies, Dramas",2
s13,Movie,Je Suis Karl,"Germany, Czech Republic",2021,TV-MA,127 min,"Dramas, International Movies",6
s14,Movie,Confessions of an Invisible Girl,Unknown,2021,TV-PG,91 min,"Children & Family Movies, Comedies",12
s17,Movie,Europe's Most Dangerous Man: Otto Skorzeny in Spain,Unknown,2020,TV-MA,67 min,"Documentaries, International Movies",15
s19,Movie,Intrusion,Unknown,2021,TV-14,94 min,Thrillers,17
s23,Movie,Avvai Shanmughi,Unknown,1996,TV-PG,161 min,"Comedies, International Movies",5
s24,Movie,Go! Go! Cory Carson: Chrissy Takes the Wheel,Unknown,2021,TV-Y,61 min,Children & Family Movies,9
s25,Movie,Jeans,India,1998,TV-14,166 min,"Comedies, International Movies, Romantic Movies",5
s27,Movie,Minsara Kanavu,Unknown,1997,TV-PG,147 min,"Comedies, International Movies, Music & Musicals",5
s28,Movie,Grown Ups,United States,2010,PG-13,103 min,Comedies,2
s29,Movie,Dark Skies,United States,2013,PG-13,97 min,"Horror Movies, Sci-Fi & Fantasy",2
s30,Movie,Paranoia,"United States, India, France",2013,PG-13,106 min,Thrillers,2
s31,Movie,Ankahi Kahaniya,Unknown,2021,TV-14,111 min,"Dramas, Independent Movies, International Movies",17
s36,Movie,The Father Who Moves Mountains,Unknown,2021,TV-MA,110 min,"Dramas, International Movies, Thrillers",4
s37,Movie,The Stronghold,Unknown,2021,TV-MA,105 min,"Action & Adventure, Dramas, International Movies",4
s39,Movie,Birth of the Dragon,"China, Canada, United States",2017,PG-13,96 min,"Action & Adventure, Dramas",2
s42,Movie,Jaws,United States,1975,PG,124 min,"Action & Adventure, Classic Movies, Dramas",13
s43,Movie,Jaws 2,United States,1978,PG,116 min,"Dramas, Horror Movies, Thrillers",13
s44,Movie,Jaws 3,United States,1983,PG,98 min,"Action & Adventure, Horror Movies, Thrillers",18
s45,Movie,Jaws: The Revenge,United States,1987,PG-13,91 min,"Action & Adventure, Horror Movies, Thrillers",18
s46,Movie,My Heroes Were Cowboys,Unknown,2021,PG,23 min,Documentaries,16
s47,Movie,Safe House,"South Africa, United States, Japan",2012,R,115 min,Action & Adventure,14
s49,Movie,Training Day,United States,2001,R,122 min,"Dramas, Thrillers",3
s52,Movie,InuYasha the Movie 2: The Castle Beyond the Looking Glass,Japan,2002,TV-14,99 min,"Action & Adventure, Anime Features, International Movies",17
s53,Movie,InuYasha the Movie 3: Swords of an Honorable Ruler,Japan,2003,TV-14,99 min,"Action & Adventure, Anime Features, International Movies",17
s54,Movie,InuYasha the Movie 4: Fire on the Mystic Island,Japan,2004,TV-PG,88 min,"Action & Adventure, Anime Features, International Movies",0
s55,Movie,InuYasha the Movie: Affections Touching Across Time,Japan,2001,TV-PG,100 min,"Action & Adventure, Anime Features, International Movies",0
s57,Movie,Naruto Shippuden the Movie: Blood Prison,Japan,2011,TV-14,102 min,"Action & Adventure, Anime Features, International Movies",17
s58,Movie,Naruto Shippûden the Movie: Bonds,Japan,2008,TV-PG,93 min,"Action & Adventure, Anime Features, International Movies",0
s59,Movie,Naruto Shippûden the Movie: The Will of Fire,Japan,2009,TV-PG,96 min,"Action & Adventure, Anime Features, International Movies",0
s60,Movie,Naruto Shippuden: The Movie,Japan,2007,TV-PG,95 min,"Action & Adventure, Anime Features, International Movies",0
s61,Movie,Naruto Shippuden: The Movie: The Lost Tower,Japan,2010,TV-14,85 min,"Action & Adventure, Anime Features, International Movies",17
s62,Movie,Naruto the Movie 2: Legend of the Stone of Gelel,Japan,2005,TV-PG,97 min,"Action & Adventure, Anime Features, International Movies",0
s63,Movie,Naruto the Movie 3: Guardians of the Crescent Moon Kingdom,Japan,2006,TV-PG,95 min,"Action & Adventure, Anime Features, International Movies",0
s64,Movie,Naruto the Movie: Ninja Clash in the Land of Snow,Japan,2004,TV-PG,83 min,"Action & Adventure, Anime Features, International Movies",0
s65,Movie,Nightbooks,Unknown,2021,TV-PG,103 min,Children & Family Movies,0
s69,Movie,Schumacher,Unknown,2021,TV-14,113 min,"Documentaries, International Movies, Sports Movies",17
s72,Movie,A StoryBots Space Adventure,Unknown,2021,TV-Y,13 min,Children & Family Movies,9
s74,Movie,King of Boys,Nigeria,2018,TV-MA,182 min,"Dramas, International Movies",6
s76,Movie,You vs. Wild: Out Cold,Unknown,2021,TV-G,106 min,Children & Family Movies,12
s78,Movie,Little Singham - Black Shadow,Unknown,2021,TV-Y7,48 min,"Children & Family Movies, Comedies",9
s79,Movie,Tughlaq Durbar,Unknown,2020,TV-14,145 min,"Comedies, Dramas, International Movies",19
s80,Movie,Tughlaq Durbar (Telugu),Unknown,2021,TV-14,145 min,"Comedies, Dramas, International Movies",19
s81,Movie,Firedrake the Silver Dragon,Unknown,2021,TV-Y7,93 min,Children & Family Movies,9
s82,Movie,Kate,United States,2021,R,106 min,Action & Adventure,14
s85,Movie,Omo Ghetto: the Saga,Nigeria,2020,TV-MA,147 min,"Action & Adventure, Comedies, Dramas",6
s87,Movie,Prey,Unknown,2021,TV-MA,87 min,"International Movies, Thrillers",15
s89,Movie,Blood Brothers: Malcolm X & Muhammad Ali,Unknown,2021,PG-13,96 min,"Documentaries, Sports Movies",11
s91,Movie,Paradise Hills,"Spain, United States",2019,TV-MA,95 min,"Sci-Fi & Fantasy, Thrillers",1
s92,Movie,The Women and the Murderer,France,2021,TV-14,92 min,"Documentaries, International Movies",17
s94,Movie,JJ+E,Unknown,2021,TV-MA,91 min,"Dramas, International Movies, Romantic Movies",4
s95,Movie,Show Dogs,"United Kingdom, United States",2018,PG,90 min,"Children & Family Movies, Comedies",12
s97,Movie,If I Leave Here Tomorrow: A Film About Lynyrd Skynyrd,United States,2018,TV-MA,97 min,"Documentaries, Music & Musicals",11
s102,Movie,Untold: Breaking Point,United States,2021,TV-MA,80 min,"Documentaries, Sports Movies",11
s104,Movie,Shadow Parties,Unknown,2020,TV-MA,117 min,"Dramas, International Movies, Thrillers",4
s106,Movie,Angamaly Diaries,India,2017,TV-14,128 min,"Action & Adventure, Comedies, Dramas",19
s108,Movie,A Champion Heart,United States,2018,G,90 min,"Children & Family Movies, Dramas",12
s113,Movie,Worth,Unknown,2021,PG-13,119 min,Dramas,2
s114,Movie,Afterlife of the Party,Unknown,2021,TV-PG,110 min,"Comedies, Romantic Movies",0
s115,Movie,Anjaam,India,1994,TV-14,143 min,"Dramas, International Movies, Thrillers",5
s116,Movie,Bright Star,"United Kingdom, Australia, France",2009,PG,119 min,"Dramas, Romantic Movies",10
s117,Movie,Dhanak,India,2015,TV-PG,114 min,"Comedies, Dramas, Independent Movies",0
s118,Movie,Final Account,"United Kingdom, United States",2021,PG-13,94 min,Documentaries,11
s119,Movie,Gurgaon,India,2017,TV-14,106 min,"Dramas, International Movies, Thrillers",19
s120,Movie,Here and There,Unknown,2020,TV-MA,99 min,"Dramas, International Movies, Romantic Movies",4
s123,Movie,In the Cut,"United Kingdom, Australia, France, United States",2003,R,118 min,Thrillers,3
s127,Movie,Shikara,India,2020,TV-14,115 min,"Dramas, International Movies, Romantic Movies",19
s128,Movie,A Cinderella Story,"United States, Canada",2004,PG,95 min,"Children & Family Movies, Comedies",12
s129,Movie,Agatha Christie's Crooked House,Unknown,2017,PG-13,115 min,"Dramas, International Movies, Thrillers",4
s130,Movie,An Unfinished Life,"Germany, United States",2005,PG-13,108 min,Dramas,2
s131,Movie,Barbie Big City Big Dreams,Unknown,2021,TV-Y,63 min,"Children & Family Movies, Music & Musicals",9
s132,Movie,Blade Runner: The Final Cut,United States,1982,R,117 min,"Action & Adventure, Classic Movies, Cult Movies",18
s134,Movie,Chappie,"South Africa, United States",2015,R,121 min,"Action & Adventure, Sci-Fi & Fantasy",14
s135,Movie,Clear and Present Danger,"United States, Mexico",1994,PG-13,142 min,"Action & Adventure, Dramas",3
s136,Movie,Cliffhanger,"United States, Italy, France, Japan",1993,R,113 min,Action & Adventure,3
s137,Movie,Cold Mountain,"United States, Italy, Romania, United Kingdom",2003,R,154 min,"Dramas, Romantic Movies",10
s138,Movie,Crocodile Dundee in Los Angeles,"Australia, United States",2001,PG,95 min,"Action & Adventure, Comedies",3
s139,Movie,Dear John,United States,2010,PG-13,108 min,"Dramas, Romantic Movies",2
s140,Movie,Do the Right Thing,United States,1989,R,120 min,"Classic Movies, Comedies, Dramas",3
s141,Movie,"El patrón, radiografía de un crimen","Argentina, Venezuela",2014,TV-MA,100 min,"Dramas, International Movies, Thrillers",4
s142,Movie,Extraction,"United States, United Kingdom, Canada",2015,R,82 min,Action & Adventure,14
s143,Movie,Freedom Writers,"Germany, United States",2007,PG-13,124 min,Dramas,2
s144,Movie,Green Lantern,United States,2011,PG-13,114 min,"Action & Adventure, Sci-Fi & Fantasy",2
s145,Movie,House Party,United States,1990,R,104 min,"Comedies, Cult Movies",3
s146,Movie,House Party 2,United States,1991,R,94 min,"Comedies, Cult Movies, Music & Musicals",3
s147,Movie,House Party 3,United States,1994,R,94 min,"Comedies, Music & Musicals",3
s150,Movie,I Got the Hook Up,United States,1998,R,93 min,"Action & Adventure, Comedies",3
s151,Movie,In Too Deep,United States,1999,R,97 min,Thrillers,3
s152,Movie,Initial D,"China, Hong Kong",2005,TV-14,109 min,"Action & Adventure, International Movies",17
s153,Movie,Janoskians: Untold and Untrue,United States,2016,TV-MA,88 min,Comedies,1
s156,Movie,Labyrinth,"United Kingdom, United States",1986,PG,101 min,"Action & Adventure, Children & Family Movies, Cult Movies",18
s157,Movie,Letters to Juliet,United States,2010,PG,105 min,"Comedies, Dramas, Romantic Movies",12
s158,Movie,Level 16,Canada,2018,TV-14,102 min,"Sci-Fi & Fantasy, Thrillers",17
s159,Movie,Love Don't Cost a Thing,United States,2003,PG-13,101 min,"Comedies, Romantic Movies",3
s160,Movie,Love in a Puff,Hong Kong,2010,TV-MA,103 min,"Comedies, Dramas, International Movies",8
s162,Movie,Mars Attacks!,United States,1996,PG-13,106 min,"Comedies, Cult Movies, Sci-Fi & Fantasy",3
s163,Movie,Marshall,"United States, China, Hong Kong",2017,PG-13,118 min,Dramas,2
s164,Movie,My Boss's Daughter,United States,2003,R,86 min,"Comedies, Romantic Movies",3
s165,Movie,Mystery Men,United States,1999,PG-13,121 min,"Action & Adventure, Comedies",3
s167,Movie,Once Upon a Time in America,"Italy, United States",1984,R,229 min,"Classic Movies, Dramas",5
s168,Movie,Open Season 2,"United States, Canada",2008,PG,76 min,"Children & Family Movies, Comedies",12
s169,Movie,Osmosis Jones,United States,2001,PG,95 min,"Action & Adventure, Children & Family Movies, Comedies",3
s170,Movie,Poseidon,United States,2006,PG-13,98 min,"Action & Adventure, Dramas",2
s171,Movie,Rhyme & Reason,United States,1997,R,89 min,"Documentaries, Music & Musicals",3
s172,Movie,Same Kind of Different as Me,United States,2017,PG-13,120 min,"Dramas, Faith & Spirituality",2
s173,Movie,School of Rock,"United States, Germany",2003,PG-13,110 min,"Comedies, Music & Musicals",3
s174,Movie,Snervous Tyler Oakley,United States,2015,PG-13,83 min,"Documentaries, LGBTQ Movies",11
s175,Movie,Tears of the Sun,United States,2003,R,121 min,"Action & Adventure, Dramas",3
s176,Movie,The Blue Lagoon,United States,1980,R,105 min,"Dramas, Romantic Movies",18
s177,Movie,The Golden Child,United States,1986,PG-13,94 min,"Action & Adventure, Comedies",18
s178,Movie,The Guns of Navarone,"United Kingdom, United States",1961,TV-14,156 min,"Action & Adventure, Classic Movies",13
s179,Movie,The Interview,United States,2014,R,112 min,"Action & Adventure, Comedies",14
s180,Movie,The Nutty Professor,United States,1996,PG-13,95 min,"Comedies, Romantic Movies",3
s181,Movie,The Nutty Professor II: The Klumps,Unknown,2000,PG-13,107 min,"Comedies, Romantic Movies",3
s183,Movie,Welcome Home Roscoe Jenkins,United States,2008,PG-13,114 min,Comedies,2
s184,Movie,In the Line of Fire,United States,1993,R,129 min,"Action & Adventure, Classic Movies",3
s186,Movie,Untold: Crime & Penalties,Unknown,2021,TV-MA,86 min,"Documentaries, Sports Movies",11
s189,Movie,2 Alone in Paris,France,2008,TV-MA,97 min,"Comedies, International Movies",8
s191,Movie,Thimmarusu,India,2021,TV-14,125 min,"Dramas, International Movies",19
s192,Movie,Wind River,"United Kingdom, Canada, United States",2017,R,107 min,"Dramas, Independent Movies",10
s193,Movie,C Kkompany,India,2008,TV-14,127 min,"Action & Adventure, Comedies, International Movies",19
s196,Movie,EMI: Liya Hai To Chukana Padega,India,2008,TV-14,128 min,"Comedies, Dramas, International Movies",19
s197,Movie,He's All That,Unknown,2021,TV-14,92 min,"Comedies, Romantic Movies",17
s200,Movie,Koi Aap Sa,India,2006,TV-14,135 min,"Comedies, Dramas, International Movies",19
s201,Movie,Krishna Cottage,India,2004,TV-14,124 min,"Action & Adventure, Horror Movies, International Movies",19
s202,Movie,Kucch To Hai,India,2003,TV-14,136 min,"Dramas, International Movies, Thrillers",19
s203,Movie,Kyaa Kool Hai Hum,India,2005,TV-MA,165 min,"Comedies, International Movies, Music & Musicals",5
s204,Movie,Kyaa Kool Hain Hum 3,India,2016,TV-MA,124 min,"Comedies, International Movies",8
s205,Movie,Kyaa Super Kool Hain Hum,India,2012,TV-MA,136 min,"Comedies, International Movies",6
s206,Movie,Kyo Kii... Main Jhuth Nahin Bolta,India,2001,TV-14,150 min,"Comedies, International Movies, Sci-Fi & Fantasy",5
s207,Movie,"LSD: Love, Sex Aur Dhokha",India,2010,TV-MA,112 min,"Dramas, Independent Movies, International Movies",4
s208,Movie,Mission Istaanbul: Darr Ke Aagey Jeet Hai,India,2008,TV-14,119 min,"Action & Adventure, International Movies, Music & Musicals",19
s209,Movie,Once Upon a Time in Mumbaai,India,2010,TV-14,133 min,"Dramas, International Movies, Music & Musicals",19
s210,Movie,Once Upon a Time in Mumbai Dobaara!,India,2013,TV-14,142 min,"Dramas, International Movies, Music & Musicals",19
s211,Movie,Ragini MMS,India,2011,TV-MA,93 min,"Horror Movies, International Movies",15
s212,Movie,Ragini MMS 2,India,2014,TV-MA,113 min,"Horror Movies, International Movies",15
s215,Movie,SAS: Rise of the Black Swan,Unknown,2021,R,124 min,"Action & Adventure, International Movies",14
s216,Movie,Shootout at Lokhandwala,India,2007,TV-MA,116 min,"Action & Adventure, Dramas, International Movies",6
s217,Movie,Shor In the City,India,2011,TV-14,106 min,"Comedies, Dramas, Independent Movies",19
s218,Movie,The Dirty Picture,India,2011,TV-14,145 min,"Comedies, Dramas, International Movies",19
s222,Movie,"Bob Ross: Happy Accidents, Betrayal & Greed",Unknown,2021,TV-14,93 min,Documentaries,11
s228,Movie,Really Love,United States,2020,TV-MA,95 min,"Dramas, Independent Movies, Romantic Movies",1
s229,Movie,The November Man,"United States, United Kingdom",2014,R,108 min,Action & Adventure,14
s230,Movie,The Old Ways,United States,2020,TV-MA,90 min,Horror Movies,1
s231,Movie,The River Runner,Unknown,2021,TV-MA,86 min,"Documentaries, Sports Movies",11
s232,Movie,The Water Man,United States,2021,PG,92 min,"Children & Family Movies, Dramas",12
s234,Movie,Count Me In,United Kingdom,2021,TV-MA,82 min,"Documentaries, Music & Musicals",11
s236,Movie,Untold: Caitlyn Jenner,Unknown,2021,TV-PG,70 min,"Documentaries, LGBTQ Movies, Sports Movies",16
s237,Movie,Boomika,Unknown,2021,TV-14,122 min,"Horror Movies, International Movies, Thrillers",17
s238,Movie,Boomika (Hindi),Unknown,2021,TV-14,122 min,"Horror Movies, International Movies, Thrillers",17
s239,Movie,Boomika (Malayalam),Unknown,2021,TV-14,122 min,"Horror Movies, International Movies, Thrillers",17
s240,Movie,Boomika (Telugu),Unknown,2021,TV-14,122 min,"Horror Movies, International Movies, Thrillers",17
s241,Movie,The Witcher: Nightmare of the Wolf,Unknown,2021,TV-MA,84 min,"Action & Adventure, Anime Features",15
s245,Movie,Gunshot,Unknown,2018,TV-14,96 min,"Dramas, International Movies, Thrillers",17
s247,Movie,Man in Love,Unknown,2021,TV-MA,115 min,"Dramas, International Movies, Romantic Movies",4
s248,Movie,Sweet Girl,United States,2021,R,110 min,"Action & Adventure, Dramas",10
s250,Movie,The Loud House Movie,Unknown,2021,TV-Y7,88 min,"Children & Family Movies, Comedies, Music & Musicals",9
s251,Movie,A Faraway Land,Unknown,2020,TV-PG,102 min,"Dramas, International Movies, Romantic Movies",0
s252,Movie,Like Crazy,United States,2011,PG-13,91 min,"Dramas, Independent Movies, Romantic Movies",2
s253,Movie,Black Island,Unknown,2021,TV-MA,105 min,"International Movies, Thrillers",15
s254,Movie,Bombay,India,1995,TV-14,135 min,"Dramas, International Movies, Romantic Movies",5
s256,Movie,Memories of a Murderer: The Nilsen Tapes,Unknown,2021,TV-MA,86 min,"Documentaries, International Movies",15
s257,Movie,Nneka The Pretty Serpent,Unknown,2020,TV-14,140 min,"Dramas, International Movies",19
s258,Movie,O Kadhal Kanmani,Unknown,2015,TV-14,133 min,"Dramas, International Movies, Romantic Movies",19
s259,Movie,Out of my league,Unknown,2020,TV-MA,92 min,"Comedies, Dramas, International Movies",8
s260,Movie,Pahuna,"India, Nepal",2018,TV-PG,82 min,"Comedies, Dramas, International Movies",0
s262,Movie,The Secret Diary of an Exchange Student,Unknown,2021,TV-14,97 min,"Comedies, International Movies, Romantic Movies",17
s263,Movie,Untold: Deal With the Devil,Unknown,2021,TV-MA,78 min,"Documentaries, LGBTQ Movies, Sports Movies",11
s265,Movie,Walk of Shame,United States,2014,R,94 min,"Comedies, Independent Movies",14
s268,Movie,The Piano,"New Zealand, Australia, France, United States",1993,R,121 min,"Classic Movies, Dramas, Independent Movies",3
s269,Movie,Unroyal,Unknown,2020,TV-MA,97 min,"Dramas, International Movies",4
s271,Movie,Beckett,"Italy, Brazil, Greece",2021,TV-MA,110 min,Action & Adventure,15
s279,Movie,Lokillo: Nothing's the Same,Colombia,2021,TV-MA,64 min,Stand-Up Comedy,7
s280,Movie,Monster Hunter: Legends of the Guild,"United States, Japan",2021,TV-PG,59 min,"Action & Adventure, Anime Features, Children & Family Movies",9
s282,Movie,Brother Jekwu,Nigeria,2016,TV-14,101 min,"Comedies, International Movies",17
s283,Movie,La diosa del asfalto,Mexico,2020,TV-MA,127 min,"Dramas, Independent Movies, International Movies",6
s284,Movie,Misha and the Wolves,"Belgium, United Kingdom",2021,PG-13,90 min,"Documentaries, International Movies",15
s285,Movie,The Kissing Booth 3,"United Kingdom, United States",2021,TV-14,114 min,"Comedies, Romantic Movies",17
s286,Movie,The Railway Man,"Switzerland, United Kingdom, Australia",2013,R,108 min,"Dramas, International Movies",10
s291,Movie,Untold: Malice at the Palace,United States,2021,TV-MA,70 min,"Documentaries, Sports Movies",11
s293,Movie,Quartet,United Kingdom,2012,PG-13,98 min,"Comedies, Dramas, Independent Movies",2
s294,Movie,Slay,South Africa,2021,TV-MA,86 min,"Comedies, International Movies, Romantic Movies",8
s295,Movie,Takizawa Kabuki ZERO 2020 The Movie,Unknown,2020,TV-PG,139 min,"International Movies, Music & Musicals",0
s296,Movie,The Paper Tigers,United States,2021,PG-13,111 min,"Action & Adventure, Comedies",2
s299,Movie,Quam's Money,Nigeria,2020,TV-MA,115 min,"Comedies, Dramas, International Movies",8
s300,Movie,The Swarm,France,2021,TV-14,102 min,"Horror Movies, Independent Movies, International Movies",17
s301,Movie,Vivo,"Canada, United States",2021,PG,100 min,"Children & Family Movies, Music & Musicals",12
s302,Movie,Chennai Express,India,2013,TV-14,135 min,"Action & Adventure, Comedies, International Movies",19
s303,Movie,City of God: 10 Years Later,Brazil,2013,TV-MA,69 min,"Documentaries, International Movies",15
s304,Movie,Esperando la carroza,Argentina,1985,TV-MA,95 min,"Comedies, Cult Movies, International Movies",18
s305,Movie,Lady Boss: The Jackie Collins Story,United Kingdom,2021,TV-14,97 min,Documentaries,11
s306,Movie,Tango Feroz,"Argentina, Spain",1993,TV-MA,124 min,"Classic Movies, Dramas, International Movies",18
s307,Movie,'76,Nigeria,2016,TV-PG,118 min,"Dramas, International Movies",0
s308,Movie,Aftermath,United States,2021,TV-MA,115 min,Horror Movies,1
s309,Movie,American Masters: Inventing David Geffen,United States,2012,TV-MA,115 min,Movies,1
s315,Movie,Heavy,United States,1995,R,104 min,"Dramas, Independent Movies, Romantic Movies",3
s316,Movie,Ije: The Journey,"United States, Nigeria",2010,TV-MA,106 min,"Dramas, International Movies",4
s318,Movie,Pray Away,United States,2021,PG-13,102 min,"Documentaries, LGBTQ Movies",11
s319,Movie,Shiny_Flakes: The Teenage Drug Lord,Unknown,2021,TV-MA,97 min,"Documentaries, International Movies",15
s326,Movie,Beethoven,United States,1992,PG,87 min,"Children & Family Movies, Comedies",18
s327,Movie,Beethoven's 2nd,United States,1993,PG,88 min,"Children & Family Movies, Comedies",3
s328,Movie,Beowulf,"United States, United Kingdom",2007,PG-13,114 min,"Action & Adventure, Sci-Fi & Fantasy",2
s329,Movie,Boyka: Undisputed,"Bulgaria, United States",2016,R,90 min,Action & Adventure,14
s330,Movie,Catch Me If You Can,"United States, Canada",2002,PG-13,142 min,Dramas,3
s331,Movie,Cloudy with a Chance of Meatballs,"United States, Canada",2009,PG,90 min,"Children & Family Movies, Comedies, Sci-Fi & Fantasy",12
s333,Movie,Deep Blue Sea,"United States, Mexico",1999,R,105 min,"Action & Adventure, Horror Movies, Sci-Fi & Fantasy",3
s334,Movie,Ferris Bueller's Day Off,United States,1986,PG-13,103 min,"Classic Movies, Comedies, Cult Movies",18
s335,Movie,Five Feet Apart,United States,2019,PG-13,116 min,"Dramas, Romantic Movies",2
s336,Movie,Freedomland,United States,2006,R,113 min,"Dramas, Thrillers",10
s338,Movie,Good Luck Chuck,"United States, Canada",2007,R,99 min,"Comedies, Romantic Movies",14
s340,Movie,I missed you: Director's Cut,Unknown,2021,TV-14,96 min,"Dramas, Independent Movies, International Movies",17
s341,Movie,Inception,"United States, United Kingdom",2010,PG-13,148 min,"Action & Adventure, Sci-Fi & Fantasy, Thrillers",2
s342,Movie,Magnolia,United States,1999,R,189 min,"Dramas, Independent Movies",5
s343,Movie,Major Payne,United States,1995,PG-13,97 min,Comedies,3
s344,Movie,My Girl,United States,1991,PG-13,102 min,Dramas,3
s345,Movie,My Girl 2,United States,1994,PG,99 min,"Children & Family Movies, Comedies, Dramas",3
s346,Movie,Open Season: Scared Silly,"United States, Canada",2015,PG,85 min,"Children & Family Movies, Comedies",12
s347,Movie,Pineapple Express,United States,2008,R,112 min,"Action & Adventure, Comedies",14
s348,Movie,Planet 51,"Spain, United Kingdom, United States",2009,PG,91 min,"Children & Family Movies, Comedies, Sci-Fi & Fantasy",12
s349,Movie,Poms,"United Kingdom, United States",2019,PG-13,91 min,Comedies,2
s350,Movie,Seabiscuit,United States,2003,PG-13,141 min,"Dramas, Sports Movies",2
s351,Movie,Space Cowboys,United States,2000,PG-13,130 min,"Action & Adventure, Dramas, Sci-Fi & Fantasy",3
s352,Movie,Team America: World Police,"United States, Germany",2004,R,98 min,"Action & Adventure, Comedies, Cult Movies",3
s353,Movie,The Edge of Seventeen,"United States, China",2016,R,105 min,"Comedies, Dramas",10
s354,Movie,The Haunting in Connecticut 2: Ghosts of Georgia,United States,2013,R,101 min,Horror Movies,14
s355,Movie,The Last Boy Scout,United States,1991,R,105 min,"Action & Adventure, Comedies",3
s356,Movie,The Lincoln Lawyer,United States,2011,R,118 min,"Dramas, Thrillers",10
s357,Movie,The Losers,"United States, France",2010,PG-13,97 min,Action & Adventure,2
s358,Movie,The Machinist,"Spain, France, United Kingdom, United States",2004,R,102 min,"Dramas, Independent Movies, Thrillers",10
s359,Movie,The Net,United States,1995,PG-13,114 min,Thrillers,3
s360,Movie,The Original Kings of Comedy,United States,2000,R,111 min,Stand-Up Comedy,3
s361,Movie,Valentine's Day,United States,2010,PG-13,125 min,"Comedies, Romantic Movies",2
s363,Movie,The Lost Café,Unknown,2018,TV-14,76 min,"Dramas, International Movies",17
s364,Movie,The Vault,Unknown,2021,R,118 min,"Action & Adventure, International Movies, Thrillers",14
s366,Movie,Eyes of a Thief,", France, Algeria",2014,TV-14,103 min,"Dramas, Independent Movies, International Movies",17
s368,Movie,I'm Glad I Did,Unknown,2020,TV-14,114 min,"Documentaries, International Movies",17
s372,Movie,Pomegranates and Myrrh,Unknown,2009,TV-14,95 min,"Dramas, Independent Movies, International Movies",17
s373,Movie,Rurouni Kenshin: The Beginning,Unknown,2021,TV-MA,138 min,"Action & Adventure, International Movies",6
s374,Movie,The Last Mercenary,Unknown,2021,TV-MA,112 min,"Action & Adventure, Comedies, International Movies",8
s375,Movie,Flower Girl,Nigeria,2013,TV-PG,94 min,"Comedies, International Movies, Romantic Movies",0
s376,Movie,Resort to Love,Unknown,2021,TV-14,102 min,"Comedies, Romantic Movies",17
s378,Movie,Bartkowiak,Poland,2021,TV-MA,92 min,"Action & Adventure, International Movies",15
s379,Movie,Fantastic Fungi,United States,2019,TV-14,81 min,Documentaries,11
s384,Movie,Department,India,2012,TV-MA,143 min,"Action & Adventure, International Movies",6
s385,Movie,Hostage House,Unknown,2021,TV-14,86 min,Thrillers,17
s388,Movie,Mimi,Unknown,2021,TV-14,132 min,"Comedies, Dramas, International Movies",19
s390,Movie,The Operative,"France, Israel, Germany, United States, United Kingdom",2019,TV-MA,117 min,"Dramas, International Movies, Thrillers",4
s393,Movie,Django Unchained,United States,2012,R,165 min,"Action & Adventure, Dramas",10
s394,Movie,A Second Chance:  Rivals!,Australia,2021,PG,91 min,"Children & Family Movies, Sports Movies",12
s395,Movie,African America,Unknown,2021,TV-MA,97 min,"Dramas, Independent Movies, International Movies",4
s396,Movie,Bankrolled,Unknown,2021,TV-MA,97 min,"Comedies, International Movies",8
s397,Movie,Blood Red Sky,Unknown,2021,TV-MA,123 min,"Action & Adventure, Horror Movies, International Movies",15
s399,Movie,Kingdom: Ashin of the North,Unknown,2021,TV-MA,94 min,"Horror Movies, International Movies, Thrillers",15
s403,Movie,The Last Letter From Your Lover,United Kingdom,2021,TV-MA,111 min,"Dramas, Romantic Movies",4
s405,Movie,9to5: The Story of a Movement,Unknown,2021,TV-MA,85 min,Documentaries,11
s406,Movie,Chhota Bheem - Dinosaur World,Unknown,2015,TV-Y,65 min,Children & Family Movies,9
s407,Movie,Chhota Bheem - Neeli Pahaadi,Unknown,2013,TV-Y7,64 min,Children & Family Movies,9
s408,Movie,Chhota Bheem & Ganesh,Unknown,2009,TV-Y7,68 min,Children & Family Movies,9
s409,Movie,Chhota Bheem & Krishna: Mayanagari,Unknown,2011,TV-Y7,67 min,Children & Family Movies,9
s410,Movie,Chhota Bheem & Krishna: Pataliputra- City of the Dead,Unknown,2010,TV-Y7,66 min,Children & Family Movies,9
s411,Movie,Chhota Bheem And The Broken Amulet,India,2013,TV-Y7,64 min,Children & Family Movies,9
s412,Movie,Chhota Bheem And The Crown of Valhalla,Unknown,2013,TV-Y7,64 min,Children & Family Movies,9
s413,Movie,Chhota Bheem and the Incan Adventure,Unknown,2013,TV-Y7,65 min,Children & Family Movies,9
s414,Movie,Chhota Bheem and The ShiNobi Secret,Unknown,2013,TV-Y7,64 min,Children & Family Movies,9
s415,Movie,Chhota Bheem Aur Hanuman,Unknown,2012,TV-Y7,68 min,Children & Family Movies,9
s416,Movie,Chhota Bheem aur Krishna,India,2009,TV-Y7,68 min,Children & Family Movies,9
s417,Movie,Chhota Bheem aur Krishna vs Zimbara,Unknown,2013,TV-Y7,64 min,Children & Family Movies,9
s418,Movie,Chhota Bheem in African Safari,Unknown,2015,TV-Y7,62 min,Children & Family Movies,9
s419,Movie,Chhota Bheem Ka Roosi Romanch,Unknown,2019,TV-Y,63 min,Children & Family Movies,9
s420,Movie,Chhota Bheem: Bheem vs Aliens,Unknown,2010,TV-Y7,69 min,"Children & Family Movies, Sports Movies",9
s421,Movie,Chhota Bheem: Dholakpur to Kathmandu,Unknown,2012,TV-Y7,70 min,Children & Family Movies,9
s422,Movie,Chhota Bheem: Dus Pe Dus,Unknown,2014,TV-Y7,63 min,Children & Family Movies,9
s423,Movie,Chhota Bheem: Journey to Petra,Unknown,2011,TV-Y7,68 min,Children & Family Movies,9
s424,Movie,Chhota Bheem: Master of Shaolin,Unknown,2011,TV-Y7,74 min,Children & Family Movies,9
s425,Movie,Chhota Bheem: The Rise of Kirmada,Unknown,2012,TV-Y7,68 min,Children & Family Movies,9
s427,Movie,Cousins,New Zealand,2021,TV-MA,99 min,Dramas,4
s428,Movie,Wannabe Courageous,Unknown,2019,TV-14,90 min,"Comedies, International Movies",17
s429,Movie,Words Bubble Up Like Soda Pop,Unknown,2021,TV-G,87 min,"Anime Features, Children & Family Movies, International Movies",15
s430,Movie,Sanitation Day,Nigeria,2020,TV-14,105 min,"Dramas, International Movies, Thrillers",17
s433,Movie,Trollhunters: Rise of the Titans,Unknown,2021,TV-Y7,106 min,Children & Family Movies,12
s434,Movie,Milkwater,United States,2020,TV-MA,102 min,"Comedies, Dramas, Independent Movies",1
s437,Movie,The Tambour of Retribution,Saudi Arabia,2021,TV-14,91 min,"Dramas, International Movies, Romantic Movies",17
s438,Movie,Cosmic Sin,United States,2021,R,88 min,Action & Adventure,14
s439,Movie,2 Weeks in Lagos,Unknown,2020,TV-PG,107 min,"Dramas, International Movies, Romantic Movies",0
s440,Movie,Deep,Thailand,2021,TV-MA,101 min,"Dramas, International Movies, Thrillers",4
s442,Movie,Fear Street Part 3: 1666,Unknown,2021,R,114 min,"Horror Movies, LGBTQ Movies",14
s444,Movie,La ley de Herodes,Unknown,1999,R,123 min,"Comedies, International Movies",3
s446,Movie,The Beguiled,United States,2017,R,94 min,"Dramas, Independent Movies, Thrillers",10
s447,Movie,The Book of Henry,United States,2017,PG-13,105 min,Dramas,2
s448,Movie,The Twilight Saga: Breaking Dawn: Part 1,United States,2011,PG-13,117 min,"Dramas, Romantic Movies",2
s449,Movie,The Twilight Saga: Breaking Dawn: Part 2,United States,2012,PG-13,115 min,"Dramas, Romantic Movies",2
s450,Movie,The Twilight Saga: Eclipse,United States,2010,PG-13,124 min,"Dramas, Romantic Movies",2
s451,Movie,The Twilight Saga: New Moon,United States,2009,PG-13,131 min,"Dramas, Romantic Movies",2
s452,Movie,Twilight,United States,2008,PG-13,122 min,"Action & Adventure, Dramas, Romantic Movies",2
s453,Movie,A Perfect Fit,Indonesia,2021,TV-PG,113 min,"Comedies, Dramas, International Movies",0
s455,Movie,Cheech & Chong's Still Smokin,Unknown,1983,TV-MA,91 min,"Comedies, Cult Movies",18
s456,Movie,Emicida: AmarElo - Live in São Paulo,Unknown,2021,TV-MA,100 min,"Documentaries, International Movies, Music & Musicals",15
s458,Movie,Lift Like a Girl,"Egypt, Denmark, Germany",2021,TV-PG,93 min,"Documentaries, International Movies, Sports Movies",0
s459,Movie,My Amanda,Unknown,2021,TV-14,90 min,"Dramas, International Movies, Romantic Movies",17
s461,Movie,Surf's Up,"United States, Canada",2007,PG,86 min,"Children & Family Movies, Comedies, Sports Movies",12
s462,Movie,The Unknown Saint,Unknown,2019,TV-14,100 min,"Comedies, Dramas, Independent Movies",17
s463,Movie,This Changes Everything,United States,2019,TV-MA,96 min,Documentaries,11
s464,Movie,A Classic Horror Story,Italy,2021,TV-MA,95 min,"Horror Movies, International Movies",15
s465,Movie,Gunpowder Milkshake,Unknown,2021,R,115 min,"Action & Adventure, Comedies",14
s468,Movie,Private Network: Who Killed Manuel Buendía?,Unknown,2021,TV-MA,100 min,"Documentaries, International Movies",15
s469,Movie,The Guide to the Perfect Family,Unknown,2021,TV-MA,102 min,"Comedies, Dramas, International Movies",8
s470,Movie,American Woman,"United States, Canada",2019,TV-MA,87 min,"Dramas, Independent Movies",1
s471,Movie,Bridgerton - The Afterparty,Unknown,2021,TV-14,39 min,Movies,16
s472,Movie,Day of Destiny,Unknown,2021,TV-PG,110 min,"Children & Family Movies, Dramas, International Movies",0
s474,Movie,Born to Play,United States,2020,TV-MA,93 min,"Documentaries, Sports Movies",11
s475,Movie,American Ultra,"United States, Switzerland",2015,R,96 min,"Action & Adventure, Comedies",14
s476,Movie,The Stand-Up,Unknown,2019,TV-MA,93 min,Stand-Up Comedy,7
s477,Movie,The Tour,Unknown,2016,TV-MA,93 min,"Comedies, Documentaries, International Movies",8
s480,Movie,Fear Street Part 2: 1978,Unknown,2021,R,111 min,Horror Movies,14
s481,Movie,Finding Hubby,Unknown,2020,TV-14,105 min,"Comedies, Dramas, International Movies",17
s482,Movie,How I Became a Superhero,Unknown,2021,TV-MA,101 min,"Action & Adventure, Dramas, International Movies",4
s484,Movie,Last Summer,Unknown,2021,TV-MA,102 min,"Dramas, International Movies, Romantic Movies",4
s485,Movie,Lee Su-geun: The Sense Coach,Unknown,2021,TV-G,46 min,Stand-Up Comedy,16
s486,Movie,Lethal Love,Unknown,2021,TV-14,89 min,Thrillers,17
s487,Movie,Ratchet and Clank,"Hong Kong, Canada, United States",2016,PG,94 min,"Children & Family Movies, Comedies, Sci-Fi & Fantasy",12
s490,Movie,Back to Q82,"Kuwait, United States",2017,TV-14,104 min,"Comedies, International Movies",17
s492,Movie,Home Again,United States,2017,PG-13,97 min,"Comedies, Dramas, Romantic Movies",2
s493,Movie,Midnight Sun,United States,2018,PG-13,91 min,"Dramas, Romantic Movies",2
s495,Movie,Rock the Kasbah,United States,2015,R,106 min,"Comedies, Music & Musicals",14
s496,Movie,Awon Boyz,Unknown,2019,TV-MA,38 min,"Documentaries, International Movies",16
s497,Movie,Brick Mansions,"France, Canada, United States, Spain",2014,PG-13,90 min,"Action & Adventure, International Movies",2
s499,Movie,Clash,Unknown,2020,TV-MA,87 min,"Dramas, International Movies",4
s501,Movie,Major Grom: Plague Doctor,Unknown,2021,TV-MA,138 min,"Action & Adventure, International Movies",6
s502,Movie,Mama Drama,Unknown,2020,TV-MA,105 min,"Dramas, International Movies",4
s503,Movie,Tango With Me,Nigeria,2010,TV-14,104 min,"Dramas, International Movies, Romantic Movies",17
s506,Movie,Therapy,Unknown,2020,TV-PG,85 min,"Dramas, International Movies",0
s507,Movie,This Little Love Of Mine,Australia,2021,TV-G,92 min,"International Movies, Romantic Movies",15
s508,Movie,Three Thieves,Unknown,2019,TV-14,108 min,"Comedies, International Movies",17
s509,Movie,A Land Imagined,"France, Netherlands, Singapore",2019,TV-MA,95 min,"Dramas, International Movies",4
s519,Movie,Har Kisse Ke Hisse: Kaamyaab,India,2020,TV-14,105 min,"Dramas, International Movies",17
s529,Movie,Rehmataan,India,2012,TV-14,116 min,"Dramas, International Movies, Romantic Movies",19
s530,Movie,Return of the Prodigal Son,Egypt,1976,TV-MA,124 min,"Dramas, International Movies",13
s532,Movie,Rise: Ini Kalilah,Malaysia,2018,TV-PG,101 min,"Dramas, International Movies",0
s535,Movie,Si Doel the Movie 2,Indonesia,2019,TV-G,95 min,"Dramas, International Movies",4
s542,Movie,Truckbhar Swapna,India,2018,TV-14,128 min,"Comedies, Dramas, International Movies",19
s543,Movie,Ujala,India,1959,TV-14,143 min,"Dramas, International Movies",13
s551,Movie,Fear Street Part 1: 1994,Unknown,2021,R,107 min,"Horror Movies, LGBTQ Movies",14
s552,Movie,Haseen Dillruba,India,2021,TV-MA,136 min,"International Movies, Romantic Movies, Thrillers",6
s553,Movie,Holiday on Mars,Unknown,2020,TV-MA,94 min,"Comedies, International Movies",8
s555,Movie,RattleSnake - The Ahanna Story,Nigeria,2020,TV-MA,136 min,"Dramas, International Movies, Thrillers",6
s556,Movie,Snowpiercer,"South Korea, Czech Republic",2013,R,126 min,"Action & Adventure, Cult Movies, International Movies",14
s557,Movie,The 8th Night,South Korea,2021,TV-14,116 min,"Horror Movies, International Movies, Thrillers",17
s558,Movie,Winchester,"Australia, United States",2018,PG-13,100 min,"Horror Movies, Sci-Fi & Fantasy",2
s559,Movie,6 Bullets,United States,2012,R,115 min,Action & Adventure,14
s560,Movie,Air Force One,"United States, Germany",1997,R,125 min,Action & Adventure,3
s561,Movie,Audible,Unknown,2021,PG-13,39 min,"Documentaries, Sports Movies",16
s562,Movie,Austin Powers in Goldmember,United States,2002,PG-13,94 min,"Action & Adventure, Comedies",3
s563,Movie,Austin Powers: International Man of Mystery,United States,1997,PG-13,90 min,Comedies,3
s564,Movie,Austin Powers: The Spy Who Shagged Me,United States,1999,PG-13,95 min,"Action & Adventure, Comedies, Sci-Fi & Fantasy",3
s565,Movie,Boogie Nights,United States,1997,R,155 min,"Comedies, Dramas, Independent Movies",3
s567,Movie,Charlie's Angels,"United States, Germany",2000,PG-13,98 min,"Action & Adventure, Comedies",3
s568,Movie,Congo,United States,1995,PG-13,108 min,"Action & Adventure, Thrillers",3
s569,Movie,Dennis the Menace,United States,1993,PG,96 min,"Children & Family Movies, Comedies",3
s570,Movie,Dreamy Eyes,Vietnam,2019,TV-14,117 min,"Dramas, International Movies, Romantic Movies",17
s571,Movie,Dynasty Warriors,Unknown,2021,TV-14,118 min,"Action & Adventure, International Movies",17
s573,Movie,Hampstead,"United Kingdom, Belgium",2019,PG-13,103 min,"Comedies, Dramas, International Movies",8
s574,Movie,Kung Fu Panda,"United States, China",2008,PG,94 min,"Children & Family Movies, Comedies",12
s575,Movie,Kung Fu Panda 2,"United States, China",2011,PG,93 min,"Children & Family Movies, Comedies",12
s576,Movie,Life as We Know It,United States,2010,PG-13,115 min,"Comedies, Dramas, Romantic Movies",2
s577,Movie,Mary Magdalene,"United Kingdom, Australia, United States",2019,R,120 min,"Dramas, Faith & Spirituality, International Movies",10
s579,Movie,Memoirs of a Geisha,"France, Japan, United States",2005,PG-13,145 min,"Dramas, Romantic Movies",2
s580,Movie,Midnight Run,United States,1988,R,126 min,"Action & Adventure, Classic Movies, Comedies",3
s581,Movie,Mobile Suit Gundam Hathaway,Unknown,2021,TV-14,96 min,"Action & Adventure, Anime Features, International Movies",17
s582,Movie,Mortal Kombat,United States,1995,PG-13,101 min,"Action & Adventure, Sci-Fi & Fantasy",3
s583,Movie,Mother's Day,United States,2016,PG-13,118 min,"Comedies, Dramas",2
s584,Movie,No Strings Attached,"United States, United Kingdom",2011,R,109 min,"Comedies, Romantic Movies",14
s585,Movie,Not Another Teen Movie,United States,2001,R,89 min,Comedies,3
s586,Movie,Ophelia,"United Kingdom, United States",2018,PG-13,106 min,"Dramas, Romantic Movies",2
s587,Movie,Pet Sematary 2,Unknown,1992,R,101 min,Horror Movies,18
s590,Movie,Red Joan,United Kingdom,2019,R,101 min,"Dramas, International Movies",10
s592,Movie,Seven Pounds,United States,2008,PG-13,123 min,"Dramas, Romantic Movies",2
s593,Movie,She's Out of My League,United States,2010,R,106 min,"Comedies, Romantic Movies",14
s594,Movie,Snow Day,United States,2000,PG,89 min,"Children & Family Movies, Comedies",12
s595,Movie,Star Trek,"United States, Germany",2009,PG-13,128 min,"Action & Adventure, Sci-Fi & Fantasy",2
s596,Movie,Stuart Little,"Germany, United States",1999,PG,85 min,"Children & Family Movies, Comedies",3
s597,Movie,Sword of Trust,United States,2019,R,89 min,"Comedies, Dramas, Independent Movies",10
s598,Movie,Talladega Nights: The Ballad of Ricky Bobby,United States,2006,PG-13,108 min,"Action & Adventure, Comedies, Sports Movies",2
s599,Movie,The American,"United States, United Kingdom",2010,R,105 min,"Dramas, Thrillers",10
s600,Movie,The Best of Enemies,United States,2019,PG-13,133 min,Dramas,2
s601,Movie,The Game,United States,1997,R,129 min,Thrillers,3
s602,Movie,The Karate Kid,United States,1984,PG,127 min,"Action & Adventure, Children & Family Movies, Classic Movies",18
s603,Movie,The Karate Kid Part II,United States,1986,PG,113 min,"Action & Adventure, Children & Family Movies, Dramas",18
s604,Movie,The Karate Kid Part III,United States,1989,PG,112 min,"Children & Family Movies, Dramas",18
s605,Movie,The Life of David Gale,"United Kingdom, Germany, Spain, United States",2003,R,130 min,Dramas,10
s606,Movie,The Long Riders,United States,1980,R,100 min,Action & Adventure,18
s607,Movie,The Queen,"United Kingdom, United States, France, Italy",2006,PG-13,103 min,"Dramas, International Movies",2
s608,Movie,The Strangers,United States,2008,R,85 min,"Horror Movies, Thrillers",14
s609,Movie,The Sum of All Fears,"United States, Germany, Canada",2002,PG-13,124 min,Action & Adventure,3
s610,Movie,The Tourist,"United States, France, Italy, United Kingdom",2010,PG-13,103 min,"Action & Adventure, Romantic Movies",2
s611,Movie,Underworld,"United States, United Kingdom, Germany, Hungary",2003,R,121 min,"Action & Adventure, Horror Movies, Sci-Fi & Fantasy",3
s612,Movie,Underworld: Awakening,"United States, Canada",2012,R,89 min,"Action & Adventure, Horror Movies, Sci-Fi & Fantasy",14
s613,Movie,Underworld: Rise of the Lycans,"United States, New Zealand",2009,R,92 min,"Action & Adventure, Horror Movies, Sci-Fi & Fantasy",14
s614,Movie,Voiceless,Nigeria,2020,TV-MA,112 min,"Dramas, International Movies, Thrillers",4
s615,Movie,What Dreams May Come,"United States, New Zealand",1998,PG-13,114 min,"Dramas, Romantic Movies, Sci-Fi & Fantasy",3
s616,Movie,Why Do Fools Fall in Love,United States,1998,R,116 min,"Dramas, Music & Musicals, Romantic Movies",3
s617,Movie,Working Title,Unknown,2019,R,110 min,Dramas,10
s619,Movie,America: The Motion Picture,United States,2021,TV-MA,98 min,"Action & Adventure, Comedies",1
s620,Movie,Deranged,Unknown,2020,TV-14,98 min,"Dramas, International Movies",17
s623,Movie,Lying and Stealing,United States,2019,R,100 min,Thrillers,14
s624,Movie,Mommy Issues,Unknown,2021,TV-MA,90 min,"Comedies, Dramas, International Movies",8
s625,Movie,Prime Time,Unknown,2021,TV-MA,92 min,"Dramas, International Movies, Thrillers",4
s630,Movie,A Way Back Home,Unknown,2020,TV-14,82 min,"Dramas, International Movies",17
s631,Movie,Killing Them Softly,United States,2012,R,97 min,Dramas,10
s633,Movie,Wanted,Unknown,2019,TV-14,90 min,"Comedies, International Movies",17
s634,Movie,Into the Wind,Unknown,2018,TV-MA,76 min,"Dramas, Independent Movies, International Movies",4
s635,Movie,Wonder Boy,France,2019,TV-14,83 min,"Documentaries, International Movies",17
s636,Movie,Here Comes the Rain,Lebanon,2010,TV-MA,101 min,"Dramas, International Movies",4
s637,Movie,The Ice Road,"United States, Canada",2021,PG-13,109 min,Action & Adventure,2
s642,Movie,Sisters on Track,Unknown,2021,PG,97 min,"Documentaries, Sports Movies",11
s644,Movie,The Seventh Day,United States,2021,R,87 min,Horror Movies,14
s645,Movie,Good on Paper,Unknown,2021,TV-MA,94 min,"Comedies, Romantic Movies",8
s646,Movie,Murder by the Coast,Unknown,2021,TV-14,89 min,"Documentaries, International Movies",17
s647,Movie,The House of Flowers: The Movie,Unknown,2021,TV-MA,88 min,"Comedies, International Movies, Music & Musicals",8
s650,Movie,Broken,Unknown,2019,TV-14,108 min,"Dramas, International Movies, Romantic Movies",17
s651,Movie,O Vendedor de Sonhos,Brazil,2016,TV-14,96 min,"Dramas, International Movies",17
s652,Movie,Osuofia in London,Nigeria,2003,TV-MA,84 min,"Comedies, Dramas, International Movies",8
s653,Movie,Osuofia in London II,Unknown,2004,TV-14,70 min,"Comedies, Dramas, International Movies",17
s655,Movie,#Selfie,Romania,2014,TV-MA,125 min,"Comedies, Dramas, International Movies",8
s656,Movie,#Selfie 69,Romania,2016,TV-MA,119 min,"Comedies, Dramas, International Movies",8
s657,Movie,Love Is a Story,Romania,2015,TV-MA,105 min,"International Movies, Music & Musicals, Romantic Movies",15
s671,Movie,Mobile Suit Gundam II: Soldiers of Sorrow,Unknown,1981,TV-14,133 min,"Action & Adventure, Anime Features, International Movies",18
s672,Movie,Mobile Suit Gundam III: Encounters in Space,Unknown,1982,TV-MA,140 min,"Action & Adventure, Anime Features, International Movies",18
s673,Movie,Mobile Suit Gundam: Char's Counterattack,Unknown,1988,TV-14,120 min,"Action & Adventure, Anime Features, International Movies",18
s684,Movie,A Family,Unknown,2021,TV-MA,135 min,"Dramas, International Movies",6
s686,Movie,Fatherhood,United States,2021,PG-13,111 min,Dramas,2
s688,Movie,Jagame Thandhiram,Unknown,2021,TV-MA,159 min,"Action & Adventure, Dramas, International Movies",6
s689,Movie,Kambili: The Whole 30 Yards,Nigeria,2020,TV-14,119 min,"Comedies, International Movies, Romantic Movies",17
s690,Movie,Mobile Suit Gundam I,Unknown,1981,TV-14,139 min,"Action & Adventure, Anime Features, Classic Movies",13
s691,Movie,Rurouni Kenshin: The Final,Unknown,2021,TV-14,137 min,"Action & Adventure, International Movies",19
s694,Movie,Ali & Ratu Ratu Queens,Unknown,2021,TV-14,101 min,"Comedies, Dramas, International Movies",17
s695,Movie,Aziza,"Lebanon, Syria",2019,TV-PG,13 min,"Comedies, Dramas, Independent Movies",16
s696,Movie,Besieged Bread,Unknown,2015,TV-14,12 min,"Dramas, International Movies",16
s699,Movie,Fan Girl,Philippines,2020,TV-MA,101 min,"Dramas, Independent Movies, International Movies",4
s702,Movie,Red Snow,Canada,2019,TV-MA,96 min,Dramas,4
s703,Movie,Silver Linings Playbook,United States,2012,R,122 min,"Comedies, Dramas, Independent Movies",10
s705,Movie,A Man For The Week End,Unknown,2018,TV-14,95 min,"Comedies, Dramas, International Movies",17
s706,Movie,Biking Borders,Germany,2019,TV-14,89 min,"Documentaries, International Movies, Sports Movies",17
s709,Movie,Lowriders,United States,2016,PG-13,98 min,"Dramas, Independent Movies",2
s712,Movie,Security,Italy,2021,TV-MA,119 min,"Dramas, International Movies, Thrillers",4
s713,Movie,Silver Skates,Unknown,2020,TV-MA,138 min,"Action & Adventure, Dramas, International Movies",6
s717,Movie,FTA,United States,1972,TV-MA,104 min,Documentaries,13
s718,Movie,Headspace: Unwind Your Mind,Unknown,2021,TV-G,273 min,Documentaries,5
s719,Movie,Life of Crime,United States,2013,R,101 min,"Comedies, Independent Movies",14
s722,Movie,Rogue Warfare: Death of a Nation,United States,2020,R,99 min,Action & Adventure,14
s723,Movie,Sir! No Sir!,United States,2005,TV-MA,84 min,Documentaries,11
s725,Movie,The Reason I Jump,"United States, United Kingdom",2021,TV-14,82 min,Documentaries,11
s728,Movie,Picture a Scientist,United States,2020,TV-MA,97 min,Documentaries,11
s729,Movie,The Devil Below,United States,2021,TV-MA,89 min,Horror Movies,1
s730,Movie,Bling Empire - The Afterparty,Unknown,2021,TV-MA,36 min,Movies,16
s731,Movie,Cobra Kai - The Afterparty,Unknown,2021,TV-MA,34 min,Movies,16
s733,Movie,To All the Boys: Always and Forever - The Afterparty,Unknown,2021,TV-MA,36 min,Movies,16
s736,Movie,Sarbath,India,2021,TV-PG,113 min,"Comedies, Dramas, International Movies",0
s737,Movie,Skater Girl,"United States, India",2021,PG,110 min,"Children & Family Movies, Dramas, International Movies",12
s739,Movie,Trese After Dark,Unknown,2021,TV-14,36 min,"Anime Features, Documentaries",16
s740,Movie,Wish Dragon,"China, United States, Canada",2021,PG,102 min,"Children & Family Movies, Comedies",12
s741,Movie,A Haunted House 2,United States,2014,R,86 min,"Comedies, Horror Movies",14
s742,Movie,Blind Intersections,"Lebanon, United Arab Emirates",2012,TV-MA,91 min,"Dramas, International Movies",4
s743,Movie,Camellia Sisters,Vietnam,2021,TV-MA,117 min,"Dramas, International Movies",4
s744,Movie,Copenhagen,"Canada, United States, Denmark",2014,TV-MA,99 min,"Dramas, Independent Movies, Romantic Movies",1
s746,Movie,Until Midnight,United Arab Emirates,2019,TV-14,77 min,"International Movies, Thrillers",17
s747,Movie,Awake,United States,2021,TV-MA,97 min,"Dramas, Thrillers",1
s748,Movie,Confusion Na Wa,Nigeria,2013,TV-MA,106 min,"Comedies, Dramas, International Movies",8
s751,Movie,Tragic Jungle,"Mexico, France, Colombia",2021,TV-MA,97 min,"Dramas, Independent Movies, International Movies",4
s753,Movie,Vampire Academy,"United States, United Kingdom",2014,PG-13,104 min,"Action & Adventure, Comedies, Sci-Fi & Fantasy",2
s755,Movie,A Private War,"United Kingdom, United States",2018,R,110 min,"Dramas, Independent Movies",10
s756,Movie,Kitty Love: An Homage to Cats,Netherlands,2021,TV-G,61 min,"Children & Family Movies, Documentaries, International Movies",16
s757,Movie,Small Chops,Nigeria,2020,TV-MA,98 min,"Dramas, International Movies, Romantic Movies",4
s758,Movie,Breaking Boundaries: The Science Of Our Planet,United States,2021,TV-PG,74 min,Documentaries,11
s760,Movie,Fireplace 4K: Classic Crackling Fireplace from Fireplace for Your Home,Unknown,2015,TV-G,60 min,Movies,16
s761,Movie,Fireplace 4K: Crackling Birchwood from Fireplace for Your Home,Unknown,2015,TV-G,60 min,Movies,16
s763,Movie,Sweet & Sour,South Korea,2021,TV-14,103 min,"Comedies, International Movies, Romantic Movies",17
s765,Movie,Trippin' with the Kandasamys,South Africa,2021,TV-14,94 min,"Comedies, International Movies, Romantic Movies",17
s766,Movie,Xtreme,Spain,2021,TV-MA,112 min,"Action & Adventure, International Movies",15
s767,Movie,Alan Saldaña: Locked Up,Mexico,2021,TV-MA,49 min,Stand-Up Comedy,7
s769,Movie,Dancing Queens,Sweden,2021,TV-MA,111 min,"Comedies, Dramas, International Movies",8
s770,Movie,From Stress to Happiness,Argentina,2020,TV-G,58 min,"Documentaries, International Movies",16
s771,Movie,Myriam Fares: The Journey,United Arab Emirates,2021,TV-14,72 min,"Documentaries, International Movies, Music & Musicals",17
s774,Movie,The Girl and the Gun,Philippines,2019,TV-MA,78 min,"Dramas, International Movies, Thrillers",4
s775,Movie,2 Hearts,United States,2020,PG-13,101 min,"Dramas, Faith & Spirituality, Romantic Movies",2
s776,Movie,A Perfect Ending,United States,2012,TV-MA,110 min,"Dramas, Independent Movies, LGBTQ Movies",1
s777,Movie,American Outlaws,United States,2001,PG-13,94 min,Action & Adventure,3
s778,Movie,And Then Came Lola,United States,2009,TV-MA,70 min,"Comedies, Independent Movies, LGBTQ Movies",1
s780,Movie,Battlefield Earth,United States,2000,PG-13,118 min,"Action & Adventure, Cult Movies, Sci-Fi & Fantasy",3
s782,Movie,Black Holes | The Edge of All We Know,Unknown,2021,TV-14,99 min,Documentaries,11
s783,Movie,Bliss,"Canada, United States",1997,R,103 min,"Dramas, Romantic Movies",3
s784,Movie,Carnaval,Brazil,2021,TV-MA,95 min,"Comedies, International Movies, Music & Musicals",8
s785,Movie,Cloudburst,"United States, Canada",2011,TV-MA,93 min,"Comedies, Dramas, Independent Movies",1
s787,Movie,Company of Heroes,United States,2013,R,101 min,"Action & Adventure, Dramas",10
s788,Movie,Cradle 2 the Grave,United States,2003,R,101 min,Action & Adventure,3
s789,Movie,Domestic Disturbance,United States,2001,PG-13,89 min,Thrillers,3
s791,Movie,Dream/Killer,United States,2015,TV-MA,109 min,Documentaries,11
s792,Movie,Felon,United States,2008,R,104 min,"Action & Adventure, Dramas",10
s793,Movie,Flipped,United States,2010,PG,90 min,"Comedies, Dramas, Romantic Movies",12
s794,Movie,Fools Rush In,United States,1997,PG-13,109 min,"Comedies, Romantic Movies",3
s795,Movie,Gold Statue,Nigeria,2019,TV-14,145 min,"Comedies, Dramas, International Movies",19
s797,Movie,Hostel: Part III,United States,2011,R,88 min,"Cult Movies, Horror Movies",14
s798,Movie,I Am Sam,United States,2001,PG-13,132 min,Dramas,3
s799,Movie,Love Jones,United States,1997,R,109 min,"Comedies, Dramas, Independent Movies",3
s800,Movie,Million Dollar Baby,United States,2004,PG-13,133 min,"Dramas, Sports Movies",2
s801,Movie,Mosquita y Mari,United States,2012,TV-14,85 min,"Dramas, Independent Movies, LGBTQ Movies",1
s802,Movie,Never Back Down 2: The Beatdown,United States,2011,R,104 min,"Action & Adventure, Dramas, Sports Movies",10
s803,Movie,Ninja Assassin,"Germany, United States, France",2009,R,99 min,Action & Adventure,14
s805,Movie,Population 436,"Canada, United States",2006,R,93 min,"Horror Movies, Thrillers",14
s807,Movie,Seven Souls in the Skull Castle: Season Moon Jogen,Unknown,2017,TV-14,204 min,"Action & Adventure, Dramas, International Movies",5
s808,Movie,Seven Souls in the Skull Castle: Season Moon Kagen,Unknown,2017,TV-PG,212 min,"Action & Adventure, Dramas, International Movies",5
s809,Movie,Sniper: Legacy,"United States, Bulgaria",2014,R,98 min,Action & Adventure,14
s810,Movie,Starsky & Hutch,United States,2004,PG-13,101 min,"Action & Adventure, Comedies",3
s811,Movie,Streets of Fire,United States,1984,PG,94 min,"Action & Adventure, Classic Movies, Cult Movies",18
s812,Movie,Super Monsters: Once Upon a Rhyme,Unknown,2021,TV-Y,25 min,Children & Family Movies,9
s813,Movie,Swordfish,United States,2001,R,99 min,Action & Adventure,3
s815,Movie,The Four Seasons,United States,1981,PG,108 min,"Comedies, Romantic Movies",18
s816,Movie,The Girl King,Unknown,2015,TV-MA,106 min,"Dramas, International Movies, LGBTQ Movies",4
s817,Movie,The Interpreter,"United Kingdom, France, Germany, United States",2005,PG-13,128 min,Thrillers,2
s818,Movie,The Meddler,United States,2015,PG-13,104 min,"Comedies, Dramas, Independent Movies",2
s819,Movie,The Mirror Has Two Faces,United States,1996,PG-13,127 min,"Comedies, Dramas, Romantic Movies",3
s820,Movie,The Outlaw Josey Wales,United States,1976,PG,136 min,"Action & Adventure, Classic Movies",13
s822,Movie,The Wedding Guest,United Kingdom,2018,R,97 min,"Dramas, Romantic Movies, Thrillers",10
s823,Movie,The Wind,United States,2019,R,88 min,Horror Movies,14
s824,Movie,Then Came You,United States,2019,TV-MA,97 min,"Comedies, Dramas, Independent Movies",1
s825,Movie,Welcome Home,United States,2018,R,97 min,Thrillers,14
s827,Movie,Bo Burnham: Inside,United States,2021,TV-MA,88 min,Stand-Up Comedy,7
s828,Movie,One Lagos Night,Unknown,2021,TV-14,103 min,"Comedies, International Movies",17
s829,Movie,Collateral Beauty,United States,2016,PG-13,97 min,Dramas,2
s830,Movie,Dog Gone Trouble,Unknown,2021,TV-Y7,88 min,"Children & Family Movies, Comedies",9
s835,Movie,Blue Miracle,United States,2021,TV-PG,97 min,"Children & Family Movies, Dramas, Faith & Spirituality",12
s837,Movie,Ghost Lab,Thailand,2021,TV-MA,118 min,"Horror Movies, International Movies, Thrillers",15
s839,Movie,Soy Rada: Serendipity,Argentina,2021,TV-MA,70 min,Stand-Up Comedy,7
s840,Movie,The Day I lost My Shadow,"Syria, France, Lebanon, Qatar",2018,TV-MA,91 min,"Dramas, Independent Movies, International Movies",4
s841,Movie,Baggio: The Divine Ponytail,Italy,2021,TV-MA,92 min,"Dramas, International Movies, Sports Movies",4
s842,Movie,Gatao - The Last Stray,Unknown,2021,TV-MA,120 min,"Action & Adventure, Dramas, International Movies",6
s845,Movie,Nail Bomber: Manhunt,Unknown,2021,TV-MA,73 min,"Documentaries, International Movies",15
s846,Movie,A Place in the Stars,Unknown,2014,TV-14,110 min,"Dramas, International Movies, Thrillers",17
s847,Movie,Home,United States,2015,PG,94 min,"Children & Family Movies, Comedies, Sci-Fi & Fantasy",12
s850,Movie,Sam Smith: Love Goes - Live at Abbey Road Studios,Unknown,2020,TV-G,61 min,"International Movies, Music & Musicals",16
s851,Movie,99 Songs,India,2021,TV-14,131 min,"Dramas, International Movies, Music & Musicals",19
s852,Movie,99 Songs (Tamil),Unknown,2021,TV-14,131 min,"Dramas, International Movies, Music & Musicals",19
s853,Movie,99 Songs (Telugu),Unknown,2021,TV-14,131 min,"Dramas, International Movies, Music & Musicals",19
s854,Movie,Army of the Dead,United States,2021,R,148 min,"Action & Adventure, Horror Movies",14
s855,Movie,Creating an Army of the Dead,Unknown,2021,TV-MA,29 min,Documentaries,16
s857,Movie,Strain,Unknown,2020,TV-MA,107 min,"Dramas, International Movies",4
s859,Movie,678,Unknown,2009,TV-14,99 min,"Dramas, Independent Movies, International Movies",17
s860,Movie,Asmaa,Egypt,2011,TV-14,92 min,"Dramas, International Movies",17
s861,Movie,Hating Peter Tatchell,Australia,2020,TV-MA,91 min,"Documentaries, International Movies, LGBTQ Movies",15
s862,Movie,Little Singham Future mein Satakli,Unknown,2021,TV-Y7,47 min,"Children & Family Movies, Comedies",9
s864,Movie,Spy Kids: All the Time in the World,United States,2011,PG,88 min,"Children & Family Movies, Comedies",12
s865,Movie,Taxi No. 9211,Unknown,2006,TV-14,116 min,"Dramas, International Movies, Thrillers",17
s866,Movie,Sabotage,United States,2014,R,109 min,"Action & Adventure, Dramas",10
s867,Movie,Small Town Crime,United States,2017,R,92 min,Thrillers,14
s868,Movie,The Last Days,United States,1998,PG-13,87 min,Documentaries,3
s871,Movie,Amy Tan: Unintended Memoir,United States,2021,TV-14,101 min,Documentaries,11
s872,Movie,Sardar Ka Grandson,India,2021,TV-14,140 min,"Comedies, Dramas, International Movies",19
s873,Movie,Sleight,United States,2016,R,89 min,"Dramas, Independent Movies, Sci-Fi & Fantasy",10
s874,Movie,Ahaan,India,2021,TV-MA,81 min,"Dramas, Independent Movies, International Movies",4
s876,Movie,Love or Money,Unknown,2020,TV-MA,116 min,"Dramas, International Movies, Romantic Movies",4
s878,Movie,Cinema Bandi,India,2021,TV-MA,99 min,"Comedies, Independent Movies, International Movies",8
s879,Movie,Ferry,"Belgium, Netherlands",2021,TV-MA,107 min,"Dramas, International Movies, Thrillers",4
s882,Movie,I Am All Girls,South Africa,2021,TV-MA,107 min,"Dramas, International Movies, Thrillers",4
s883,Movie,Jungle Beat: The Movie,Mauritius,2021,TV-Y7,90 min,"Children & Family Movies, Comedies",12
s886,Movie,Table Manners,"Canada, South Africa",2018,TV-MA,104 min,"Comedies, Dramas, International Movies",8
s888,Movie,The Strange House,Austria,2020,TV-MA,100 min,"Horror Movies, International Movies, Thrillers",15
s889,Movie,The Upshaws - The Afterparty,Unknown,2021,TV-14,32 min,Comedies,16
s890,Movie,The Woman in the Window,United States,2021,R,102 min,"Dramas, Thrillers",10
s892,Movie,Layer Cake,United Kingdom,2004,R,105 min,"Independent Movies, International Movies, Thrillers",10
s893,Movie,Tottaa Pataaka Item Maal,India,2018,TV-MA,107 min,"Dramas, Independent Movies, International Movies",4
s894,Movie,Wave of Cinema: Filosofi Kopi,Unknown,2020,TV-14,64 min,"Documentaries, International Movies, Music & Musicals",16
s895,Movie,Dance of the Forty One,"Mexico, Brazil",2021,TV-MA,99 min,"Dramas, Independent Movies, International Movies",4
s896,Movie,Oxygen,"France, United States",2021,TV-14,102 min,"Dramas, International Movies, Thrillers",17
s899,Movie,Dear Affy,Unknown,2020,TV-14,126 min,"Comedies, Dramas, International Movies",19
s900,Movie,Illegal Woman,Spain,2020,TV-MA,119 min,"Dramas, International Movies",4
s902,Movie,Deadly Switch,United States,2019,TV-PG,86 min,"Independent Movies, Thrillers",1
s904,Movie,Nayattu,India,2021,TV-MA,122 min,"Dramas, International Movies, Thrillers",6
s905,Movie,Sleepless,United States,2017,R,95 min,Action & Adventure,14
s906,Movie,Super Me,China,2021,TV-14,104 min,"Action & Adventure, Dramas, International Movies",17
s907,Movie,Have You Ever Seen Fireflies? - Theatre Play,Turkey,1999,TV-MA,118 min,"Dramas, International Movies",4
s908,Movie,In Our Mothers' Gardens,United States,2020,TV-MA,85 min,Documentaries,11
s910,Movie,Milestone,India,2021,TV-14,98 min,"Dramas, Independent Movies, International Movies",17
s911,Movie,Monster,United States,2021,TV-MA,99 min,Dramas,1
s913,Movie,The Circle - The Afterparty,Unknown,2021,TV-14,35 min,Comedies,16
s914,Movie,Time to Dance,India,2020,TV-PG,107 min,"Dramas, International Movies, Romantic Movies",0
s915,Movie,Unrest,"United Kingdom, United States",2017,TV-MA,97 min,Documentaries,11
s916,Movie,And Tomorrow the Entire World,"Germany, France",2020,TV-MA,112 min,"Dramas, International Movies, Thrillers",4
s917,Movie,Dead Man Down,United States,2013,R,118 min,Action & Adventure,14
s918,Movie,Framing John DeLorean,United States,2019,TV-MA,109 min,"Documentaries, Dramas",11
s923,Movie,The Clovehitch Killer,United States,2018,TV-MA,109 min,"Dramas, Independent Movies, Thrillers",1
s925,Movie,Aliens Stole My Body,United States,2020,PG,88 min,"Children & Family Movies, Comedies",12
s927,Movie,Au coeur des gangs,United States,2006,R,97 min,"Action & Adventure, Dramas",10
s929,Movie,Best of the Best,United States,1989,PG-13,97 min,"Action & Adventure, Sports Movies",18
s930,Movie,Dead Again in Tombstone,Unknown,2017,R,99 min,"Action & Adventure, Horror Movies",14
s931,Movie,Due Date,United States,2010,R,95 min,"Action & Adventure, Comedies",14
s932,Movie,Fun with Dick & Jane,United States,2005,PG-13,91 min,Comedies,2
s933,Movie,Green Zone,"United Kingdom, France, Spain, United States",2010,R,115 min,Action & Adventure,14
s934,Movie,Hachi: A Dog's Tale,"United Kingdom, United States",2009,G,93 min,"Children & Family Movies, Dramas",12
s935,Movie,JT LeRoy,"United Kingdom, Canada, United States",2018,R,109 min,"Dramas, Independent Movies",10
s936,Movie,Madagascar 3: Europe's Most Wanted,United States,2012,PG,96 min,"Children & Family Movies, Comedies",12
s938,Movie,Motu Patlu in Dragon's World,Unknown,2017,TV-Y7,78 min,"Children & Family Movies, Comedies",9
s939,Movie,Motu Patlu in the Game of Zones,Unknown,2019,TV-Y7,87 min,"Children & Family Movies, Comedies, Music & Musicals",9
s940,Movie,Motu Patlu in Wonderland,Unknown,2013,TV-Y7,76 min,"Children & Family Movies, Music & Musicals",9
s941,Movie,Motu Patlu: Deep Sea Adventure,Unknown,2014,TV-Y7,76 min,"Children & Family Movies, Comedies",9
s942,Movie,Motu Patlu: Mission Moon,Unknown,2013,TV-Y7,71 min,"Children & Family Movies, Comedies",9
s943,Movie,Mystic River,"United States, Australia",2003,R,138 min,"Dramas, Thrillers",10
s944,Movie,Never Back Down,United States,2008,PG-13,113 min,"Action & Adventure, Dramas, Sports Movies",2
s945,Movie,S.M.A.R.T Chase,China,2018,TV-MA,94 min,Action & Adventure,15
s946,Movie,Sitting in Limbo,United Kingdom,2020,TV-MA,89 min,"Dramas, International Movies",4
s947,Movie,Stargate,"United States, France",1994,PG-13,121 min,"Action & Adventure, Sci-Fi & Fantasy",3
s948,Movie,State of Play,"United States, United Kingdom, France",2009,PG-13,127 min,"Dramas, Thrillers",2
s949,Movie,Swiped,United States,2018,TV-14,94 min,Comedies,17
s950,Movie,The Darkest Hour,"United States, Russia",2011,PG-13,89 min,"Action & Adventure, Sci-Fi & Fantasy",2
s951,Movie,The Lovely Bones,"United States, United Kingdom, New Zealand",2009,PG-13,136 min,"Dramas, International Movies, Sci-Fi & Fantasy",2
s952,Movie,The Sweetest Thing,United States,2002,R,89 min,"Comedies, Romantic Movies",3
s953,Movie,The Whole Nine Yards,United States,2000,R,99 min,"Action & Adventure, Comedies",3
s954,Movie,The Whole Truth,United States,2016,R,93 min,"Dramas, Thrillers",10
s955,Movie,The Yeti Adventures,Canada,2018,TV-PG,85 min,"Children & Family Movies, Comedies",12
s956,Movie,Under Siege,"France, United States",1992,R,102 min,Action & Adventure,3
s957,Movie,Zack and Miri Make a Porno,United States,2008,R,101 min,"Comedies, Independent Movies, Romantic Movies",14
s959,Movie,Seven,Unknown,2019,TV-14,113 min,"Dramas, International Movies",17
s960,Movie,The Disciple,India,2021,TV-MA,128 min,"Dramas, Independent Movies, International Movies",6
s962,Movie,The Mitchells vs. The Machines,Unknown,2021,PG,114 min,"Children & Family Movies, Comedies",12
s963,Movie,The Strangers: Prey at Night,"United States, United Kingdom",2018,R,85 min,Horror Movies,14
s965,Movie,Things Heard & Seen,Unknown,2021,TV-MA,121 min,"Horror Movies, Thrillers",15
s967,Movie,Get the Grift,Brazil,2021,TV-MA,95 min,"Comedies, International Movies",8
s970,Movie,August: Osage County,United States,2014,R,121 min,Dramas,10
s971,Movie,Battle: Los Angeles,United States,2011,PG-13,116 min,"Action & Adventure, Sci-Fi & Fantasy",2
s972,Movie,Between Worlds,Spain,2018,R,91 min,Thrillers,14
s974,Movie,One,India,2020,TV-PG,149 min,"Dramas, International Movies",6
s975,Movie,Ram Prasad Ki Tehrvi,India,2019,TV-14,113 min,"Dramas, Independent Movies, International Movies",19
s976,Movie,Shadow and Bone - The Afterparty,United States,2021,TV-14,33 min,"Action & Adventure, Comedies, Dramas",16
s977,Movie,Among Family,Turkey,2017,TV-14,127 min,"Comedies, International Movies",17
s978,Movie,Dedemin Fisi,Turkey,2016,TV-14,101 min,"Comedies, International Movies",17
s979,Movie,Deliha,Turkey,2014,TV-MA,102 min,"Comedies, International Movies, Romantic Movies",8
s980,Movie,Düğün Dernek,Turkey,2013,TV-MA,102 min,"Comedies, International Movies",8
s981,Movie,Dügün Dernek 2: Sünnet,Turkey,2015,TV-MA,107 min,"Comedies, International Movies",8
s982,Movie,G.O.R.A,Turkey,2004,TV-MA,123 min,"Action & Adventure, Comedies, International Movies",8
s983,Movie,Hayat Öpücügü,Turkey,2015,TV-14,98 min,"Comedies, Dramas, International Movies",17
s984,Movie,Heroes: Silence and Rock & Roll,Spain,2021,TV-MA,95 min,"Documentaries, International Movies, Music & Musicals",15
s985,Movie,Kara Bela,Turkey,2015,TV-MA,101 min,"Comedies, International Movies",8
s986,Movie,Kocan Kadar Konus,Turkey,2015,TV-MA,104 min,"Comedies, International Movies, Romantic Movies",8
s987,Movie,Kocan Kadar Konus 2: Dirilis,Turkey,2016,TV-14,104 min,"Comedies, International Movies, Romantic Movies",17
s988,Movie,Legal Hash,Unknown,2019,TV-MA,103 min,"Comedies, International Movies",8
s990,Movie,My Travel Buddy,Turkey,2017,TV-MA,111 min,"Comedies, International Movies",8
s991,Movie,Niyazi Gül Dörtnala,Turkey,2015,TV-MA,102 min,"Comedies, International Movies",8
s992,Movie,One Like It,Egypt,2020,TV-G,15 min,"Dramas, Independent Movies, International Movies",16
s993,Movie,Perfume Imaginary Museum “Time Warp”,Unknown,2020,TV-G,54 min,"International Movies, Music & Musicals",16
s995,Movie,This Lady Called Life,Nigeria,2020,TV-14,120 min,"Dramas, International Movies, Romantic Movies",17
s996,Movie,Vizontele,Turkey,2001,TV-MA,106 min,"Comedies, Dramas, International Movies",8
s997,Movie,HOMUNCULUS,Japan,2021,TV-MA,116 min,"Horror Movies, International Movies, Thrillers",15
s999,Movie,Searching For Sheela,India,2021,TV-14,58 min,"Documentaries, International Movies",16
s1000,Movie,Stowaway,"Germany, United States",2021,TV-MA,116 min,"Dramas, International Movies, Thrillers",4
s1001,Movie,Wild Dog,Unknown,2020,TV-MA,126 min,"Action & Adventure, International Movies",6
s1002,Movie,Oloibiri,"Canada, Nigeria, United States",2015,TV-14,86 min,"Dramas, International Movies, Thrillers",17
s1003,Movie,Tell Me When,Mexico,2021,TV-MA,97 min,"Comedies, International Movies",8
s1006,Movie,Keymon and Nani in Space Adventure,Unknown,2013,TV-Y,76 min,"Children & Family Movies, Comedies",9
s1007,Movie,Motu Patlu Dino Invasion,Unknown,2018,TV-Y7,80 min,"Children & Family Movies, Comedies",9
s1008,Movie,Motu Patlu in Octupus World,Unknown,2017,TV-Y,81 min,"Children & Family Movies, Comedies",9
s1009,Movie,Motu Patlu VS Robo Kids,Unknown,2019,TV-Y,84 min,Children & Family Movies,9
s1010,Movie,Rudra: Secret of the Black Moon,Unknown,2020,TV-Y7,87 min,Children & Family Movies,9
s1011,Movie,Rudra: The Rise of King Pharaoh,Unknown,2019,TV-Y7,91 min,Children & Family Movies,9
s1012,Movie,Free to Play,United States,2014,TV-14,76 min,Documentaries,11
s1014,Movie,Miss Sloane,"France, United States, United Kingdom, Canada",2016,R,132 min,Thrillers,10
s1016,Movie,American Me,United States,1992,R,126 min,Dramas,3
s1017,Movie,Delhi Belly,India,2011,TV-MA,101 min,"Action & Adventure, Comedies, International Movies",8
s1018,Movie,Dhobi Ghat (Mumbai Diaries),India,2010,TV-MA,102 min,"Dramas, International Movies",4
s1019,Movie,Jaane Tu... Ya Jaane Na,India,2008,TV-14,147 min,"Comedies, International Movies, Music & Musicals",19
s1020,Movie,Lagaan,"India, United Kingdom",2001,PG,224 min,"Dramas, International Movies, Music & Musicals",5
s1021,Movie,Madness in the Desert,India,2004,TV-14,141 min,"Documentaries, International Movies",19
s1022,Movie,Peepli Live,India,2010,TV-MA,109 min,"Comedies, Dramas, Independent Movies",1
s1023,Movie,Taare Zameen Par,India,2007,PG,162 min,"Dramas, International Movies",5
s1024,Movie,Ajeeb Daastaans,India,2021,TV-MA,142 min,"Dramas, Independent Movies, International Movies",6
s1025,Movie,Arlo the Alligator Boy,United States,2021,TV-Y7,93 min,"Children & Family Movies, Comedies, Music & Musicals",12
s1027,Movie,Barbie & Chelsea: The Lost Birthday,United States,2021,TV-Y,60 min,Children & Family Movies,9
s1028,Movie,Crimson Peak,"Canada, United States, Mexico",2015,R,119 min,"Horror Movies, Romantic Movies, Sci-Fi & Fantasy",14
s1029,Movie,Dad Stop Embarrassing Me - The Afterparty,Unknown,2021,TV-14,37 min,Comedies,16
s1030,Movie,Doctor Bello,United States,2013,TV-MA,96 min,"Dramas, International Movies",4
s1031,Movie,Four Sisters Before the Wedding,Philippines,2020,TV-MA,116 min,"Children & Family Movies, Comedies, Dramas",8
s1032,Movie,Into the Beat,Germany,2020,TV-14,102 min,"Dramas, International Movies, Romantic Movies",17
s1034,Movie,Rush,"United Kingdom, Germany, United States",2013,R,123 min,"Action & Adventure, Dramas, International Movies",10
s1035,Movie,Synchronic,United States,2020,R,102 min,Thrillers,14
s1036,Movie,The Zookeeper's Wife,"Czech Republic, United Kingdom, United States",2017,PG-13,127 min,Dramas,2
s1037,Movie,Time Trap,United States,2017,TV-14,88 min,"Action & Adventure, Sci-Fi & Fantasy",14
s1038,Movie,Tuesdays & Fridays,India,2021,TV-14,106 min,"Comedies, Dramas, International Movies",17
s1040,Movie,Dark City Beneath the Beat,United States,2020,TV-MA,65 min,"Documentaries, Music & Musicals",11
s1042,Movie,GANTZ:O,Japan,2016,TV-MA,96 min,"Action & Adventure, Anime Features, Horror Movies",15
s1047,Movie,Only Mine,United States,2019,TV-14,88 min,Thrillers,11
s1051,Movie,Ride or Die,Japan,2021,TV-MA,143 min,"Dramas, International Movies, LGBTQ Movies",6
s1053,Movie,The Master,United States,2012,R,137 min,"Dramas, Independent Movies",10
s1054,Movie,Time Is Illmatic,United States,2014,TV-MA,75 min,"Documentaries, Music & Musicals",11
s1055,Movie,Wave of Cinema: One Day We'll Talk About Today,Unknown,2020,TV-14,71 min,"Documentaries, International Movies, Music & Musicals",16
s1056,Movie,Zoot Suit,United States,1981,R,103 min,"Cult Movies, Dramas, Music & Musicals",18
s1067,Movie,The Soul,"China, Taiwan",2021,TV-MA,130 min,"Dramas, International Movies, Thrillers",6
s1070,Movie,Uppena,India,2020,TV-14,145 min,"Dramas, International Movies, Romantic Movies",19
s1071,Movie,Why Did You Kill Me?,United States,2021,TV-MA,84 min,Documentaries,11
s1072,Movie,Motu Patlu in Hong Kong: Kung Fu Kings 3,Unknown,2017,TV-Y7,84 min,"Children & Family Movies, Music & Musicals",9
s1073,Movie,Motu Patlu in the City of Gold,Unknown,2018,TV-Y7,77 min,"Children & Family Movies, Comedies, Music & Musicals",9
s1074,Movie,Motu Patlu Kung Fu Kings 4 The Challenge of Kung Fu Brothers,Unknown,2018,TV-Y7,86 min,"Children & Family Movies, Music & Musicals",9
s1075,Movie,Motu Patlu the Superheroes – Super Villains from Mars,Unknown,2019,TV-Y7,79 min,Children & Family Movies,9
s1077,Movie,Shiva VS Autobots,Unknown,2018,TV-Y7,80 min,Children & Family Movies,9
s1078,Movie,Shiva: Journey to Plunotaria,Unknown,2019,TV-Y7,81 min,Children & Family Movies,9
s1079,Movie,Shiva: The Secret World Of Vedas City,Unknown,2017,TV-Y,78 min,Children & Family Movies,9
s1081,Movie,New Gods: Nezha Reborn,China,2021,TV-14,118 min,"Action & Adventure, Anime Features, International Movies",17
s1084,Movie,The Stand-In,United States,2020,R,102 min,Comedies,14
s1086,Movie,Night in Paradise,South Korea,2021,TV-MA,132 min,"Dramas, International Movies",6
s1087,Movie,Ojukokoro: Greed,Nigeria,2016,TV-MA,108 min,"Dramas, International Movies, Thrillers",4
s1088,Movie,Roohi,India,2021,TV-14,133 min,"Comedies, Horror Movies, International Movies",19
s1089,Movie,Thunder Force,United States,2021,PG-13,107 min,"Action & Adventure, Comedies",2
s1090,Movie,Two Distant Strangers,United States,2021,TV-MA,32 min,Dramas,16
s1091,Movie,Story of Kale: When Someone's in Love,Indonesia,2020,TV-PG,78 min,"Dramas, International Movies, Romantic Movies",0
s1093,Movie,Dolly Parton: A MusiCares Tribute,Unknown,2021,TV-PG,55 min,"Documentaries, Music & Musicals",16
s1097,Movie,The Last Kids on Earth: Happy Apocalypse to You,Unknown,2021,TV-Y7,92 min,"Children & Family Movies, Comedies",12
s1098,Movie,Coded Bias,"United States, China, United Kingdom",2020,TV-MA,86 min,Documentaries,11
s1099,Movie,Mandela,India,2021,TV-14,140 min,"Comedies, Dramas, International Movies",19
s1100,Movie,The Fisherman's Diary,Cameroon,2020,TV-MA,143 min,"Dramas, International Movies",6
s1101,Movie,What Lies Below,United States,2020,TV-MA,88 min,"Horror Movies, Thrillers",1
s1102,Movie,Escape from Planet Earth,"United States, Canada",2013,PG,89 min,"Children & Family Movies, Comedies, Sci-Fi & Fantasy",12
s1103,Movie,Accepted,United States,2006,PG-13,93 min,Comedies,2
s1104,Movie,Air Strike,China,2018,R,97 min,"Action & Adventure, Dramas, International Movies",10
s1105,Movie,An American Girl: McKenna Shoots for the Stars,"United States, Canada",2012,TV-Y,94 min,"Children & Family Movies, Comedies, Dramas",12
s1106,Movie,Concrete Cowboy,"United Kingdom, United States",2021,R,112 min,"Dramas, Independent Movies",10
s1107,Movie,Cross: Rise of the Villains,United States,2019,R,100 min,Action & Adventure,14
s1108,Movie,God Calling,Nigeria,2018,TV-MA,120 min,"Dramas, Faith & Spirituality, International Movies",4
s1109,Movie,Irul,India,2021,TV-MA,91 min,"International Movies, Thrillers",15
s1110,Movie,Just Say Yes,Netherlands,2021,TV-MA,98 min,"Comedies, International Movies, Romantic Movies",8
s1111,Movie,Madame Claude,France,2021,TV-MA,113 min,"Dramas, International Movies",4
s1112,Movie,Wild Child,"United States, United Kingdom, France",2008,PG-13,98 min,"Comedies, Romantic Movies",2
s1113,Movie,Woody Woodpecker,United States,2017,PG,91 min,"Children & Family Movies, Comedies",12
s1114,Movie,2012,United States,2009,PG-13,158 min,"Action & Adventure, Sci-Fi & Fantasy",2
s1115,Movie,3 Idiots,India,2009,PG-13,164 min,"Comedies, Dramas, International Movies",5
s1116,Movie,Ferrari Ki Sawaari,India,2012,TV-PG,133 min,"Comedies, International Movies, Sports Movies",0
s1118,Movie,Ibrahim a Fate to Define,"Lebanon, Palestine, Denmark, Qatar",2019,TV-PG,75 min,"Documentaries, International Movies",16
s1119,Movie,Insidious,"United States, Canada",2010,PG-13,103 min,"Horror Movies, Thrillers",2
s1120,Movie,Into the Grizzly Maze,"United States, Canada",2015,R,90 min,"Action & Adventure, Horror Movies",14
s1121,Movie,Kingsglaive: Final Fantasy XV,"Japan, United States",2016,PG-13,116 min,"Action & Adventure, Sci-Fi & Fantasy",2
s1122,Movie,Legally Blonde,United States,2001,PG-13,96 min,"Comedies, Romantic Movies",3
s1123,Movie,Madam Chief Minister,India,2020,TV-14,121 min,"Dramas, International Movies",19
s1125,Movie,Maximum Risk,United States,1996,R,101 min,Action & Adventure,3
s1127,Movie,My Fair Lady,United States,1964,G,173 min,"Classic Movies, Music & Musicals",13
s1129,Movie,S.W.A.T.: Under Siege,United States,2017,R,89 min,"Action & Adventure, International Movies",14
s1131,Movie,Seven Souls in the Skull Castle: Season Bird,Unknown,2017,TV-14,182 min,"Action & Adventure, Dramas, International Movies",19
s1132,Movie,Seven Souls in the Skull Castle: Season Flower,Japan,2017,TV-14,181 min,"Action & Adventure, Dramas, International Movies",19
s1133,Movie,Seven Souls in the Skull Castle: Season Wind,Unknown,2017,TV-14,185 min,"Action & Adventure, Dramas, International Movies",19
s1134,Movie,Sniper: Ghost Shooter,United States,2016,R,99 min,Action & Adventure,14
s1135,Movie,Starship Troopers: Traitor of Mars,"United States, Japan",2017,R,88 min,"Action & Adventure, Sci-Fi & Fantasy",14
s1136,Movie,Takers,United States,2010,PG-13,107 min,Action & Adventure,2
s1137,Movie,Tersanjung the Movie,Indonesia,2021,TV-14,114 min,"Dramas, International Movies, Romantic Movies",17
s1138,Movie,The Knight and the Princess,"Egypt, Saudi Arabia",2019,TV-PG,96 min,"Action & Adventure, International Movies, Music & Musicals",0
s1139,Movie,The Pianist,"United Kingdom, France, Poland, Germany, United States",2002,R,149 min,"Dramas, Independent Movies, International Movies",10
s1140,Movie,The Stepfather,United States,2009,PG-13,102 min,"Horror Movies, Thrillers",2
s1141,Movie,Universal Soldier: The Return,United States,1999,R,83 min,Action & Adventure,3
s1142,Movie,Wazir,India,2016,TV-14,98 min,"Dramas, International Movies, Thrillers",17
s1143,Movie,White Boy,United States,2017,TV-MA,83 min,Documentaries,11
s1145,Movie,Yes Man,"United States, United Kingdom",2008,PG-13,104 min,"Comedies, Romantic Movies",2
s1146,Movie,At Eternity's Gate,"Ireland, Switzerland, United Kingdom, France, United States",2018,PG-13,111 min,Dramas,2
s1148,Movie,Not a Game,United Kingdom,2020,TV-MA,98 min,"Documentaries, International Movies, Sports Movies",15
s1151,Movie,7 Yards: The Chris Norton Story,United States,2021,TV-PG,93 min,Documentaries,11
s1152,Movie,Octonauts & the Ring of Fire,"China, United Kingdom",2021,TV-Y,73 min,Children & Family Movies,9
s1154,Movie,Mandela: Long Walk to Freedom,"United Kingdom, South Africa, France",2013,PG-13,141 min,"Dramas, International Movies",6
s1155,Movie,Lawless,United States,2012,R,116 min,Dramas,10
s1156,Movie,Marked,Nigeria,2021,TV-PG,21 min,"Documentaries, International Movies",16
s1157,Movie,A Week Away,United States,2021,TV-PG,98 min,"Children & Family Movies, Faith & Spirituality, Music & Musicals",12
s1158,Movie,Bad Trip,United States,2021,TV-MA,87 min,Comedies,1
s1160,Movie,Black Is Beltza,Unknown,2018,TV-MA,87 min,"Dramas, International Movies",4
s1161,Movie,Croupier,"Ireland, United Kingdom, France, Germany",1998,TV-MA,95 min,"Dramas, Independent Movies, Thrillers",3
s1162,Movie,Elizabeth and Margaret: Love and Loyalty,United Kingdom,2020,TV-PG,87 min,Documentaries,11
s1163,Movie,Keeping the Bees,Turkey,2020,TV-14,93 min,"Dramas, International Movies",17
s1165,Movie,Ni de coña,Spain,2020,TV-MA,97 min,"Comedies, International Movies",8
s1166,Movie,Pagglait,India,2021,TV-PG,114 min,"Comedies, Dramas, International Movies",0
s1168,Movie,Caught by a Wave,Italy,2021,TV-14,100 min,"Dramas, International Movies, Romantic Movies",17
s1171,Movie,Secret Magic Control Agency,"Russia, United States",2021,TV-Y7,105 min,"Children & Family Movies, Comedies",12
s1172,Movie,Seaspiracy,United States,2021,TV-14,90 min,Documentaries,11
s1173,Movie,Loyiso Gola: Unlearning,South Africa,2021,TV-MA,60 min,Stand-Up Comedy,7
s1176,Movie,Philomena,"United Kingdom, United States, France",2013,PG-13,98 min,"Dramas, Independent Movies, International Movies",2
s1177,Movie,Any Crybabies Around?,Japan,2020,TV-MA,108 min,"Dramas, International Movies",4
s1178,Movie,Hospital,Taiwan,2020,TV-MA,90 min,"Horror Movies, International Movies",15
s1179,Movie,Jiu Jitsu,United States,2020,R,102 min,Action & Adventure,14
s1184,Movie,Reframe THEATER EXPERIENCE with you,Unknown,2020,TV-G,84 min,"International Movies, Music & Musicals",15
s1185,Movie,The Yin Yang Master,China,2021,TV-14,120 min,"Action & Adventure, International Movies",17
s1186,Movie,Who's the Boss,Nigeria,2020,TV-MA,106 min,"Comedies, International Movies, Romantic Movies",8
s1188,Movie,Deadly Illusions,United States,2021,R,115 min,Thrillers,14
s1189,Movie,Get the Goat,Brazil,2021,TV-14,98 min,"Action & Adventure, Comedies, International Movies",17
s1190,Movie,Nate Bargatze: The Greatest Average American,United States,2021,TV-G,60 min,Stand-Up Comedy,7
s1191,Movie,Skylines,"United Kingdom, United States",2020,R,113 min,Action & Adventure,14
s1192,Movie,The Fluffy Movie,United States,2014,PG-13,101 min,Stand-Up Comedy,2
s1193,Movie,The Present,"United Kingdom,",2020,TV-MA,24 min,"Dramas, International Movies",16
s1194,Movie,Wave of Cinema: 90's Generation,Unknown,2020,TV-PG,51 min,"Documentaries, International Movies, Music & Musicals",16
s1195,Movie,Catch.er,Nigeria,2017,TV-14,80 min,"Dramas, International Movies, Thrillers",17
s1196,Movie,Operation Varsity Blues: The College Admissions Scandal,United States,2021,R,100 min,Documentaries,11
s1198,Movie,Get on Up,"United Kingdom, United States",2014,PG-13,139 min,"Dramas, Music & Musicals",2
s1199,Movie,RebellComedy: Straight Outta the Zoo,Germany,2021,TV-MA,74 min,Stand-Up Comedy,7
s1200,Movie,Savages,United States,2012,R,131 min,"Dramas, Thrillers",10
s1203,Movie,C/O Kaadhal,India,2021,TV-14,131 min,"Dramas, International Movies, Romantic Movies",19
s1204,Movie,The BFG,"United States, India, United Kingdom",2016,PG,118 min,"Children & Family Movies, Dramas",12
s1205,Movie,The Last Blockbuster,United States,2020,TV-14,87 min,Documentaries,11
s1208,Movie,Audrey,Unknown,2020,TV-14,101 min,Documentaries,11
s1209,Movie,Çarsi Pazar,Turkey,2015,TV-MA,97 min,"Comedies, International Movies",8
s1210,Movie,Just In Time,Kenya,2020,TV-G,92 min,"Comedies, Dramas, International Movies",8
s1212,Movie,Mucize,Turkey,2015,TV-14,136 min,"Dramas, International Movies",19
s1213,Movie,Paper Lives,Turkey,2021,TV-MA,97 min,"Dramas, International Movies",4
s1215,Movie,Quiet,Unknown,2020,TV-MA,103 min,"Dramas, International Movies, Music & Musicals",4
s1216,Movie,Romantik Komedi,Turkey,2010,TV-MA,110 min,"Comedies, International Movies, Romantic Movies",8
s1217,Movie,Romantik Komedi 2: Bekarlığa Veda,Turkey,2013,TV-MA,105 min,"Comedies, International Movies, Romantic Movies",8
s1219,Movie,YES DAY,United States,2021,PG,90 min,"Children & Family Movies, Comedies",12
s1220,Movie,You're Everything To Me,Turkey,2016,TV-PG,107 min,"Comedies, Dramas, Independent Movies",0
s1221,Movie,Coven of Sisters,"Spain, Argentina",2021,TV-MA,92 min,"Dramas, Independent Movies, International Movies",4
s1222,Movie,Generasi 90an: Melankolia,Indonesia,2020,TV-14,94 min,"Dramas, International Movies",17
s1223,Movie,The Block Island Sound,United States,2020,TV-MA,99 min,"Horror Movies, Independent Movies",1
s1229,Movie,Bombay Rose,"India, United Kingdom, France, Qatar",2021,PG-13,97 min,"Dramas, Independent Movies, International Movies",4
s1231,Movie,Aelay,India,2021,TV-14,151 min,"Comedies, Dramas, Independent Movies",19
s1233,Movie,Dogwashers,Colombia,2021,TV-MA,108 min,"Comedies, Dramas, International Movies",8
s1234,Movie,Fate of Alakada,Nigeria,2020,TV-14,113 min,"Comedies, International Movies",17
s1237,Movie,Sentinelle,France,2021,TV-MA,81 min,"Action & Adventure, Dramas, International Movies",4
s1238,Movie,Mariposa,Indonesia,2020,TV-14,116 min,"Comedies, International Movies, Romantic Movies",17
s1240,Movie,Parker,United States,2013,R,119 min,Action & Adventure,14
s1241,Movie,Safe Haven,United States,2013,PG-13,116 min,"Dramas, Romantic Movies",2
s1242,Movie,Moxie,United States,2021,PG-13,112 min,"Comedies, Dramas, Music & Musicals",2
s1244,Movie,Black or White,United States,2014,PG-13,121 min,Dramas,2
s1245,Movie,Indoo Ki Jawani,India,2020,TV-14,115 min,"Action & Adventure, Comedies, International Movies",19
s1248,Movie,Banyuki,Unknown,2009,TV-PG,182 min,"Action & Adventure, Dramas, International Movies",5
s1249,Movie,Biggie: I Got a Story to Tell,United States,2021,R,98 min,"Documentaries, Music & Musicals",11
s1250,Movie,Blanche Gardin: The All-Nighter,Unknown,2021,TV-MA,96 min,Stand-Up Comedy,7
s1251,Movie,Connected,Unknown,2021,TV-G,42 min,"Documentaries, International Movies, Music & Musicals",16
s1252,Movie,Dances with Wolves,"United States, United Kingdom",1990,PG-13,181 min,"Action & Adventure, Classic Movies, Dramas",5
s1253,Movie,How to Be Really Bad,Germany,2018,TV-14,100 min,"Comedies, International Movies",17
s1254,Movie,LEGO Marvel Spider-Man: Vexed by Venom,United States,2019,TV-Y,22 min,"Children & Family Movies, Comedies",9
s1255,Movie,Rain Man,United States,1988,R,134 min,"Classic Movies, Dramas",3
s1256,Movie,Seven Souls in the Skull Castle 2011,Unknown,2011,TV-14,177 min,"Action & Adventure, Dramas, International Movies",5
s1257,Movie,Tenacious D in The Pick of Destiny,"United States, Germany",2006,R,94 min,"Comedies, Cult Movies, Music & Musicals",3
s1259,Movie,Bigfoot Family,"Belgium, France",2021,TV-Y7,88 min,"Children & Family Movies, Comedies",12
s1260,Movie,Captain Fantastic,United States,2016,R,119 min,"Comedies, Dramas, Independent Movies",10
s1261,Movie,Crazy About Her,Spain,2021,TV-MA,107 min,"Comedies, International Movies, Romantic Movies",8
s1262,Movie,Fuga,"Argentina, Chile",2006,TV-MA,112 min,"Dramas, Independent Movies, International Movies",4
s1263,Movie,Ginny & Georgia - The Afterparty,Unknown,2021,TV-MA,35 min,"Comedies, Dramas",16
s1264,Movie,No Escape,"United States, Thailand",2015,R,103 min,Action & Adventure,14
s1265,Movie,Our Idiot Brother,United States,2011,R,90 min,"Comedies, Dramas, Independent Movies",10
s1266,Movie,The Girl on the Train,India,2021,TV-MA,120 min,"International Movies, Thrillers",6
s1267,Movie,Tony Manero,"Chile, Brazil",2008,TV-MA,97 min,"Dramas, Independent Movies, International Movies",4
s1268,Movie,Who Am I,Germany,2014,TV-MA,102 min,"International Movies, Thrillers",15
s1270,Movie,Geez & Ann,Indonesia,2021,TV-PG,106 min,"Dramas, International Movies, Romantic Movies",0
s1274,Movie,"Blue, Painful, Fragile",Japan,2020,TV-14,119 min,"International Movies, Thrillers",17
s1277,Movie,M8 - When Death Rescues Life,Unknown,2019,TV-MA,84 min,"Dramas, International Movies",4
s1279,Movie,Brian Regan: On the Rocks,United States,2021,TV-G,58 min,Stand-Up Comedy,7
s1280,Movie,Made You Look: A True Story About Fake Art,Canada,2020,TV-14,90 min,"Documentaries, International Movies",17
s1281,Movie,Pelé,United Kingdom,2021,TV-14,109 min,"Documentaries, International Movies, Sports Movies",17
s1282,Movie,Red,India,2021,TV-14,143 min,"Dramas, International Movies",19
s1284,Movie,The Conjuring,United States,2013,R,112 min,"Horror Movies, Thrillers",14
s1285,Movie,The Conjuring 2,"Canada, United States, United Kingdom",2016,R,134 min,Horror Movies,14
s1287,Movie,Classmates Minus,Taiwan,2020,TV-MA,123 min,"Comedies, Dramas, Independent Movies",1
s1288,Movie,Fate: The Winx Saga - The Afterparty,United Kingdom,2021,TV-14,36 min,"Comedies, Dramas",16
s1289,Movie,Operation Finale,United States,2018,PG-13,123 min,"Dramas, Thrillers",2
s1290,Movie,Wave of Cinema: Surat dari Timur,Unknown,2020,TV-G,58 min,"Documentaries, International Movies, Music & Musicals",16
s1291,Movie,I Care a Lot,"United Kingdom, United States",2021,R,118 min,"Comedies, LGBTQ Movies, Thrillers",14
s1292,Movie,Love,India,2020,TV-14,91 min,"Dramas, Independent Movies, International Movies",17
s1293,Movie,Perú: Tesoro escondido,Uruguay,2017,TV-PG,76 min,"Documentaries, International Movies",16
s1296,Movie,Eeb Allay Ooo!,India,2019,TV-MA,97 min,"Comedies, Dramas, Independent Movies",1
s1298,Movie,No Escape Room,United States,2018,TV-14,85 min,Horror Movies,11
s1304,Movie,The Most Unknown,United States,2018,TV-PG,92 min,Documentaries,11
s1305,Movie,Animals on the Loose: A You vs. Wild Movie,United States,2021,TV-PG,139 min,Children & Family Movies,12
s1306,Movie,Awara Paagal Deewana,India,2002,TV-14,162 min,"Action & Adventure, Comedies, Dramas",5
s1308,Movie,The Resurrection of Gavin Stone,United States,2017,PG,92 min,"Children & Family Movies, Comedies, Dramas",12
s1310,Movie,"My Teacher, My Obsession",United States,2018,TV-14,86 min,Thrillers,11
s1312,Movie,Namaste Wahala,Nigeria,2021,TV-14,107 min,"Comedies, Dramas, International Movies",17
s1313,Movie,Monsoon,United Kingdom,2020,TV-MA,85 min,"Dramas, Independent Movies, LGBTQ Movies",1
s1316,Movie,Hate by Dani Rovira,Spain,2021,TV-MA,83 min,Stand-Up Comedy,7
s1317,Movie,Mundina Nildana,India,2019,TV-MA,104 min,"Dramas, International Movies, Romantic Movies",4
s1319,Movie,To All The Boys: Always And Forever,United States,2021,TV-14,116 min,"Comedies, Romantic Movies",17
s1320,Movie,Xico's Journey,Mexico,2021,TV-Y7,87 min,Children & Family Movies,9
s1323,Movie,Growing up and other problems,Spain,2018,TV-14,91 min,"Comedies, Dramas, International Movies",17
s1324,Movie,Layla Majnun,Indonesia,2020,TV-14,119 min,"Dramas, International Movies, Romantic Movies",17
s1325,Movie,Middle of Nowhere,United States,2012,R,102 min,"Dramas, Independent Movies, Romantic Movies",10
s1326,Movie,Red Dot,Sweden,2021,TV-MA,86 min,"International Movies, Thrillers",15
s1327,Movie,Squared Love,Poland,2021,TV-14,102 min,"Comedies, International Movies, Romantic Movies",17
s1328,Movie,This Is the Life,United States,2008,TV-MA,98 min,"Documentaries, Music & Musicals",11
s1330,Movie,The Misadventures of Hedi and Cokeman,France,2021,TV-MA,99 min,"Comedies, International Movies",8
s1331,Movie,The World We Make,United States,2019,PG,108 min,"Dramas, Romantic Movies",10
s1334,Movie,War Dogs,"United States, Cambodia, Romania",2016,R,114 min,"Comedies, Dramas",10
s1335,Movie,Monster Run,China,2020,TV-14,104 min,"Action & Adventure, International Movies",17
s1337,Movie,Blanche Gardin: I talk to myself,France,2017,TV-MA,88 min,Stand-Up Comedy,7
s1338,Movie,Doob: No Bed of Roses,Bangladesh,2017,TV-PG,104 min,"Dramas, Independent Movies, International Movies",0
s1341,Movie,Little Big Women,Taiwan,2020,TV-14,123 min,"Dramas, International Movies",17
s1342,Movie,Malcolm & Marie,United States,2021,R,106 min,"Dramas, Independent Movies",10
s1343,Movie,Space Sweepers,South Korea,2021,TV-MA,138 min,"Action & Adventure, Dramas, International Movies",6
s1344,Movie,"Strip Down, Rise Up",United States,2021,R,113 min,Documentaries,14
s1345,Movie,The Last Paradiso,Italy,2020,TV-MA,107 min,"Dramas, International Movies, Romantic Movies",4
s1346,Movie,The Yin-Yang Master: Dream Of Eternity,China,2021,TV-14,133 min,"Action & Adventure, International Movies",19
s1347,Movie,All My Friends Are Dead,Poland,2020,TV-MA,97 min,"Comedies, Dramas, International Movies",8
s1348,Movie,Black Beach,"Spain, Belgium, United States",2020,TV-MA,116 min,"Action & Adventure, International Movies",15
s1352,Movie,"Our Lady of San Juan, Four Centuries of Miracles",Mexico,2020,TV-PG,123 min,"Dramas, Faith & Spirituality, International Movies",0
s1354,Movie,Beverly Hills Ninja,United States,1997,PG-13,89 min,"Action & Adventure, Comedies",3
s1358,Movie,Rocks,United Kingdom,2019,TV-MA,93 min,Dramas,4
s1359,Movie,Shutter Island,United States,2010,R,139 min,Thrillers,10
s1360,Movie,The Bank Job,"United Kingdom, United States, Australia",2008,R,112 min,"Dramas, International Movies, Thrillers",10
s1365,Movie,Zathura,United States,2005,PG,101 min,"Children & Family Movies, Sci-Fi & Fantasy",12
s1367,Movie,Fatima,"Portugal, United States",2020,PG-13,113 min,"Dramas, Faith & Spirituality",2
s1368,Movie,Hell Fest,United States,2018,R,89 min,Horror Movies,14
s1369,Movie,Below Zero,Spain,2021,TV-MA,107 min,"Action & Adventure, International Movies",15
s1370,Movie,Finding ‘Ohana,United States,2021,PG,123 min,"Children & Family Movies, Comedies",12
s1371,Movie,The Dig,United Kingdom,2021,PG-13,113 min,"Dramas, International Movies",4
s1373,Movie,June & Kopi,Indonesia,2021,TV-PG,90 min,"Children & Family Movies, Dramas, International Movies",0
s1375,Movie,Accomplice,United States,2021,TV-14,52 min,"Documentaries, International Movies, Sports Movies",16
s1377,Movie,Kilometers and Kilometers,India,2020,TV-MA,127 min,"Comedies, Dramas, Independent Movies",6
s1379,Movie,Penguin Bloom,"Australia, United States",2021,TV-14,95 min,"Children & Family Movies, Dramas",12
s1380,Movie,Black Rose,Nigeria,2018,TV-14,121 min,"Dramas, International Movies",17
s1382,Movie,Hire a Woman,Unknown,2019,TV-14,108 min,"Comedies, International Movies, Romantic Movies",17
s1383,Movie,She Is,Unknown,2019,TV-PG,102 min,"Dramas, International Movies, Romantic Movies",0
s1387,Movie,So My Grandma’s a Lesbian!,"Portugal, Spain",2020,TV-MA,95 min,"Comedies, International Movies, LGBTQ Movies",8
s1388,Movie,The Next Three Days,"United States, France",2010,PG-13,133 min,"Dramas, Thrillers",2
s1389,Movie,The White Tiger,"India, United States",2021,R,127 min,Dramas,10
s1390,Movie,Friendsgiving,United States,2020,R,95 min,Comedies,14
s1391,Movie,The Shadow of Violence,"United Kingdom, Ireland",2020,R,101 min,Dramas,10
s1392,Movie,Cut Throat City,United States,2020,R,123 min,Dramas,10
s1394,Movie,Sightless,United States,2020,TV-14,89 min,Thrillers,11
s1397,Movie,Homefront,United States,2013,R,100 min,Action & Adventure,14
s1398,Movie,A Monster Calls,"United Kingdom, Spain, United States",2016,PG-13,108 min,"Dramas, Sci-Fi & Fantasy",2
s1399,Movie,Death of Me,"United States, Thailand",2020,R,94 min,Horror Movies,14
s1400,Movie,Radium Girls,United States,2018,TV-14,103 min,"Dramas, Independent Movies",1
s1404,Movie,Double Dad,Brazil,2020,TV-G,105 min,"Children & Family Movies, Comedies, Dramas",12
s1406,Movie,Outside the Wire,"Hungary, United States",2021,R,116 min,Action & Adventure,14
s1407,Movie,Penguins of Madagascar: The Movie,United States,2014,PG,92 min,"Children & Family Movies, Comedies",12
s1408,Movie,Pinkfong & Baby Shark's Space Adventure,"United States, South Korea",2019,TV-Y,65 min,Children & Family Movies,9
s1410,Movie,The Vanished,United States,2020,R,115 min,Thrillers,14
s1411,Movie,Tribhanga - Tedhi Medhi Crazy,India,2021,TV-MA,96 min,"Dramas, International Movies",4
s1412,Movie,What Would Sophia Loren Do?,United States,2021,TV-14,32 min,Documentaries,16
s1413,Movie,Wish You,South Korea,2021,TV-PG,102 min,"Dramas, International Movies, LGBTQ Movies",0
s1414,Movie,Tanda Tanya,Indonesia,2011,TV-MA,102 min,"Dramas, International Movies",4
s1415,Movie,The Heartbreak Club,Indonesia,2020,TV-14,101 min,"Comedies, Dramas, International Movies",17
s1416,Movie,An Imperfect Murder,United States,2017,R,71 min,"Dramas, Thrillers",14
s1418,Movie,Al acecho,Argentina,2019,TV-MA,81 min,"International Movies, Thrillers",15
s1419,Movie,Chris Rock Total Blackout: The Tamborine Extended Cut,Unknown,2021,TV-MA,98 min,Stand-Up Comedy,7
s1421,Movie,"Crack: Cocaine, Corruption & Conspiracy",United States,2021,TV-MA,90 min,Documentaries,11
s1422,Movie,The Intouchables,France,2011,R,112 min,"Comedies, Dramas, International Movies",10
s1423,Movie,Apaharan,India,2005,TV-14,161 min,"Dramas, International Movies",5
s1424,Movie,BluffMaster!,India,2005,TV-14,129 min,"Comedies, International Movies, Romantic Movies",19
s1425,Movie,Charming,"Canada, United States, Cayman Islands",2021,TV-Y7,85 min,"Children & Family Movies, Comedies",12
s1426,Movie,Creating The Queen's Gambit,United States,2021,TV-14,14 min,Documentaries,16
s1427,Movie,Gangaajal,India,2003,TV-MA,148 min,"Dramas, International Movies",6
s1429,Movie,Is Love Enough? Sir,"India, France",2018,TV-MA,99 min,"Dramas, Independent Movies, International Movies",4
s1432,Movie,Stuck Apart,Turkey,2021,TV-MA,97 min,"Comedies, Dramas, International Movies",8
s1434,Movie,100% Halal,Indonesia,2020,TV-14,101 min,"Dramas, International Movies",17
s1435,Movie,Leap!,"France, Canada",2016,PG,89 min,"Children & Family Movies, Comedies",12
s1436,Movie,Pieces of a Woman,"Canada, Hungary, United States",2020,R,128 min,Dramas,10
s1437,Movie,Ratones Paranoicos: The Band that Rocked Argentina,Unknown,2021,TV-MA,76 min,"Documentaries, International Movies, Music & Musicals",15
s1439,Movie,Tony Parker: The Final Shot,France,2020,TV-14,99 min,"Documentaries, International Movies, Sports Movies",17
s1442,Movie,Hello Brother,India,1999,TV-14,126 min,"Action & Adventure, Comedies, International Movies",19
s1445,Movie,Playing for Keeps,United States,2012,PG-13,106 min,"Comedies, Romantic Movies, Sports Movies",2
s1446,Movie,Asphalt Burning,Norway,2020,TV-14,101 min,"Action & Adventure, Comedies, International Movies",17
s1447,Movie,Bad Grandpa .5,United States,2014,TV-MA,87 min,Comedies,1
s1448,Movie,Case 39,"United States, Canada",2009,R,111 min,"Horror Movies, Thrillers",14
s1451,Movie,Eddie Murphy: Raw,United States,1987,R,90 min,Stand-Up Comedy,18
s1452,Movie,Full Out 2: You Got This!,United States,2020,TV-Y,91 min,"Children & Family Movies, Dramas, Sports Movies",12
s1453,Movie,Gimme Shelter,United States,2013,PG-13,101 min,"Dramas, Independent Movies",2
s1454,Movie,Good Burger,United States,1997,PG,96 min,"Children & Family Movies, Comedies",3
s1455,Movie,Good Hair,United States,2009,PG-13,96 min,Documentaries,2
s1457,Movie,Into the Wild,United States,2007,R,148 min,"Action & Adventure, Dramas, Independent Movies",10
s1459,Movie,London Heist,United Kingdom,2017,R,96 min,Action & Adventure,14
s1460,Movie,Mean Girls 2,United States,2011,PG-13,98 min,Comedies,2
s1462,Movie,Mystic Pizza,United States,1988,R,104 min,"Comedies, Dramas, Independent Movies",3
s1465,Movie,The Creative Brain,United States,2019,TV-14,53 min,Documentaries,16
s1467,Movie,The Minimalists: Less Is Now,United States,2021,TV-14,54 min,Documentaries,16
s1468,Movie,Unknown,"United Kingdom, Germany, France, United States",2011,PG-13,113 min,"Action & Adventure, Thrillers",2
s1469,Movie,What Happened to Mr. Cha?,South Korea,2021,TV-MA,102 min,"Comedies, International Movies",8
s1470,Movie,What's Eating Gilbert Grape,United States,1993,PG-13,118 min,"Classic Movies, Dramas, Independent Movies",3
s1471,Movie,Alaska Is a Drag,United States,2017,TV-MA,83 min,"Dramas, LGBTQ Movies",1
s1472,Movie,Best of Stand-Up 2020,Unknown,2020,TV-MA,77 min,Stand-Up Comedy,7
s1473,Movie,Bobby Jasoos,India,2014,TV-14,116 min,"Comedies, Dramas, International Movies",19
s1475,Movie,Tarung Sarung,Indonesia,2020,TV-PG,116 min,"Action & Adventure, Dramas, Faith & Spirituality",0
s1476,Movie,Too Handsome to Handle,Indonesia,2019,TV-14,106 min,"Comedies, Dramas, International Movies",17
s1482,Movie,The Rope Curse 2,Taiwan,2020,TV-MA,105 min,"Horror Movies, International Movies",15
s1485,Movie,Cops and Robbers,United States,2020,PG-13,8 min,Dramas,16
s1486,Movie,Rango,"United States, Canada",2011,PG,110 min,"Children & Family Movies, Comedies",12
s1487,Movie,Death to 2020,United States,2020,TV-MA,71 min,Comedies,1
s1489,Movie,DNA,"France, Algeria",2020,TV-MA,91 min,"Dramas, International Movies",4
s1491,Movie,The Magic School Bus Rides Again In the Zone,Canada,2020,TV-Y,46 min,Children & Family Movies,9
s1492,Movie,AK vs AK,India,2020,TV-MA,109 min,"Comedies, Dramas, International Movies",8
s1494,Movie,Isa Pa with Feelings,Philippines,2019,TV-G,102 min,"International Movies, Romantic Movies",17
s1495,Movie,We Can Be Heroes,United States,2020,PG,101 min,"Children & Family Movies, Comedies",12
s1496,Movie,Bridezilla,Indonesia,2019,TV-MA,94 min,"Comedies, Dramas, International Movies",8
s1497,Movie,Cemara's Family,Indonesia,2018,TV-G,110 min,"Children & Family Movies, Dramas, International Movies",4
s1498,Movie,"Hello, Love, Goodbye",Philippines,2019,TV-14,117 min,"Dramas, International Movies, Romantic Movies",17
s1499,Movie,The History of Future Folk,United States,2012,TV-14,85 min,"Action & Adventure, Comedies, Independent Movies",1
s1500,Movie,The Midnight Sky,United States,2020,PG-13,119 min,Dramas,2
s1501,Movie,Your Name Engraved Herein,Taiwan,2020,TV-MA,115 min,"Dramas, International Movies, LGBTQ Movies",4
s1502,Movie,After We Collided,United States,2020,R,105 min,"Dramas, Romantic Movies",10
s1503,Movie,London Hughes: To Catch a D*ck,United States,2020,TV-MA,68 min,Stand-Up Comedy,7
s1505,Movie,QLIMAX THE SOURCE,Netherlands,2020,TV-14,57 min,Music & Musicals,16
s1508,Movie,Shaun the Sheep: The Farmer’s Llamas,United Kingdom,2020,TV-Y,28 min,"Children & Family Movies, Comedies",9
s1510,Movie,"Ariana grande: excuse me, i love you",United States,2020,TV-MA,98 min,"Documentaries, Music & Musicals",11
s1511,Movie,The Con Is On,"United States, United Kingdom",2018,R,95 min,Comedies,14
s1512,Movie,Mohamed Hussein,Egypt,2019,TV-14,96 min,"Comedies, International Movies",17
s1513,Movie,Rhys Nicholson Live at the Athenaeum,United Kingdom,2020,TV-MA,66 min,Stand-Up Comedy,7
s1514,Movie,Atlas Shrugged: Part II,United States,2012,PG-13,112 min,Dramas,2
s1516,Movie,Guest House,United States,2020,R,84 min,Comedies,14
s1518,Movie,Ma Rainey's Black Bottom,United States,2020,R,94 min,"Dramas, Music & Musicals",10
s1519,Movie,Ma Rainey's Black Bottom: A Legacy Brought to Screen,Unknown,2020,TV-PG,32 min,"Documentaries, Music & Musicals",16
s1520,Movie,Mukhsin,Malaysia,2006,TV-PG,98 min,"Children & Family Movies, Comedies, Dramas",0
s1522,Movie,Rabun,Malaysia,2004,TV-PG,85 min,"Dramas, Independent Movies, International Movies",0
s1523,Movie,Talentime,Malaysia,2009,TV-14,120 min,"Dramas, International Movies, Romantic Movies",17
s1524,Movie,An Unremarkable Christmas,Colombia,2020,TV-14,83 min,"Comedies, Dramas, International Movies",17
s1525,Movie,Braven,Canada,2018,R,94 min,Action & Adventure,14
s1526,Movie,Eggnoid: Love & Time Portal,Indonesia,2019,TV-14,102 min,"Dramas, International Movies, Romantic Movies",17
s1527,Movie,Love You to the Stars and Back,Philippines,2017,TV-14,111 min,"Comedies, International Movies, Romantic Movies",17
s1530,Movie,Sakaling Maging Tayo,Philippines,2019,TV-14,90 min,"International Movies, Romantic Movies",17
s1532,Movie,The Wedding Shaman,Unknown,2019,TV-PG,111 min,"Dramas, International Movies, Romantic Movies",0
s1535,Movie,Bwakaw,"Philippines, Canada, United Kingdom, United States",2012,TV-MA,110 min,"Dramas, International Movies, LGBTQ Movies",4
s1537,Movie,Incarnate,United States,2016,PG-13,87 min,"Horror Movies, Thrillers",2
s1538,Movie,Lee Daniels' The Butler,United States,2013,PG-13,132 min,Dramas,2
s1541,Movie,Nocturnal Animals,United States,2016,R,117 min,"Dramas, Thrillers",10
s1543,Movie,Vir Das: Outside In - The Lockdown Special,India,2020,TV-MA,50 min,Stand-Up Comedy,7
s1545,Movie,Grizzlies,Canada,2018,R,106 min,"Dramas, Independent Movies, Sports Movies",10
s1550,Movie,The Professor and the Madman,"Ireland, France, Iceland, United States, Mexico, Belgium, United Kingdom, Hong Kong",2019,TV-14,125 min,"Dramas, Independent Movies",10
s1551,Movie,A California Christmas,United States,2020,PG-13,107 min,"Comedies, Romantic Movies",2
s1554,Movie,The Netflix Afterparty: The Best Shows of The Worst Year,United States,2020,TV-MA,59 min,Comedies,7
s1557,Movie,A Trash Truck Christmas,Unknown,2020,TV-Y,28 min,Children & Family Movies,9
s1558,Movie,Canvas,United States,2020,G,9 min,"Children & Family Movies, Dramas",9
s1559,Movie,Giving Voice,United States,2020,PG-13,91 min,Documentaries,11
s1561,Movie,The Prom,United States,2020,PG-13,132 min,"Comedies, LGBTQ Movies, Music & Musicals",2
s1562,Movie,Torbaaz,India,2020,TV-MA,133 min,"Dramas, International Movies, Sports Movies",6
s1564,Movie,Funny Boy,"Canada, United States",2020,TV-MA,109 min,"Dramas, LGBTQ Movies",1
s1566,Movie,Just The Way You Are,Philippines,2016,TV-G,107 min,"International Movies, Romantic Movies",17
s1567,Movie,She's the One,Philippines,2013,TV-14,111 min,"Dramas, International Movies, Romantic Movies",17
s1568,Movie,The Panti Sisters,Philippines,2019,TV-MA,108 min,"Comedies, International Movies, LGBTQ Movies",8
s1569,Movie,"Kalel, 15",Philippines,2019,TV-MA,105 min,"Dramas, Independent Movies, International Movies",4
s1572,Movie,Rose Island,Italy,2020,TV-14,119 min,"Comedies, Dramas, International Movies",17
s1576,Movie,André & his olive tree,Singapore,2020,TV-PG,104 min,"Documentaries, International Movies",0
s1577,Movie,Bobbleheads The Movie,United States,2020,PG,83 min,"Children & Family Movies, Comedies",12
s1578,Movie,Emicida: AmarElo - It’s All For Yesterday,Brazil,2020,TV-MA,90 min,"Documentaries, International Movies, Music & Musicals",15
s1581,Movie,Spirit Riding Free: Ride Along Adventure,United States,2020,TV-Y7,79 min,Children & Family Movies,9
s1582,Movie,Super Monsters: Santa’s Super Monster Helpers,Unknown,2020,TV-Y,24 min,Children & Family Movies,9
s1583,Movie,Triple 9,United States,2016,R,115 min,"Dramas, Thrillers",10
s1585,Movie,Ava,United States,2020,R,97 min,"Action & Adventure, Dramas",10
s1589,Movie,Mighty Express: A Mighty Christmas,Canada,2020,TV-Y,26 min,Children & Family Movies,9
s1592,Movie,Captain Underpants Mega Blissmas,United States,2020,TV-Y7,46 min,"Children & Family Movies, Comedies",9
s1593,Movie,Christmas Crossfire,Germany,2020,TV-MA,106 min,"Comedies, International Movies, Thrillers",8
s1595,Movie,Leyla Everlasting,Turkey,2020,TV-MA,113 min,"Comedies, International Movies",8
s1596,Movie,MANK,United States,2020,R,133 min,"Dramas, Independent Movies",10
s1598,Movie,You Are My Home,United States,2020,TV-PG,93 min,"Children & Family Movies, Dramas",12
s1599,Movie,Between Maybes,Philippines,2019,TV-14,108 min,"Dramas, International Movies, Romantic Movies",17
s1600,Movie,Break,"France, Belgium",2018,TV-MA,96 min,"Comedies, Dramas, International Movies",8
s1601,Movie,Chico Bon Bon and the Very Berry Holiday,Unknown,2020,TV-Y,25 min,Children & Family Movies,9
s1602,Movie,Just Another Christmas,Brazil,2020,TV-MA,101 min,"Comedies, International Movies",8
s1603,Movie,Must Be... Love,Philippines,2013,TV-14,106 min,"Comedies, Dramas, International Movies",17
s1605,Movie,Ari Eldjárn: Pardon My Icelandic,Iceland,2020,TV-MA,54 min,Stand-Up Comedy,7
s1607,Movie,Fierce,Poland,2020,TV-MA,118 min,"Comedies, Dramas, International Movies",8
s1608,Movie,Hazel Brugger: Tropical,Germany,2020,TV-MA,58 min,Stand-Up Comedy,7
s1609,Movie,3 Days to Kill,"United States, France, Serbia",2014,PG-13,117 min,Action & Adventure,2
s1610,Movie,Angela's Christmas Wish,United States,2020,TV-Y,48 min,Children & Family Movies,9
s1611,Movie,Angels & Demons,"United States, Italy",2009,PG-13,139 min,Thrillers,2
s1613,Movie,Chef,United States,2014,R,115 min,"Comedies, Independent Movies",14
s1614,Movie,Effie Gray,United Kingdom,2014,PG-13,109 min,"Dramas, International Movies, Romantic Movies",2
s1617,Movie,Monster House,United States,2006,PG,91 min,"Children & Family Movies, Comedies",12
s1618,Movie,Natalie Palamides: Nate - A One Man Show,United States,2020,TV-MA,60 min,Comedies,7
s1621,Movie,Peppermint,"Hong Kong, United States",2018,R,102 min,Action & Adventure,14
s1622,Movie,Quigley Down Under,"Australia, United States",1990,PG-13,120 min,Action & Adventure,3
s1625,Movie,The Da Vinci Code,"United States, Malta, France, United Kingdom",2006,PG-13,149 min,Thrillers,2
s1627,Movie,The Happytime Murders,"United States, China, Canada",2018,R,91 min,"Action & Adventure, Comedies",14
s1630,Movie,U-Turn,Philippines,2020,TV-MA,99 min,"Horror Movies, International Movies",15
s1631,Movie,Finding Agnes,Philippines,2020,TV-PG,106 min,"Dramas, International Movies",0
s1632,Movie,Rust Creek,United States,2018,R,108 min,Thrillers,14
s1633,Movie,Spookley and the Christmas Kittens,United States,2019,TV-Y,45 min,Children & Family Movies,9
s1634,Movie,The 2nd,United States,2020,TV-MA,93 min,Action & Adventure,1
s1636,Movie,A Go! Go! Cory Carson Christmas,United States,2020,TV-Y,22 min,Children & Family Movies,9
s1637,Movie,Dance Dreams: Hot Chocolate Nutcracker,United States,2020,TV-PG,81 min,"Children & Family Movies, Documentaries",11
s1638,Movie,Don’t Listen,Spain,2020,TV-MA,98 min,"Horror Movies, International Movies",15
s1643,Movie,The Beast,Italy,2020,TV-MA,100 min,"Action & Adventure, International Movies",15
s1644,Movie,The Call,South Korea,2020,TV-MA,112 min,"International Movies, Thrillers",15
s1645,Movie,Fantastica,Philippines,2018,TV-PG,114 min,"Comedies, International Movies, LGBTQ Movies",0
s1646,Movie,Larry the Cable Guy: Remain Seated,United States,2020,TV-14,68 min,Stand-Up Comedy,7
s1647,Movie,Mosul,United States,2020,TV-MA,103 min,"Action & Adventure, Dramas, International Movies",4
s1648,Movie,Unexpectedly Yours,Philippines,2017,TV-14,121 min,"Comedies, International Movies, Romantic Movies",17
s1649,Movie,Ghosts of War,United Kingdom,2020,R,95 min,Horror Movies,14
s1651,Movie,Shawn Mendes: Live in Concert,"United Kingdom, United States",2020,TV-PG,87 min,Music & Musicals,11
s1652,Movie,The Christmas Chronicles: Part Two,Canada,2020,PG,115 min,"Children & Family Movies, Comedies",12
s1653,Movie,Andhaghaaram,Unknown,2020,TV-14,171 min,"Horror Movies, International Movies, Thrillers",19
s1654,Movie,Andhakaaram,India,2020,TV-14,171 min,"Horror Movies, International Movies, Thrillers",19
s1656,Movie,Dragons: Rescue Riders: Huttsgalor Holiday,United States,2020,TV-Y,46 min,"Children & Family Movies, Comedies",9
s1657,Movie,Hillbilly Elegy,United States,2020,R,117 min,Dramas,10
s1658,Movie,Notes for My Son,Argentina,2020,TV-MA,84 min,"Dramas, International Movies",4
s1660,Movie,Hard Kill,United States,2020,R,98 min,Action & Adventure,14
s1661,Movie,Shawn Mendes: In Wonder,United States,2020,TV-MA,83 min,"Documentaries, Music & Musicals",11
s1663,Movie,The Suit,Egypt,2018,TV-14,97 min,"Action & Adventure, Comedies, International Movies",17
s1664,Movie,Dolly Parton’s Christmas on the Square,United States,2020,TV-PG,99 min,"Children & Family Movies, Music & Musicals",12
s1665,Movie,Machete Kills,"United States, Russia",2013,R,108 min,Action & Adventure,14
s1666,Movie,40 Sticks,Kenya,2019,TV-14,93 min,"International Movies, Thrillers",17
s1667,Movie,Alien Xmas,United States,2020,TV-Y,42 min,Children & Family Movies,9
s1670,Movie,If Anything Happens I Love You,United States,2020,PG,13 min,Dramas,16
s1672,Movie,The App That Stole Christmas,United States,2020,TV-PG,64 min,"Children & Family Movies, Comedies",12
s1674,Movie,Black Friday,India,2004,TV-MA,162 min,"Dramas, International Movies",5
s1675,Movie,Bodyguard,India,2011,TV-14,130 min,"Action & Adventure, Comedies, International Movies",19
s1676,Movie,Break Ke Baad,India,2010,TV-14,108 min,"Comedies, International Movies, Music & Musicals",19
s1677,Movie,Hawaizaada,India,2015,TV-14,129 min,"Dramas, International Movies, Romantic Movies",19
s1678,Movie,My Amnesia Girl,Philippines,2010,TV-14,105 min,"International Movies, Romantic Movies",17
s1679,Movie,Raman Raghav 2.0,India,2016,TV-MA,133 min,"International Movies, Thrillers",6
s1680,Movie,Singham,India,2011,TV-14,142 min,"Action & Adventure, Dramas, International Movies",19
s1681,Movie,TE3N,India,2016,TV-14,128 min,"Dramas, International Movies, Thrillers",19
s1682,Movie,The Princess Switch: Switched Again,United States,2020,TV-G,97 min,"Children & Family Movies, Comedies, Dramas",12
s1683,Movie,Three Words to Forever,Philippines,2018,TV-G,107 min,"Comedies, Dramas, International Movies",8
s1684,Movie,Well Done Abba,India,2009,TV-14,135 min,"Comedies, International Movies",19
s1686,Movie,Ainu Mosir,"United States, Japan",2020,TV-PG,84 min,"Dramas, International Movies",0
s1687,Movie,Kevin Hart: Zero F**ks Given,United States,2020,TV-MA,70 min,Stand-Up Comedy,7
s1690,Movie,Loving,"United Kingdom, United States",2016,PG-13,124 min,"Dramas, Romantic Movies",2
s1691,Movie,Whose Streets?,United States,2017,R,102 min,Documentaries,14
s1692,Movie,A Very Country Christmas,"United States, Canada",2017,TV-G,84 min,"Music & Musicals, Romantic Movies",11
s1695,Movie,Cloudy with a Chance of Meatballs 2,United States,2013,PG,95 min,"Children & Family Movies, Comedies",12
s1696,Movie,Hometown Holiday,Canada,2018,TV-G,84 min,Romantic Movies,12
s1700,Movie,White Christmas,United States,1954,TV-G,120 min,"Children & Family Movies, Classic Movies, Comedies",13
s1701,Movie,Killer Cove,United States,2019,TV-14,87 min,Thrillers,11
s1703,Movie,Fukrey Boyzzz: Space Mein Fukrapanti,India,2020,TV-Y7,75 min,"Children & Family Movies, Comedies",9
s1704,Movie,Jingle Jangle: A Christmas Journey,United States,2020,PG,124 min,"Children & Family Movies, Music & Musicals",12
s1705,Movie,The Beginning of Life 2: Outside,Brazil,2020,TV-PG,92 min,"Documentaries, International Movies",0
s1706,Movie,The Life Ahead,Italy,2020,PG-13,95 min,"Dramas, International Movies",4
s1708,Movie,A Very Special Love,Philippines,2008,TV-G,107 min,"International Movies, Romantic Movies",17
s1710,Movie,First Love,Philippines,2018,TV-MA,123 min,"Dramas, International Movies, Romantic Movies",6
s1711,Movie,Fruitvale Station,United States,2013,R,85 min,"Dramas, Independent Movies",10
s1713,Movie,Ludo,India,2020,TV-MA,150 min,"Comedies, Dramas, International Movies",6
s1714,Movie,Memories of a Teenager,Argentina,2019,TV-MA,97 min,"Dramas, International Movies, LGBTQ Movies",4
s1715,Movie,Prom Night,"United States, Canada",2008,PG-13,88 min,Horror Movies,2
s1720,Movie,We Are All For The Fatherland,"Lebanon, Canada, France",1979,TV-14,74 min,"Documentaries, International Movies",18
s1721,Movie,What We Wanted,Austria,2020,TV-MA,93 min,"Dramas, International Movies",4
s1726,Movie,Citation,Nigeria,2020,TV-MA,151 min,"Dramas, International Movies",6
s1728,Movie,Girl's Revenge,Taiwan,2020,TV-MA,82 min,"Dramas, International Movies",4
s1729,Movie,The Endless Trench,"Spain, France, Canada",2019,TV-MA,148 min,"Dramas, Independent Movies, International Movies",6
s1730,Movie,The Late Bloomer,United States,2016,R,95 min,Comedies,14
s1732,Movie,A New York Christmas Wedding,United States,2020,TV-MA,90 min,"Dramas, LGBTQ Movies, Romantic Movies",1
s1733,Movie,Alone/Together,Philippines,2019,TV-14,103 min,"Dramas, International Movies, Romantic Movies",17
s1735,Movie,Midnight at the Magnolia,Canada,2020,TV-G,87 min,"Comedies, Romantic Movies",12
s1736,Movie,One More Try,Philippines,2012,TV-14,102 min,"Dramas, International Movies, Romantic Movies",17
s1737,Movie,Operation Christmas Drop,United States,2020,TV-G,96 min,"Children & Family Movies, Comedies, Romantic Movies",12
s1739,Movie,A Christmas Catch,Canada,2018,TV-G,87 min,"Dramas, Romantic Movies",1
s1740,Movie,Christmas with a Prince,Canada,2018,TV-PG,86 min,"Comedies, Dramas, Romantic Movies",0
s1742,Movie,Miss India,India,2020,TV-PG,136 min,"Dramas, International Movies",6
s1743,Movie,Felix Lobrecht: Hype,Germany,2020,TV-MA,60 min,Stand-Up Comedy,7
s1744,Movie,MOTHER,Japan,2020,TV-14,127 min,"Dramas, International Movies",19
s1745,Movie,The Beginning of Life,Unknown,2016,TV-PG,96 min,"Documentaries, International Movies",0
s1746,Movie,Ya no estoy aquí: Una conversación entre Guillermo del Toro y Alfonso Cuarón,Unknown,2020,TV-PG,15 min,Documentaries,16
s1748,Movie,Prospect,"Canada, United States",2018,R,100 min,"Sci-Fi & Fantasy, Thrillers",14
s1750,Movie,Christmas Break-In,United States,2019,TV-PG,87 min,"Children & Family Movies, Comedies",12
s1752,Movie,Elf Pets: A Fox Cub’s Christmas Tale,United States,2020,TV-Y,28 min,Children & Family Movies,9
s1753,Movie,Elf Pets: Santa’s Reindeer Rescue,United States,2020,TV-Y,27 min,Children & Family Movies,9
s1754,Movie,Elliot the Littlest Reindeer,Canada,2018,PG,90 min,Children & Family Movies,12
s1762,Movie,Little Monsters,United States,1989,PG,102 min,"Children & Family Movies, Comedies",18
s1763,Movie,Mile 22,"United States, China, Colombia",2018,R,94 min,Action & Adventure,14
s1764,Movie,Piercing,United States,2018,R,81 min,"Dramas, Independent Movies, Thrillers",10
s1765,Movie,Snowden,"United Kingdom, France, Germany, United States",2016,R,134 min,"Dramas, Thrillers",10
s1768,Movie,The Impossible,"Spain, Thailand, United States",2012,PG-13,114 min,Dramas,2
s1769,Movie,The Next Karate Kid,United States,1994,PG,107 min,"Action & Adventure, Dramas, Sports Movies",3
s1771,Movie,Wheels of Fortune,United States,2020,R,107 min,"Comedies, Sports Movies",14
s1773,Movie,The 12th Man,Norway,2018,TV-MA,130 min,"Action & Adventure, Dramas, International Movies",6
s1775,Movie,Hidden in Plain Sight,United States,2019,TV-14,87 min,"Dramas, Independent Movies, Thrillers",1
s1776,Movie,His House,United Kingdom,2020,TV-14,93 min,"Horror Movies, Independent Movies",17
s1777,Movie,In Line,Nigeria,2017,TV-14,114 min,"Dramas, International Movies",17
s1778,Movie,Kaali Khuhi,India,2020,TV-14,91 min,"Horror Movies, International Movies",17
s1781,Movie,Rogue City,France,2020,TV-MA,116 min,"Dramas, International Movies, Thrillers",4
s1784,Movie,The Day of the Lord,"Mexico, Spain",2020,TV-MA,93 min,"Horror Movies, International Movies",15
s1785,Movie,Pagpag: Nine Lives,Philippines,2013,TV-14,106 min,"Horror Movies, International Movies",17
s1786,Movie,Holidate,United States,2020,TV-MA,105 min,"Comedies, Romantic Movies",1
s1787,Movie,La Gran Ilusión,Unknown,2016,TV-14,50 min,International Movies,16
s1788,Movie,Metallica Through The Never,United States,2013,R,93 min,Music & Musicals,14
s1789,Movie,Nobody Sleeps in the Woods Tonight,Poland,2020,TV-MA,103 min,"Horror Movies, International Movies",15
s1790,Movie,Secrets of the Saqqara Tomb,United States,2020,TV-PG,114 min,Documentaries,11
s1793,Movie,Guillermo Vilas: Settling the Score,Argentina,2020,TV-14,95 min,"Documentaries, International Movies, Sports Movies",17
s1794,Movie,Sarah Cooper: Everything's Fine,United States,2020,TV-MA,50 min,Comedies,7
s1796,Movie,Ajab Prem Ki Ghazab Kahani,India,2009,TV-14,150 min,"Comedies, International Movies, Music & Musicals",19
s1797,Movie,Black '47,"Ireland, Luxembourg, Belgium",2018,R,100 min,"Action & Adventure, Dramas, Independent Movies",10
s1798,Movie,I Am Woman,Australia,2019,TV-MA,117 min,"Dramas, Music & Musicals",4
s1799,Movie,Alice Junior,Brazil,2019,TV-MA,87 min,"Comedies, International Movies, LGBTQ Movies",8
s1802,Movie,Over the Moon,"China, United States",2020,PG,100 min,"Children & Family Movies, Music & Musicals",12
s1803,Movie,Shattered Memories,United States,2018,TV-14,86 min,"Dramas, Thrillers",1
s1806,Movie,Bending the Arc,United States,2017,TV-MA,102 min,Documentaries,11
s1807,Movie,Cadaver,Norway,2020,TV-MA,87 min,"Horror Movies, International Movies",15
s1808,Movie,Exes Baggage,Philippines,2018,TV-MA,103 min,"Dramas, International Movies, Romantic Movies",4
s1809,Movie,Fisherman's Friends,United Kingdom,2019,PG-13,112 min,"Comedies, Dramas, Music & Musicals",2
s1810,Movie,The Hows of Us,Philippines,2018,TV-14,120 min,"Dramas, International Movies, Romantic Movies",17
s1811,Movie,The Hummingbird Project,"Canada, Belgium",2018,R,111 min,"Dramas, Independent Movies",10
s1812,Movie,"Yes, God, Yes",United States,2020,R,78 min,"Comedies, Dramas, Independent Movies",10
s1813,Movie,Brave Blue World: Racing to Solve Our Water Crisis,"Canada, United Kingdom",2020,TV-PG,51 min,"Documentaries, International Movies",16
s1815,Movie,Rebecca,United Kingdom,2020,PG-13,123 min,"Dramas, Romantic Movies, Thrillers",2
s1816,Movie,The Magic School Bus Rides Again The Frizz Connection,Canada,2020,TV-Y,46 min,Children & Family Movies,9
s1817,Movie,Tremors: Shrieker Island,United States,2020,PG-13,102 min,"Action & Adventure, Horror Movies",2
s1818,Movie,Beirut Oh Beirut,Lebanon,1975,TV-14,106 min,"Classic Movies, Dramas, International Movies",13
s1819,Movie,Bosta,Lebanon,2005,TV-14,112 min,"Dramas, International Movies, Music & Musicals",17
s1820,Movie,Ghadi,Lebanon,2013,TV-MA,101 min,"Comedies, Dramas, International Movies",8
s1821,Movie,Heritages,"Lebanon, United Arab Emirates, France, Switzerland, Germany",2014,TV-14,96 min,"Documentaries, International Movies",17
s1822,Movie,Listen,Lebanon,2017,TV-MA,103 min,"Dramas, Independent Movies, International Movies",4
s1823,Movie,Out of Life,"France, Belgium, Italy",1991,TV-MA,94 min,"Classic Movies, Dramas, Independent Movies",18
s1824,Movie,Panoptic,Lebanon,2017,TV-MA,69 min,"Documentaries, International Movies",15
s1825,Movie,Taxi Ballad,"Lebanon, United States, United Arab Emirates",2012,TV-MA,81 min,"Dramas, International Movies",4
s1826,Movie,The Kite,"Lebanon, France",2003,TV-MA,76 min,"Dramas, International Movies, Romantic Movies",4
s1827,Movie,The Little Wars,"France, Lebanon",1982,TV-14,108 min,"Dramas, Independent Movies, International Movies",18
s1828,Movie,Under the Bombs,"France, Lebanon, United Kingdom",2007,TV-MA,94 min,"Dramas, Independent Movies, International Movies",4
s1830,Movie,West Beirut,"France, Norway, Lebanon, Belgium",1999,TV-MA,106 min,"Dramas, International Movies",4
s1831,Movie,What Did I Mess,Lebanon,2018,TV-14,98 min,"Comedies, International Movies, Romantic Movies",17
s1832,Movie,Whispers,"Lebanon, Canada, France",1980,TV-14,93 min,"Documentaries, International Movies",18
s1833,Movie,Zozo,"Sweden, Czech Republic, United Kingdom, Denmark, Netherlands",2005,TV-MA,99 min,"Dramas, International Movies",4
s1834,Movie,ParaNorman,United States,2012,PG,93 min,"Children & Family Movies, Comedies",12
s1836,Movie,I Am Vengeance: Retaliation,United Kingdom,2020,R,82 min,Action & Adventure,14
s1837,Movie,Disconnect,Kenya,2018,TV-MA,107 min,"Comedies, International Movies, Romantic Movies",8
s1839,Movie,In a Valley of Violence,United States,2016,R,104 min,Action & Adventure,14
s1843,Movie,The Trial of the Chicago 7,"United States, United Kingdom, India",2020,R,130 min,Dramas,10
s1844,Movie,Unfriended,"United States, Russia",2014,R,83 min,"Horror Movies, Thrillers",14
s1845,Movie,A Babysitter's Guide to Monster Hunting,United States,2020,TV-PG,99 min,Children & Family Movies,12
s1846,Movie,Batman: The Killing Joke,United States,2016,R,77 min,Action & Adventure,14
s1847,Movie,El-Khawaga's Dilemma,Egypt,2018,TV-14,94 min,"Action & Adventure, Comedies, International Movies",17
s1850,Movie,Kartini: Princess of Java,"Indonesia, Netherlands",2017,TV-PG,118 min,"Dramas, International Movies",0
s1851,Movie,Love Like the Falling Rain,Indonesia,2020,TV-14,87 min,"Dramas, International Movies, Romantic Movies",17
s1854,Movie,Rooting for Roona,India,2020,TV-PG,42 min,"Documentaries, International Movies",16
s1856,Movie,A Choo,Taiwan,2020,TV-14,101 min,"Action & Adventure, International Movies, Romantic Movies",17
s1857,Movie,BLACKPINK: Light Up the Sky,United States,2020,TV-14,80 min,"Documentaries, Music & Musicals",11
s1858,Movie,The Three Deaths of Marisela Escobedo,Mexico,2020,TV-MA,110 min,"Documentaries, International Movies",15
s1859,Movie,Fida,India,2004,TV-14,117 min,"International Movies, Romantic Movies, Thrillers",19
s1860,Movie,Octonauts & the Great Barrier Reef,United Kingdom,2020,TV-Y,47 min,Children & Family Movies,9
s1862,Movie,Dil,India,1990,TV-14,165 min,"Comedies, Dramas, International Movies",5
s1863,Movie,Disco Dancer,India,1982,TV-14,134 min,"Cult Movies, Dramas, International Movies",5
s1864,Movie,Hunterrr,India,2015,TV-MA,140 min,"Comedies, International Movies, Romantic Movies",6
s1866,Movie,Phir Hera Pheri,India,2006,TV-14,150 min,"Comedies, International Movies",19
s1867,Movie,The Legend of Bhagat Singh,India,2002,TV-14,156 min,"Dramas, International Movies",5
s1868,Movie,House of the Witch,United States,2017,TV-MA,86 min,Horror Movies,1
s1870,Movie,Ginny Weds Sunny,India,2020,TV-MA,126 min,"Comedies, International Movies, Romantic Movies",8
s1871,Movie,My Step Dad: The Hippie,"Turkey, South Korea",2018,TV-MA,100 min,"Comedies, International Movies",8
s1872,Movie,Super Monsters: Dia de los Monsters,Canada,2020,TV-Y,25 min,Children & Family Movies,9
s1873,Movie,The Forty-Year-Old Version,United States,2020,R,124 min,"Comedies, Dramas, Independent Movies",10
s1875,Movie,Bigflo & Oli: Hip Hop Frenzy,France,2020,TV-MA,100 min,"Documentaries, International Movies, Music & Musicals",15
s1877,Movie,Palermo Hollywood,Argentina,2004,TV-MA,106 min,"Dramas, International Movies",4
s1880,Movie,Hubie Halloween,United States,2020,PG-13,104 min,"Comedies, Horror Movies",2
s1882,Movie,American Pie 9: Girls' Rules,United States,2020,R,96 min,Comedies,14
s1883,Movie,Dolly Parton: Here I Am,United Kingdom,2019,TV-14,90 min,"Documentaries, Music & Musicals",11
s1884,Movie,StarBeam: Halloween Hero,Canada,2020,TV-Y,33 min,Children & Family Movies,9
s1885,Movie,Walk Away from Love,United States,2017,TV-14,81 min,"Dramas, Romantic Movies",1
s1887,Movie,David Attenborough: A Life on Our Planet,"United States, United Kingdom",2020,PG,84 min,Documentaries,11
s1888,Movie,"Best Wishes, Warmest Regards: A Schitt's Creek Farewell",Canada,2020,TV-MA,44 min,"Documentaries, LGBTQ Movies",16
s1889,Movie,Good Game: The Beginning,Turkey,2018,TV-14,115 min,"Dramas, International Movies, Sports Movies",17
s1892,Movie,A Chaster Marriage,Turkey,2016,TV-14,94 min,"Comedies, International Movies, Romantic Movies",17
s1893,Movie,A Go! Go! Cory Carson Halloween,Unknown,2020,TV-Y,22 min,Children & Family Movies,9
s1897,Movie,Òlòtūré,Nigeria,2020,TV-MA,107 min,"Dramas, International Movies",4
s1898,Movie,Serious Men,India,2020,TV-MA,115 min,"Comedies, Dramas, International Movies",8
s1899,Movie,The Binding,Italy,2020,TV-MA,93 min,"Horror Movies, International Movies, Thrillers",15
s1900,Movie,Turkish Dance School,Turkey,2017,TV-MA,107 min,"Comedies, International Movies, Romantic Movies",8
s1901,Movie,Vampires vs. the Bronx,United States,2020,PG-13,86 min,"Comedies, Horror Movies",2
s1902,Movie,You've Got This,Mexico,2020,TV-MA,112 min,"Comedies, International Movies, Romantic Movies",8
s1903,Movie,All Because of You,Malaysia,2020,TV-PG,102 min,"Action & Adventure, Comedies, International Movies",0
s1904,Movie,An Ordinary Man,"Serbia, United States",2017,R,91 min,"Dramas, Thrillers",10
s1905,Movie,Carlos Almaraz: Playing with Fire,United States,2019,TV-14,83 min,"Documentaries, LGBTQ Movies",11
s1906,Movie,Cold Harbour,South Africa,2013,TV-MA,73 min,"Action & Adventure, Dramas, International Movies",4
s1910,Movie,Free State of Jones,United States,2016,R,139 min,"Action & Adventure, Dramas",10
s1912,Movie,Human Nature,United States,2019,TV-14,95 min,Documentaries,11
s1913,Movie,Hunt for the Wilderpeople,New Zealand,2016,PG-13,101 min,"Action & Adventure, Comedies, Dramas",2
s1914,Movie,I'm Leaving Now,"United States, Mexico",2019,TV-MA,75 min,"Documentaries, International Movies",11
s1917,Movie,Rize,"United States, United Kingdom",2005,PG-13,87 min,"Documentaries, Music & Musicals",11
s1920,Movie,The American Game,Unknown,2019,TV-PG,91 min,"Comedies, International Movies, Romantic Movies",0
s1921,Movie,The Book of Sun,Saudi Arabia,2020,TV-14,120 min,"Comedies, Independent Movies, International Movies",17
s1922,Movie,The Outpost,"United States, Bulgaria",2020,R,123 min,"Action & Adventure, Dramas",10
s1925,Movie,We Have Always Lived in the Castle,United States,2018,TV-14,95 min,"Dramas, Thrillers",1
s1927,Movie,American Murder: The Family Next Door,United States,2020,TV-MA,84 min,Documentaries,11
s1928,Movie,Baxu and the Giants,Namibia,2019,TV-PG,29 min,"Dramas, International Movies",16
s1931,Movie,Poacher,"United Kingdom, Kenya",2018,TV-MA,28 min,"Dramas, International Movies, Thrillers",16
s1932,Movie,The Boys in the Band,United States,2020,R,122 min,"Dramas, LGBTQ Movies",10
s1933,Movie,The Boys in the Band: Something Personal,United States,2020,TV-MA,28 min,"Documentaries, LGBTQ Movies",16
s1935,Movie,Bully,United States,2012,PG-13,98 min,Documentaries,11
s1936,Movie,Michelle Buteau: Welcome to Buteaupia,United States,2020,TV-MA,59 min,Stand-Up Comedy,7
s1937,Movie,Welcome to Sudden Death,United States,2020,R,80 min,Action & Adventure,14
s1938,Movie,Amandla! A Revolution in Four Part Harmony,"South Africa, United States",2002,PG-13,103 min,"Documentaries, International Movies, Music & Musicals",3
s1939,Movie,Ankhon Dekhi,India,2013,TV-PG,104 min,"Dramas, Independent Movies, International Movies",0
s1940,Movie,Dedh Ishqiya,India,2014,TV-14,146 min,"Comedies, Dramas, International Movies",19
s1941,Movie,Golmaal Returns,India,2008,TV-MA,135 min,"Comedies, International Movies, Music & Musicals",6
s1942,Movie,Ishq Vishk,India,2003,TV-PG,129 min,"Comedies, International Movies, Music & Musicals",0
s1943,Movie,Ishqiya,India,2009,TV-14,115 min,"Comedies, International Movies, Romantic Movies",19
s1944,Movie,Jab We Met,India,2007,TV-14,143 min,"Comedies, International Movies, Music & Musicals",19
s1945,Movie,Mann,India,1999,TV-14,173 min,"Dramas, International Movies, Romantic Movies",5
s1946,Movie,Manorama Six Feet Under,India,2007,TV-14,129 min,"Dramas, International Movies, Thrillers",19
s1947,Movie,Welcome,India,2007,TV-PG,149 min,"Comedies, International Movies, Music & Musicals",19
s1951,Movie,Time Out,India,2015,TV-14,98 min,"Dramas, Independent Movies, International Movies",17
s1954,Movie,My Mother's Wound,Unknown,2016,TV-MA,115 min,"Dramas, International Movies",4
s1957,Movie,Zulu Man in Japan,Unknown,2019,TV-MA,44 min,"Documentaries, International Movies, Music & Musicals",16
s1958,Movie,Real Steel,"United States, India",2011,PG-13,127 min,"Action & Adventure, Sci-Fi & Fantasy, Sports Movies",2
s1960,Movie,Enola Holmes,United Kingdom,2020,PG-13,124 min,"Action & Adventure, Children & Family Movies, Dramas",2
s1961,Movie,Kiss the Ground,United States,2020,TV-G,85 min,Documentaries,11
s1963,Movie,A Love Song for Latasha,United States,2020,TV-PG,20 min,Documentaries,16
s1964,Movie,DTC Yukemuri Junjo Hen From High & Low,Japan,2018,TV-PG,102 min,"Dramas, International Movies",0
s1965,Movie,High & Low The Movie,Japan,2016,TV-MA,129 min,"Action & Adventure, International Movies",6
s1966,Movie,High & Low The Movie 2 / End of Sky,Japan,2017,TV-MA,124 min,"Action & Adventure, International Movies",6
s1967,Movie,High & Low The Movie 3 / Final Mission,Japan,2017,TV-MA,118 min,"Action & Adventure, International Movies",15
s1968,Movie,High & Low The Red Rain,Japan,2016,TV-MA,111 min,"Action & Adventure, International Movies",15
s1969,Movie,High & Low The Worst,Unknown,2019,TV-MA,125 min,"Action & Adventure, International Movies",6
s1970,Movie,Road To High & Low,Japan,2016,TV-MA,94 min,"Action & Adventure, International Movies",15
s1971,Movie,The Blue Elephant 2,Egypt,2019,TV-MA,130 min,"Horror Movies, International Movies, Thrillers",6
s1972,Movie,Bhaji In Problem,India,2013,TV-14,117 min,"Comedies, International Movies",19
s1973,Movie,Black,India,2015,TV-14,137 min,"Action & Adventure, International Movies",19
s1975,Movie,Saheb Biwi Aur Gangster Returns,India,2013,TV-MA,139 min,"Dramas, International Movies, Romantic Movies",6
s1976,Movie,Santa Banta Pvt Ltd,India,2016,TV-14,111 min,"Comedies, International Movies",17
s1977,Movie,The Royal Bengal Tiger,India,2014,TV-MA,103 min,"Dramas, International Movies, Thrillers",4
s1978,Movie,Dolly Kitty Aur Woh Chamakte Sitare,India,2020,TV-MA,120 min,"Dramas, Independent Movies, International Movies",6
s1982,Movie,Whipped,Indonesia,2020,TV-14,98 min,"Comedies, International Movies, Romantic Movies",17
s1983,Movie,Anaamika,India,2014,TV-14,130 min,"International Movies, Thrillers",19
s1985,Movie,GIMS: On the Record,France,2020,TV-MA,96 min,"Documentaries, International Movies, Music & Musicals",15
s1986,Movie,Horrid Henry's Gross Day Out,United Kingdom,2020,TV-Y,61 min,"Children & Family Movies, Comedies",9
s1987,Movie,Nee Enge En Anbe,Unknown,2014,TV-14,137 min,"International Movies, Thrillers",19
s1988,Movie,Residue,United States,2020,TV-MA,90 min,"Dramas, Independent Movies",1
s1993,Movie,Dr Jason Leong Hashtag Blessed,Unknown,2018,TV-MA,69 min,Stand-Up Comedy,7
s1996,Movie,The Devil All The Time,United States,2020,R,139 min,"Dramas, Thrillers",10
s1997,Movie,The Paramedic,Spain,2020,TV-MA,94 min,"Dramas, International Movies, Thrillers",4
s1998,Movie,The Take,"United Kingdom, France, United States, Belgium, Luxembourg, China, Germany",2016,R,92 min,"Action & Adventure, International Movies",14
s2000,Movie,Hope Frozen: A Quest to Live Twice,"Thailand, United States",2020,TV-PG,80 min,"Documentaries, International Movies",11
s2001,Movie,Michael McIntyre: Showman,United Kingdom,2020,TV-MA,63 min,Stand-Up Comedy,7
s2002,Movie,Raising Victor Vargas,"France, United States",2002,R,88 min,"Dramas, Independent Movies, Romantic Movies",3
s2004,Movie,The Smurfs 2,"United States, France, Canada, Belgium",2013,PG,105 min,"Children & Family Movies, Comedies",12
s2005,Movie,Wish Upon a Unicorn,Unknown,2020,PG,93 min,Children & Family Movies,12
s2006,Movie,Lara and the Beat,Nigeria,2018,TV-MA,140 min,"Dramas, International Movies, Music & Musicals",6
s2008,Movie,Dad Wanted,Mexico,2020,TV-14,103 min,"Children & Family Movies, Comedies, Dramas",17
s2011,Movie,How to Train Your Dragon 2,United States,2014,PG,102 min,Children & Family Movies,12
s2012,Movie,Pets United,"Germany, China, United Kingdom",2020,TV-Y7,93 min,"Children & Family Movies, Comedies",12
s2015,Movie,Wonho Chung: Live in New York,Unknown,2014,TV-14,69 min,Stand-Up Comedy,7
s2016,Movie,Aapla Manus,India,2018,TV-14,133 min,"Dramas, International Movies, Thrillers",19
s2017,Movie,Ani... Dr. Kashinath Ghanekar,India,2018,TV-14,157 min,"Dramas, International Movies",19
s2018,Movie,Bhai: Vyakti Ki Valli - Poorvardha,India,2019,TV-14,116 min,"Dramas, International Movies",19
s2019,Movie,Bhai: Vyakti Ki Valli - Uttarardh,India,2019,TV-PG,112 min,"Dramas, International Movies",0
s2020,Movie,Cycle,India,2018,TV-PG,96 min,"Comedies, Dramas, International Movies",0
s2021,Movie,Dhh,India,2017,TV-G,127 min,"Children & Family Movies, Dramas, International Movies",6
s2024,Movie,Kaagar,India,2019,TV-MA,130 min,"Dramas, International Movies, Romantic Movies",6
s2025,Movie,Night of Knots,Turkey,2018,TV-MA,93 min,"Comedies, International Movies, Romantic Movies",8
s2026,Movie,PhotoCopy,India,2016,TV-14,138 min,"Comedies, Dramas, International Movies",19
s2027,Movie,Poshter Girl,India,2016,TV-14,138 min,"Comedies, Dramas, International Movies",19
s2028,Movie,Satria Heroes: Revenge of the Darkness,Indonesia,2017,TV-G,92 min,Children & Family Movies,12
s2029,Movie,Son Of Adam,Egypt,2018,TV-14,110 min,"Dramas, International Movies, Thrillers",17
s2030,Movie,The Babysitter: Killer Queen,United States,2020,TV-MA,102 min,"Comedies, Horror Movies",1
s2031,Movie,Cargo,India,2020,TV-14,113 min,"Comedies, Dramas, Independent Movies",19
s2032,Movie,Cuties,France,2020,TV-MA,96 min,"Dramas, International Movies",4
s2035,Movie,So Much Love to Give,Argentina,2020,TV-14,108 min,"Comedies, International Movies, Music & Musicals",17
s2036,Movie,The Social Dilemma,United States,2020,PG-13,94 min,Documentaries,11
s2037,Movie,#Alive,South Korea,2020,TV-MA,99 min,"Horror Movies, International Movies, Thrillers",15
s2039,Movie,My Octopus Teacher,South Africa,2020,TV-G,86 min,"Children & Family Movies, Documentaries, International Movies",15
s2040,Movie,Toll Booth,Turkey,2010,TV-MA,98 min,"Dramas, Independent Movies, International Movies",4
s2042,Movie,"Waiting for ""Superman""",United States,2010,PG,111 min,Documentaries,11
s2044,Movie,Villain,United Kingdom,2020,R,97 min,Dramas,10
s2046,Movie,I'm Thinking of Ending Things,United States,2020,R,135 min,"Dramas, Independent Movies",10
s2047,Movie,Kandasamys: The Wedding,South Africa,2019,TV-14,93 min,"Comedies, Dramas, International Movies",17
s2049,Movie,The Lost Okoroshi,Nigeria,2019,TV-MA,94 min,"Comedies, Dramas, Independent Movies",1
s2050,Movie,You're My Boss,Philippines,2015,TV-14,117 min,"Comedies, International Movies, Romantic Movies",17
s2051,Movie,Afonso Padilha: Classless,Brazil,2020,TV-MA,63 min,Stand-Up Comedy,7
s2052,Movie,Ave Maryam,Indonesia,2018,TV-PG,73 min,"Dramas, Independent Movies, International Movies",0
s2053,Movie,"Love, Guaranteed",United States,2020,TV-PG,91 min,"Comedies, Independent Movies, Romantic Movies",1
s2056,Movie,Freaks – You're One of Us,Germany,2020,TV-MA,93 min,"Dramas, Independent Movies, International Movies",4
s2057,Movie,Hotel for Dogs,"Germany, United States",2009,PG,101 min,"Children & Family Movies, Comedies",12
s2058,Movie,Sky Tour: The Movie,Vietnam,2020,TV-G,93 min,"Documentaries, International Movies, Music & Musicals",15
s2060,Movie,Adrift,"Hong Kong, Iceland, United States",2018,PG-13,96 min,"Action & Adventure, Dramas, Romantic Movies",2
s2061,Movie,Always Be My Maybe,Philippines,2016,TV-14,112 min,"International Movies, Romantic Movies",17
s2062,Movie,Barbie Princess Adventure,Netherlands,2020,TV-Y,72 min,"Children & Family Movies, Music & Musicals",9
s2066,Movie,Children of the Sea,"Japan, United States",2019,TV-PG,112 min,"Anime Features, International Movies",0
s2068,Movie,Fate/Grand Order -First Order-,Japan,2016,TV-14,72 min,"Action & Adventure, Anime Features, International Movies",17
s2072,Movie,Puss in Boots,United States,2011,PG,92 min,"Children & Family Movies, Comedies",12
s2073,Movie,Sex Drive,United States,2008,R,109 min,Comedies,14
s2075,Movie,Soldier,India,1998,TV-14,155 min,"Comedies, Dramas, International Movies",5
s2076,Movie,"Take the Ball, Pass the Ball",Spain,2018,TV-MA,109 min,"Documentaries, International Movies, Sports Movies",15
s2077,Movie,The Boss Baby: Get That Baby!,United States,2020,TV-Y7,115 min,"Children & Family Movies, Comedies",12
s2078,Movie,The Match,Italy,2020,TV-MA,97 min,"Dramas, International Movies, Sports Movies",4
s2080,Movie,The Smurfs,"United States, Belgium, Canada, France",2011,PG,103 min,"Children & Family Movies, Comedies",12
s2082,Movie,True: Friendship Day,Canada,2020,TV-Y,24 min,Children & Family Movies,9
s2083,Movie,Maniyarayile Ashokan,India,2020,TV-14,110 min,"Comedies, International Movies, Romantic Movies",17
s2084,Movie,The Debt Collector 2,United States,2020,TV-MA,97 min,Action & Adventure,1
s2085,Movie,All Together Now,United States,2020,PG,94 min,Dramas,1
s2088,Movie,Santana,"South Africa, Angola",2020,TV-MA,107 min,"Action & Adventure, International Movies",15
s2089,Movie,Unknown Origins,Spain,2020,TV-MA,97 min,"International Movies, Thrillers",15
s2091,Movie,Edge of Seventeen,United States,1998,TV-MA,103 min,"Comedies, Dramas, Independent Movies",3
s2092,Movie,The Bridge Curse,Taiwan,2020,TV-MA,88 min,"Horror Movies, International Movies, Thrillers",15
s2093,Movie,The Young Messiah,United States,2016,PG-13,111 min,"Dramas, Faith & Spirituality",2
s2095,Movie,Lingua Franca,"United States, Philippines",2019,TV-MA,94 min,"Dramas, International Movies, LGBTQ Movies",4
s2096,Movie,Making The Witcher,United States,2020,TV-MA,33 min,Documentaries,16
s2098,Movie,Rising Phoenix,United Kingdom,2020,PG-13,107 min,"Documentaries, International Movies, Sports Movies",15
s2101,Movie,Septembers of Shiraz,United States,2016,PG-13,110 min,"Dramas, Thrillers",2
s2104,Movie,Class of '83,India,2020,TV-14,98 min,"Dramas, International Movies, Thrillers",17
s2105,Movie,Dark Forces,Mexico,2020,TV-MA,81 min,"Horror Movies, Independent Movies, International Movies",15
s2108,Movie,The Sleepover,United States,2020,TV-PG,104 min,"Action & Adventure, Children & Family Movies, Comedies",12
s2110,Movie,John Was Trying to Contact Aliens,United States,2020,TV-PG,17 min,"Documentaries, LGBTQ Movies",16
s2111,Movie,Scarecrow,Egypt,2019,TV-MA,121 min,"Comedies, International Movies",8
s2112,Movie,The Crimes That Bind,Argentina,2020,TV-14,100 min,"Dramas, International Movies",17
s2115,Movie,Little Singham: Kaal Ka Badla,Unknown,2020,TV-Y7,70 min,"Children & Family Movies, Comedies",9
s2116,Movie,Drunk Parents,United States,2019,R,97 min,Comedies,14
s2117,Movie,Meet the In-Laws,Nigeria,2017,TV-PG,75 min,"Comedies, Dramas, International Movies",0
s2118,Movie,Crazy Awesome Teachers,Indonesia,2020,TV-PG,102 min,"Comedies, Dramas, International Movies",0
s2120,Movie,Islands of Faith,Indonesia,2018,TV-PG,88 min,"Documentaries, Faith & Spirituality, International Movies",0
s2121,Movie,Les Misérables,"United Kingdom, United States",2012,PG-13,158 min,"Dramas, International Movies, Music & Musicals",6
s2122,Movie,Seventh Son,"United States, United Kingdom, Canada, China",2014,PG-13,102 min,"Action & Adventure, Sci-Fi & Fantasy",2
s2127,Movie,What's Your Raashee?,India,2009,TV-PG,203 min,"Comedies, International Movies, Music & Musicals",5
s2129,Movie,Beyond the Boundary: ICC Women's T20 World Cup Australia 2020,Unknown,2020,TV-G,59 min,"Documentaries, International Movies, Sports Movies",16
s2130,Movie,Fearless,Canada,2020,TV-Y7,92 min,"Children & Family Movies, Comedies",12
s2131,Movie,Nigerian Prince,"United States, Nigeria",2018,TV-MA,104 min,"Dramas, Independent Movies",1
s2132,Movie,Octonauts & the Caves of Sac Actun,United Kingdom,2020,TV-Y,72 min,Children & Family Movies,9
s2133,Movie,Project Power,United States,2020,R,113 min,Action & Adventure,14
s2138,Movie,An Easy Girl,France,2019,TV-MA,93 min,"Comedies, Dramas, International Movies",8
s2139,Movie,Christine,"United Kingdom, United States",2016,R,119 min,"Dramas, Independent Movies",10
s2140,Movie,Simon Killer,"United States, France",2012,TV-MA,105 min,"Dramas, Independent Movies, Thrillers",1
s2142,Movie,Gunjan Saxena: The Kargil Girl,India,2020,TV-14,113 min,"Action & Adventure, Dramas, International Movies",19
s2143,Movie,Mr. Peabody & Sherman,United States,2014,PG,93 min,"Children & Family Movies, Comedies, Sci-Fi & Fantasy",12
s2144,Movie,"Rob Schneider: Asian Momma, Mexican Kids",United States,2020,TV-MA,44 min,Stand-Up Comedy,7
s2147,Movie,The Lost Husband,United States,2020,PG-13,110 min,"Dramas, Romantic Movies",2
s2148,Movie,Diamonds in the Sky,Unknown,2018,TV-14,113 min,"Dramas, International Movies",17
s2150,Movie,We Summon the Darkness,"United States, Canada, United Kingdom",2020,R,90 min,"Horror Movies, Thrillers",14
s2151,Movie,"Berlin, Berlin: Lolle on the Run",Germany,2020,TV-MA,82 min,"Comedies, International Movies",8
s2155,Movie,Stars in the Sky: A Hunting Story,United States,2018,TV-14,69 min,Documentaries,11
s2156,Movie,The Magic School Bus Rides Again Kids In Space,United States,2020,TV-Y,46 min,Children & Family Movies,9
s2160,Movie,Work It,United States,2020,TV-14,94 min,Comedies,17
s2162,Movie,Nasha Natasha,Uruguay,2020,TV-PG,72 min,"Documentaries, International Movies, Music & Musicals",16
s2164,Movie,Anelka: Misunderstood,France,2020,TV-14,95 min,"Documentaries, International Movies, Sports Movies",17
s2165,Movie,Sin City,Unknown,2019,TV-14,101 min,"International Movies, Thrillers",17
s2167,Movie,A Go! Go! Cory Carson Summer Camp,Unknown,2020,TV-Y,21 min,Children & Family Movies,9
s2168,Movie,Malibu Rescue: The Next Wave,United States,2020,TV-G,71 min,"Children & Family Movies, Comedies",12
s2170,Movie,Sam Jay: 3 In The Morning,United States,2020,TV-MA,64 min,Stand-Up Comedy,7
s2172,Movie,Almost Love,United States,2020,TV-MA,92 min,"Comedies, Dramas, Independent Movies",1
s2173,Movie,Killing Hasselhoff,United States,2017,R,80 min,Comedies,14
s2177,Movie,Rogue Warfare: The Hunt,United States,2020,R,104 min,Action & Adventure,14
s2178,Movie,Super Monsters: The New Class,Canada,2020,TV-Y,25 min,Children & Family Movies,9
s2180,Movie,The Ottoman Lieutenant,"Turkey, United States",2017,R,111 min,"Dramas, Romantic Movies",10
s2183,Movie,Tumi or not Tumi,Unknown,2020,TV-MA,72 min,Stand-Up Comedy,7
s2184,Movie,What Keeps You Alive,Canada,2018,R,99 min,"LGBTQ Movies, Thrillers",14
s2186,Movie,Latte and the Magic Waterstone,Germany,2020,TV-Y,83 min,"Children & Family Movies, Comedies",12
s2187,Movie,Raat Akeli Hai,India,2020,TV-MA,150 min,"Dramas, International Movies, Thrillers",6
s2188,Movie,Seriously Single,South Africa,2020,TV-MA,108 min,"Comedies, International Movies, Romantic Movies",8
s2189,Movie,Sugar High,United States,2020,TV-G,44 min,Children & Family Movies,9
s2192,Movie,Retablo,"Peru, Germany, Norway",2017,TV-MA,102 min,"Dramas, International Movies",4
s2194,Movie,Uma Maheswara Ugra Roopasya,India,2020,TV-MA,137 min,"Comedies, Dramas, Independent Movies",6
s2196,Movie,It's Her Day,Nigeria,2016,TV-MA,112 min,"Comedies, International Movies, Romantic Movies",8
s2197,Movie,Redemption,Mozambique,2019,TV-MA,102 min,"Dramas, International Movies, Thrillers",4
s2198,Movie,Shine Your Eyes,"Brazil, France",2020,TV-MA,103 min,"Dramas, Independent Movies, International Movies",4
s2199,Movie,The Hater,Poland,2020,TV-MA,136 min,"Dramas, International Movies, Thrillers",6
s2200,Movie,The Speed Cubers,United States,2020,TV-PG,41 min,Documentaries,16
s2201,Movie,Tread,United States,2019,TV-MA,88 min,Documentaries,11
s2203,Movie,Banana Split,United States,2020,TV-MA,84 min,"Comedies, Dramas, Independent Movies",1
s2205,Movie,Door Ke Darshan,India,2020,TV-14,114 min,"Comedies, International Movies",19
s2206,Movie,Double World,China,2020,TV-14,110 min,"Action & Adventure, International Movies",17
s2207,Movie,Project Marathwada,India,2016,TV-MA,103 min,"Dramas, Independent Movies, International Movies",4
s2208,Movie,Animal Crackers,"China, Spain, South Korea, United States",2020,TV-Y7,106 min,"Children & Family Movies, Comedies",12
s2209,Movie,Dragons: Rescue Riders: Secrets of the Songwing,United States,2020,TV-Y,46 min,"Children & Family Movies, Comedies",9
s2210,Movie,Nimbe,Nigeria,2019,TV-MA,115 min,"Dramas, International Movies",4
s2211,Movie,Offering to the Storm,"Spain, Germany",2020,TV-MA,140 min,"International Movies, Thrillers",6
s2212,Movie,Romance Doll,Japan,2020,TV-MA,124 min,"Dramas, International Movies, Romantic Movies",6
s2214,Movie,The Kissing Booth 2,"United Kingdom, United States",2020,TV-14,133 min,"Comedies, Romantic Movies",17
s2216,Movie,The Larva Island Movie,South Korea,2020,TV-Y7,91 min,"Children & Family Movies, Comedies",12
s2217,Movie,The Letter Reader,South Africa,2019,TV-PG,30 min,"Dramas, International Movies",16
s2220,Movie,The Remix: Hip Hop X Fashion,United States,2019,TV-MA,67 min,"Documentaries, Music & Musicals",11
s2221,Movie,Ip Man 4: The Finale,"Hong Kong, China",2019,TV-MA,105 min,"Action & Adventure, Dramas, International Movies",4
s2222,Movie,Jack Whitehall: I'm Only Joking,United Kingdom,2020,TV-MA,58 min,Stand-Up Comedy,7
s2225,Movie,Funan,"France, Belgium, Luxembourg, Cambodia,",2018,TV-14,87 min,"Dramas, International Movies",17
s2229,Movie,Father Soldier Son,United States,2020,R,100 min,Documentaries,11
s2232,Movie,The Millions,Nigeria,2019,TV-MA,95 min,"Comedies, International Movies",8
s2233,Movie,Fatal Affair,United States,2020,TV-14,90 min,Thrillers,11
s2234,Movie,MILF,"France, Belgium",2018,TV-MA,102 min,"Comedies, International Movies, Romantic Movies",8
s2235,Movie,Cold Feet,Nigeria,2019,TV-14,98 min,"Dramas, International Movies, Romantic Movies",17
s2237,Movie,Little Singham: Legend of Dugabakka,Unknown,2020,TV-Y7,68 min,"Children & Family Movies, Comedies",9
s2240,Movie,Sylvia,Nigeria,2018,TV-14,104 min,"Dramas, International Movies, Thrillers",17
s2241,Movie,The Players,Italy,2020,TV-MA,89 min,"Comedies, International Movies",8
s2243,Movie,Urzila Carlson: Overqualified Loser,Australia,2020,TV-MA,62 min,Stand-Up Comedy,7
s2244,Movie,We Are One,France,2020,TV-MA,86 min,"Documentaries, International Movies, Music & Musicals",15
s2245,Movie,Hole in the Wall,South Africa,2016,TV-MA,104 min,"Dramas, International Movies",4
s2248,Movie,Mama's Boy,Egypt,2018,TV-14,101 min,"Comedies, International Movies",17
s2249,Movie,The Claudia Kishi Club,United States,2020,TV-14,17 min,Documentaries,16
s2251,Movie,The Old Guard,United States,2020,R,126 min,Action & Adventure,14
s2253,Movie,Your Excellency,Unknown,2019,TV-G,120 min,"Comedies, International Movies",8
s2257,Movie,Born Racer,New Zealand,2018,R,89 min,"Documentaries, Sports Movies",11
s2258,Movie,Mucho Mucho Amor: The Legend of Walter Mercado,United States,2020,TV-14,96 min,"Documentaries, LGBTQ Movies",11
s2260,Movie,The Long Dumb Road,United States,2018,R,91 min,"Comedies, Independent Movies",14
s2261,Movie,Dr. Seuss' The Lorax,"United States, France",2012,PG,86 min,Children & Family Movies,12
s2262,Movie,Jim Jefferies: Intolerant,Unknown,2020,TV-MA,67 min,Stand-Up Comedy,7
s2263,Movie,A Kid from Coney Island,"United States, China",2019,TV-MA,89 min,"Documentaries, Sports Movies",11
s2264,Movie,PNL - Dans la légende tour,Unknown,2020,TV-MA,65 min,"International Movies, Music & Musicals",15
s2265,Movie,Aiyyaa,India,2012,TV-14,151 min,"Comedies, International Movies, Music & Musicals",19
s2266,Movie,Bbuddah Hoga Terra Baap,India,2011,TV-14,116 min,"Action & Adventure, Comedies, Dramas",19
s2267,Movie,Blood Money,India,2012,TV-14,110 min,"Dramas, International Movies, Romantic Movies",19
s2268,Movie,Bombay Talkies,India,2013,TV-MA,123 min,"Dramas, International Movies",6
s2269,Movie,Boss,India,2013,TV-14,139 min,"Action & Adventure, Comedies, Dramas",19
s2270,Movie,Budhia Singh: Born to Run,India,2016,TV-MA,95 min,"Dramas, Independent Movies, International Movies",4
s2271,Movie,Chashme Baddoor,India,2013,TV-14,121 min,"Comedies, International Movies, Music & Musicals",19
s2272,Movie,Dharam Sankat Mein,India,2015,TV-PG,127 min,"Comedies, Dramas, International Movies",0
s2273,Movie,Drishyam,India,2015,TV-14,162 min,"Dramas, International Movies, Thrillers",19
s2274,Movie,Gabbar Is Back,India,2015,TV-14,128 min,"Action & Adventure, Dramas, International Movies",19
s2275,Movie,Gollu Aur Pappu,India,2014,TV-14,112 min,"Action & Adventure, Comedies, International Movies",19
s2277,Movie,Inkaar,India,2013,TV-MA,125 min,"Dramas, International Movies, Romantic Movies",6
s2278,Movie,Madras Café,India,2013,TV-14,128 min,"Dramas, International Movies, Thrillers",19
s2279,Movie,Mary Kom,India,2014,TV-PG,120 min,"Dramas, International Movies, Sports Movies",0
s2280,Movie,Michael,India,2011,TV-MA,86 min,"Dramas, Independent Movies, International Movies",4
s2281,Movie,Mumbai Delhi Mumbai,India,2014,TV-MA,107 min,"Comedies, International Movies, Romantic Movies",8
s2282,Movie,Oh My God,India,2012,TV-PG,129 min,"Comedies, Dramas, International Movies",0
s2283,Movie,One by Two,India,2014,TV-14,135 min,"Comedies, Dramas, International Movies",19
s2284,Movie,Only,United States,2019,TV-MA,97 min,"Dramas, Independent Movies, Romantic Movies",1
s2285,Movie,Penalty,India,2019,TV-14,125 min,"Dramas, Independent Movies, International Movies",19
s2286,Movie,Players,India,2012,TV-14,162 min,"Action & Adventure, International Movies",19
s2287,Movie,Pyaar Ka Punchnama 2,India,2015,TV-MA,136 min,"Comedies, Dramas, International Movies",6
s2288,Movie,Queen,India,2014,TV-MA,138 min,"Comedies, Dramas, International Movies",6
s2289,Movie,Shaitan,India,2011,TV-MA,126 min,"Action & Adventure, Dramas, Independent Movies",6
s2290,Movie,Special 26,India,2013,TV-PG,137 min,"Dramas, International Movies, Thrillers",6
s2291,Movie,Tanu Weds Manu,India,2011,TV-14,114 min,"Comedies, Dramas, International Movies",19
s2292,Movie,What the Fish,India,2013,TV-14,96 min,"Comedies, International Movies",17
s2295,Movie,Desperados,United States,2020,TV-MA,107 min,"Comedies, Romantic Movies",1
s2296,Movie,Hunter in the Blue Side of Manchester,"Indonesia, United Kingdom",2020,TV-MA,89 min,"Dramas, International Movies",4
s2297,Movie,I Am Not Your Negro,"Switzerland, France, Belgium, United States",2017,PG-13,94 min,Documentaries,11
s2301,Movie,The Perfect Picture: Ten Years Later,Ghana,2019,TV-MA,148 min,"Comedies, Dramas, International Movies",6
s2303,Movie,Thiago Ventura: POKAS,Brazil,2020,TV-MA,82 min,Stand-Up Comedy,7
s2305,Movie,#AnneFrank - Parallel Stories,Italy,2019,TV-14,95 min,"Documentaries, International Movies",17
s2309,Movie,Adú,Spain,2020,TV-MA,120 min,"Dramas, International Movies",4
s2310,Movie,Ali Baba ve 7 Cüceler,Turkey,2015,TV-MA,115 min,"Action & Adventure, Comedies, International Movies",8
s2311,Movie,David Foster: Off the Record,Canada,2019,TV-MA,107 min,"Documentaries, Music & Musicals",11
s2312,Movie,Double Jeopardy,"United States, Germany, Canada",1999,R,105 min,Thrillers,3
s2313,Movie,Pek Yakında,Turkey,2014,TV-MA,134 min,"Comedies, International Movies",8
s2315,Movie,Stardust,"United Kingdom, United States",2007,PG-13,128 min,"Action & Adventure, International Movies, Romantic Movies",2
s2316,Movie,The F**k-It List,United States,2019,TV-MA,103 min,Comedies,1
s2317,Movie,The Silence of Others,"Spain, France, Canada, United States",2019,TV-14,96 min,"Documentaries, International Movies",11
s2318,Movie,Total Recall,"United States, Mexico",1990,R,114 min,"Action & Adventure, Sci-Fi & Fantasy",3
s2320,Movie,Under the Riccione Sun,Italy,2020,TV-MA,102 min,"Comedies, International Movies, Romantic Movies",8
s2322,Movie,George Lopez: We'll Do It For Half,United States,2020,TV-MA,52 min,Stand-Up Comedy,7
s2324,Movie,The Mirror Boy,"United Kingdom, Nigeria",2011,TV-14,86 min,"Action & Adventure, Dramas, International Movies",17
s2325,Movie,#FriendButMarried 2,Indonesia,2020,TV-G,104 min,"Dramas, International Movies, Romantic Movies",4
s2326,Movie,Skin,Nigeria,2019,TV-MA,76 min,"Documentaries, International Movies",15
s2327,Movie,Thackeray (Marathi),Unknown,2019,TV-14,135 min,"Dramas, International Movies",19
s2329,Movie,Ride Like a Girl,Australia,2020,PG,99 min,"Children & Family Movies, Dramas, Independent Movies",12
s2331,Movie,Eurovision Song Contest: The Story of Fire Saga,United States,2020,PG-13,124 min,"Comedies, Music & Musicals, Romantic Movies",2
s2333,Movie,Kasanova,Nigeria,2019,TV-14,117 min,"Comedies, International Movies, Romantic Movies",17
s2334,Movie,Ordinary People,Philippines,2016,TV-MA,107 min,"Dramas, Independent Movies, International Movies",4
s2335,Movie,Seven (Tamil),India,2019,TV-MA,111 min,"Dramas, International Movies, Romantic Movies",4
s2336,Movie,Seven (Telugu),Unknown,2019,TV-14,116 min,"Dramas, International Movies, Romantic Movies",17
s2337,Movie,Thackeray (Hindi),India,2019,TV-14,135 min,"Dramas, International Movies",19
s2339,Movie,Krishna and His Leela,India,2020,TV-MA,126 min,"International Movies, Romantic Movies",6
s2340,Movie,Prem Ratan Dhan Payo,India,2015,TV-14,164 min,"Action & Adventure, Dramas, International Movies",19
s2341,Movie,Vivah,India,2006,TV-14,166 min,"Dramas, International Movies, Romantic Movies",5
s2342,Movie,Athlete A,United States,2020,PG-13,104 min,"Documentaries, Sports Movies",11
s2343,Movie,Bulbbul,India,2020,TV-MA,94 min,"Horror Movies, International Movies",15
s2345,Movie,Nobody Knows I'm Here,Chile,2020,TV-MA,92 min,"Dramas, Independent Movies, International Movies",4
s2346,Movie,Eric Andre: Legalize Everything,United States,2020,TV-MA,52 min,Stand-Up Comedy,7
s2348,Movie,Kappela,India,2020,TV-14,112 min,"Dramas, Independent Movies, International Movies",19
s2349,Movie,The Royal Hibiscus Hotel,Nigeria,2017,TV-PG,90 min,"Comedies, International Movies, Romantic Movies",0
s2351,Movie,Woodshock,United States,2017,R,101 min,"Dramas, Independent Movies, Thrillers",10
s2352,Movie,Elevator Baby,Nigeria,2019,TV-MA,84 min,"Dramas, International Movies",4
s2354,Movie,Chaman Bahaar,India,2020,TV-MA,112 min,"Comedies, Dramas, International Movies",8
s2355,Movie,Destiny,"France, Egypt",1997,TV-14,136 min,"Dramas, International Movies",5
s2356,Movie,Disclosure,United States,2020,TV-MA,108 min,"Documentaries, LGBTQ Movies",11
s2357,Movie,Feel the Beat,United States,2020,TV-G,110 min,"Children & Family Movies, Comedies, Dramas",12
s2359,Movie,Lost Bullet,France,2020,TV-MA,93 min,"Action & Adventure, Dramas, International Movies",4
s2361,Movie,One-Way to Tomorrow,Turkey,2020,TV-MA,90 min,"Dramas, International Movies, Romantic Movies",4
s2362,Movie,The Emigrant,"Egypt, France",1994,TV-14,130 min,"Dramas, International Movies",5
s2364,Movie,Wasp Network,"France, Brazil, Spain, Belgium",2020,TV-MA,128 min,"Dramas, International Movies, Thrillers",6
s2365,Movie,A Whisker Away,Japan,2020,TV-PG,104 min,"Anime Features, Children & Family Movies, International Movies",0
s2366,Movie,Alexandria ... Why?,"Egypt, Algeria",1979,TV-MA,131 min,"Classic Movies, Dramas, International Movies",13
s2367,Movie,Alexandria: Again and Forever,"France, Egypt",1989,TV-MA,109 min,"Classic Movies, Dramas, International Movies",18
s2368,Movie,An Egyptian Story,Egypt,1982,TV-MA,129 min,"Classic Movies, Dramas, Independent Movies",13
s2369,Movie,Cairo Station,Egypt,1958,TV-14,73 min,"Classic Movies, Dramas, International Movies",13
s2370,Movie,Dark Waters,Egypt,1956,TV-14,104 min,"Classic Movies, Dramas, International Movies",13
s2371,Movie,El límite infinito,Unknown,2020,TV-PG,48 min,"Documentaries, International Movies, Sports Movies",16
s2372,Movie,Lola Igna,Philippines,2019,TV-14,114 min,"Comedies, International Movies",17
s2373,Movie,One Take,Thailand,2020,TV-G,86 min,"Documentaries, International Movies, Music & Musicals",15
s2374,Movie,Saladin,Egypt,1963,TV-MA,194 min,"Action & Adventure, Classic Movies, Dramas",13
s2375,Movie,Stray Bullet,Lebanon,2010,TV-MA,76 min,"Dramas, International Movies, Romantic Movies",4
s2376,Movie,The Blazing Sun,Egypt,1954,TV-14,116 min,"Classic Movies, Dramas, International Movies",13
s2377,Movie,The Land,Egypt,1970,TV-MA,130 min,"Classic Movies, Dramas, International Movies",13
s2378,Movie,The Nut Job,"Canada, South Korea, United States",2014,PG,85 min,"Children & Family Movies, Comedies",12
s2380,Movie,An Evening with Beverly Luff Linn,"United Kingdom, United States",2018,R,108 min,"Comedies, Independent Movies",14
s2381,Movie,Riding Faith,United States,2020,TV-PG,81 min,"Children & Family Movies, Dramas, Faith & Spirituality",12
s2382,Movie,Last Flight to Abuja,"Nigeria, United Kingdom",2012,TV-14,76 min,"Dramas, International Movies",17
s2383,Movie,The Darkness,United States,2016,PG-13,92 min,"Horror Movies, Thrillers",2
s2385,Movie,The Show Must Go On: The Queen + Adam Lambert Story,"United Kingdom, United States",2019,TV-MA,85 min,"Documentaries, Music & Musicals",11
s2386,Movie,Underdogs,"Argentina, Spain",2013,PG,85 min,"Children & Family Movies, Sports Movies",12
s2387,Movie,Wira,Malaysia,2019,TV-14,108 min,"Action & Adventure, Dramas, International Movies",17
s2388,Movie,4th Republic,Nigeria,2019,TV-MA,120 min,"Dramas, International Movies, Thrillers",4
s2390,Movie,Asura Guru,India,2020,TV-14,117 min,"Dramas, International Movies",19
s2392,Movie,Milea,Indonesia,2020,TV-14,100 min,"Dramas, International Movies, Romantic Movies",17
s2393,Movie,Axone,India,2020,TV-MA,101 min,"Comedies, Dramas, Independent Movies",1
s2394,Movie,Da 5 Bloods,United States,2020,R,156 min,"Action & Adventure, Dramas",10
s2398,Movie,Jo Koy: In His Elements,United States,2020,TV-MA,55 min,Stand-Up Comedy,7
s2399,Movie,Okko's Inn,Japan,2018,PG,96 min,"Anime Features, Children & Family Movies",12
s2403,Movie,From A to B,"United Arab Emirates, Jordan, Lebanon, Saudi Arabia",2014,TV-MA,104 min,"Comedies, Dramas, International Movies",8
s2404,Movie,Menahi,Saudi Arabia,2008,TV-14,101 min,"Comedies, International Movies",17
s2408,Movie,Middle Men,United States,2009,R,113 min,"Comedies, Dramas, Independent Movies",10
s2411,Movie,The Witch: Part 1 - The Subversion,South Korea,2018,TV-MA,126 min,"Action & Adventure, International Movies, Sci-Fi & Fantasy",6
s2412,Movie,Before I Fall,United States,2017,PG-13,98 min,"Dramas, Romantic Movies",2
s2413,Movie,365 Days,Poland,2020,TV-MA,114 min,"Dramas, International Movies, Romantic Movies",4
s2414,Movie,Forensic,India,2020,TV-14,132 min,"International Movies, Thrillers",19
s2415,Movie,Project Papa,India,2018,TV-14,92 min,"Dramas, Independent Movies, International Movies",17
s2417,Movie,The Night Clerk,United States,2020,R,90 min,"Dramas, Independent Movies",10
s2419,Movie,Before the Summer Crowds,Egypt,2016,TV-14,86 min,"Dramas, International Movies",17
s2420,Movie,Big Stone Gap,United States,2014,PG-13,103 min,"Comedies, Romantic Movies",2
s2421,Movie,Choked: Paisa Bolta Hai,India,2020,TV-14,114 min,"Dramas, International Movies",19
s2422,Movie,Merry Men 2: Another Mission,Nigeria,2019,TV-MA,115 min,"Comedies, International Movies",8
s2425,Movie,The Last Days of American Crime,United States,2020,TV-MA,149 min,"Action & Adventure, Dramas, Independent Movies",6
s2426,Movie,The Light of My Eyes,Unknown,2010,TV-MA,96 min,"Dramas, International Movies, Romantic Movies",4
s2428,Movie,Hot Sweet Sour,Turkey,2017,TV-14,102 min,"Dramas, International Movies, Romantic Movies",17
s2429,Movie,Overnight Republic,Turkey,2017,TV-MA,105 min,"Comedies, International Movies",8
s2430,Movie,Can’t Complain,Egypt,2007,TV-MA,114 min,"Comedies, International Movies, Romantic Movies",8
s2431,Movie,Lady Bird,United States,2017,R,94 min,"Comedies, Dramas, Independent Movies",10
s2432,Movie,Spelling the Dream,United States,2020,TV-G,83 min,"Children & Family Movies, Documentaries",11
s2434,Movie,Andaleeb El Dokki,Egypt,2008,TV-14,106 min,"Comedies, International Movies",17
s2435,Movie,Let's Dance,Egypt,2006,TV-14,116 min,"Comedies, Dramas, International Movies",17
s2436,Movie,Life's Speed Bump,Egypt,2006,TV-14,109 min,"Comedies, International Movies",17
s2437,Movie,Mr. Romantic,Unknown,2009,TV-14,97 min,"Comedies, International Movies, Romantic Movies",17
s2438,Movie,My Horrible Grandma,Egypt,2012,TV-MA,100 min,"Comedies, Dramas, International Movies",8
s2439,Movie,Sorry To Disturb,Egypt,2008,TV-14,116 min,"Dramas, International Movies",17
s2440,Movie,The Student Cop,Egypt,2004,TV-14,111 min,"Action & Adventure, Comedies, International Movies",17
s2441,Movie,True: Rainbow Rescue,Canada,2020,TV-Y,24 min,Children & Family Movies,9
s2442,Movie,What's Up?,"Saudi Arabia, United Arab Emirates",2006,TV-PG,95 min,"Comedies, Dramas, International Movies",0
s2443,Movie,X Large,Egypt,2011,TV-14,135 min,"Comedies, International Movies, Romantic Movies",19
s2444,Movie,122,Egypt,2019,TV-MA,95 min,"Horror Movies, International Movies",15
s2446,Movie,Chippa,India,2020,TV-14,92 min,"Comedies, Dramas, Independent Movies",17
s2447,Movie,Cook Off,Zimbabwe,2017,TV-G,100 min,"Comedies, International Movies, Romantic Movies",8
s2449,Movie,Kalek Shanab,United Arab Emirates,2019,TV-PG,80 min,"Comedies, International Movies",0
s2452,Movie,Mirai,"Japan, United States",2018,PG,98 min,"Action & Adventure, Anime Features, Children & Family Movies",12
s2455,Movie,The Disaster Artist,United States,2017,R,104 min,"Comedies, Dramas",10
s2456,Movie,The Stolen,"United Kingdom, Germany, United Arab Emirates, New Zealand",2016,TV-14,98 min,Dramas,17
s2457,Movie,High Strung Free Dance,"Romania, United States",2019,TV-14,104 min,"Dramas, Music & Musicals, Romantic Movies",17
s2458,Movie,Freej Al Taibeen,United Arab Emirates,2018,TV-PG,99 min,"Comedies, Dramas, International Movies",0
s2459,Movie,Kenny Sebastian: The Most Interesting Person in the Room,India,2020,TV-MA,68 min,Stand-Up Comedy,7
s2461,Movie,The Other,"France, Egypt",1999,TV-MA,106 min,"Dramas, International Movies, Romantic Movies",4
s2464,Movie,Grandmother's Farm,United Arab Emirates,2014,TV-14,71 min,"Comedies, Horror Movies, International Movies",17
s2465,Movie,Grandmother's Farm Part 2,United Arab Emirates,2015,TV-14,80 min,"Comedies, Horror Movies, International Movies",17
s2466,Movie,Intuition,Argentina,2020,TV-MA,116 min,"Dramas, International Movies, Thrillers",4
s2468,Movie,I'm No Longer Here,"Mexico, United States",2019,TV-MA,112 min,"Dramas, Independent Movies, International Movies",4
s2469,Movie,Hannah Gadsby: Douglas,Australia,2020,TV-MA,73 min,Stand-Up Comedy,7
s2470,Movie,Ne Zha,China,2019,TV-14,110 min,"Action & Adventure, Comedies, International Movies",17
s2472,Movie,Uncut Gems,United States,2019,R,135 min,"Dramas, Thrillers",10
s2475,Movie,One Day We'll Talk About Today,Indonesia,2020,TV-G,128 min,"Dramas, International Movies",6
s2476,Movie,Si Doel the Movie 3,Indonesia,2020,TV-G,93 min,"Dramas, International Movies, Music & Musicals",4
s2478,Movie,Living in Bondage: Breaking Free,Nigeria,2019,TV-MA,149 min,"Horror Movies, International Movies, Thrillers",6
s2479,Movie,Modest Heroes: Ponoc Short Films Theatre,Japan,2018,PG,54 min,"Anime Features, Children & Family Movies",9
s2480,Movie,The Lovebirds,United States,2020,R,87 min,"Action & Adventure, Comedies, Romantic Movies",14
s2482,Movie,#FriendButMarried,Indonesia,2018,TV-G,102 min,"Dramas, International Movies, Romantic Movies",4
s2483,Movie,Bye Bye London,Kuwait,1981,TV-14,177 min,"Comedies, Dramas, International Movies",5
s2484,Movie,Fifty Year Old Teenager,Unknown,1996,TV-14,204 min,"Comedies, International Movies",5
s2485,Movie,Lock Your Girls In,Unknown,1982,TV-PG,233 min,"Comedies, International Movies, Romantic Movies",5
s2486,Movie,Mujeres arriba,Chile,2019,TV-14,98 min,"Comedies, International Movies, Romantic Movies",17
s2488,Movie,No Longer kids,Egypt,1979,TV-14,237 min,"Comedies, Dramas, International Movies",5
s2489,Movie,Raya and Sakina,Unknown,1984,TV-14,230 min,"Comedies, Dramas, International Movies",5
s2490,Movie,Sayed the Servant,Unknown,1985,TV-14,173 min,"Comedies, International Movies",5
s2491,Movie,The Married Couples,Egypt,1981,TV-14,195 min,"Comedies, International Movies, Romantic Movies",5
s2492,Movie,The School of Mischief,Egypt,1973,TV-14,253 min,"Comedies, Dramas, International Movies",5
s2493,Movie,The Witness Who Didn't See Anything,Egypt,1976,TV-PG,157 min,"Comedies, International Movies",13
s2494,Movie,Anchor Baby,"Canada, Nigeria",2010,TV-MA,97 min,"Dramas, International Movies",4
s2495,Movie,Ben Platt Live from Radio City Music Hall,United States,2020,TV-PG,85 min,Music & Musicals,11
s2497,Movie,Honeytrap,United Kingdom,2014,TV-MA,94 min,"Dramas, Independent Movies",4
s2498,Movie,I Will Follow,United States,2010,TV-14,80 min,"Dramas, Independent Movies, Romantic Movies",1
s2499,Movie,Mutiny of the Worker Bees,Mexico,2020,TV-MA,94 min,"Comedies, International Movies",8
s2501,Movie,What Are the Odds?,India,2020,TV-MA,92 min,"Comedies, Dramas, Independent Movies",1
s2502,Movie,Either Me Or My Auntie,Egypt,2006,TV-PG,105 min,"Comedies, International Movies",0
s2503,Movie,Escaping Tel Aviv,Egypt,2009,TV-14,120 min,"Action & Adventure, International Movies",17
s2504,Movie,Game Over,Egypt,2012,TV-14,96 min,"Comedies, International Movies, Romantic Movies",17
s2505,Movie,Karkar,Egypt,2007,TV-14,107 min,"Comedies, International Movies",17
s2506,Movie,My Sleeping Lover,Egypt,2008,TV-PG,93 min,"Comedies, International Movies",0
s2507,Movie,Omar & Salma 2,Egypt,2009,TV-14,101 min,"Comedies, International Movies",17
s2510,Movie,Tarek's Situation,Egypt,2006,TV-14,110 min,"Comedies, International Movies, Romantic Movies",17
s2511,Movie,The Beach Loafer,Egypt,2004,TV-14,112 min,"Comedies, International Movies",17
s2512,Movie,Wadjda,"Saudi Arabia, Netherlands, Germany, Jordan, United Arab Emirates, United States",2012,PG,93 min,"Dramas, Independent Movies, International Movies",10
s2513,Movie,Zaki Chan,Egypt,2005,TV-PG,109 min,"Comedies, International Movies, Romantic Movies",0
s2514,Movie,Light in the Dark,Nigeria,2019,TV-14,105 min,"Dramas, International Movies",17
s2517,Movie,The End,Kuwait,2019,TV-MA,97 min,"Action & Adventure, Comedies, International Movies",8
s2521,Movie,Heaven Without People,Lebanon,2017,TV-MA,91 min,"Dramas, International Movies",4
s2522,Movie,"I love you, stupid",Spain,2019,TV-MA,88 min,"Comedies, International Movies, Romantic Movies",8
s2532,Movie,Dilan 1990,Indonesia,2018,TV-14,109 min,"Dramas, International Movies, Romantic Movies",17
s2533,Movie,Dilan 1991,Indonesia,2019,TV-14,118 min,"Dramas, International Movies, Romantic Movies",17
s2534,Movie,Fan of Amoory,United Arab Emirates,2018,TV-G,109 min,"Children & Family Movies, Dramas, International Movies",4
s2535,Movie,Malang,India,2020,TV-MA,131 min,"Action & Adventure, International Movies, Romantic Movies",6
s2536,Movie,Match,Unknown,2017,TV-14,91 min,"Dramas, International Movies",17
s2537,Movie,Rencor tatuado,Mexico,2018,TV-MA,152 min,"Dramas, Independent Movies, International Movies",6
s2538,Movie,The Delivery Boy,Nigeria,2018,TV-14,67 min,"International Movies, Thrillers",17
s2539,Movie,Wedy Atkalam,Kuwait,2018,TV-PG,72 min,"Comedies, Dramas, International Movies",0
s2540,Movie,Fire in the Blood,India,2012,TV-14,83 min,"Documentaries, International Movies",17
s2541,Movie,The Wrong Missy,United States,2020,TV-MA,90 min,"Comedies, Romantic Movies",1
s2542,Movie,Ali & Alia,United Arab Emirates,2019,TV-14,106 min,"Dramas, International Movies, Romantic Movies",17
s2544,Movie,Unbreakable Kimmy Schmidt: Kimmy vs. the Reverend,United States,2020,TV-14,190 min,Comedies,19
s2545,Movie,Action Replayy,India,2010,TV-PG,129 min,"Children & Family Movies, Comedies, International Movies",0
s2546,Movie,Andaz Apna Apna,India,1994,TV-14,160 min,"Action & Adventure, Comedies, Cult Movies",5
s2548,Movie,Have a Good Trip: Adventures in Psychedelics,United States,2020,TV-MA,86 min,Documentaries,11
s2550,Movie,John Henry,United States,2020,R,92 min,"Dramas, Thrillers",10
s2551,Movie,18 Presents,Italy,2020,TV-MA,114 min,"Dramas, Independent Movies, International Movies",4
s2556,Movie,Aerials,United Arab Emirates,2016,TV-14,90 min,"International Movies, Sci-Fi & Fantasy",17
s2557,Movie,In Paradox,Kuwait,2019,TV-14,94 min,"International Movies, Sci-Fi & Fantasy, Thrillers",17
s2559,Movie,Si Doel the Movie,Indonesia,2018,TV-PG,86 min,"Dramas, International Movies",0
s2560,Movie,Becoming,United States,2020,PG,89 min,Documentaries,11
s2561,Movie,"Sí, Mi Amor",Unknown,2020,TV-MA,107 min,"Comedies, International Movies, Romantic Movies",8
s2562,Movie,Jerry Seinfeld: 23 Hours To Kill,United States,2020,TV-PG,61 min,Stand-Up Comedy,7
s2563,Movie,Arctic Dogs,"India, United Kingdom, China, Canada, Japan, South Korea, United States",2019,PG,93 min,"Children & Family Movies, Comedies",12
s2564,Movie,Luccas Neto em: Acampamento de Férias 2,Brazil,2020,TV-G,81 min,"Children & Family Movies, Comedies, Music & Musicals",12
s2565,Movie,One Day: Justice Delivered,India,2019,TV-14,120 min,"Dramas, International Movies",19
s2567,Movie,Bennett's War,United States,2019,PG-13,94 min,"Dramas, Sports Movies",2
s2568,Movie,Death Can Wait,Colombia,2020,TV-14,91 min,"Comedies, International Movies",17
s2571,Movie,Lady Driver,United States,2019,PG,104 min,"Dramas, Sports Movies",1
s2572,Movie,Mike Birbiglia: My Girlfriend's Boyfriend,United States,2013,TV-14,76 min,Stand-Up Comedy,7
s2573,Movie,Roped,United States,2020,PG,90 min,"Children & Family Movies, Dramas, Romantic Movies",12
s2574,Movie,The Stand at Paxton County,United States,2020,R,103 min,"Dramas, Independent Movies, Thrillers",10
s2577,Movie,All Day and a Night,United States,2020,R,122 min,"Dramas, Independent Movies",10
s2578,Movie,Cracked Up: The Darrell Hammond Story,United States,2018,TV-MA,97 min,Documentaries,11
s2579,Movie,Get In,"France, Belgium",2019,TV-MA,98 min,"International Movies, Thrillers",15
s2580,Movie,Go! Go! Cory Carson: The Chrissy,United States,2020,TV-Y,42 min,Children & Family Movies,9
s2582,Movie,I Am Divine,United States,2013,TV-MA,90 min,"Documentaries, LGBTQ Movies",11
s2583,Movie,Madagascar: Escape 2 Africa,United States,2008,PG,91 min,"Children & Family Movies, Comedies",12
s2585,Movie,Material,South Africa,2012,TV-14,94 min,"Comedies, Dramas, International Movies",17
s2588,Movie,Mrs. Serial Killer,India,2020,TV-MA,107 min,"International Movies, Thrillers",15
s2590,Movie,Psycho,India,2020,TV-MA,143 min,"Horror Movies, International Movies, Thrillers",6
s2592,Movie,The Half Of It,United States,2020,PG-13,105 min,"Comedies, Dramas, LGBTQ Movies",2
s2593,Movie,The Heartbreak Kid,United States,2007,R,116 min,"Comedies, Romantic Movies",3
s2594,Movie,Thomas & Friends: Marvelous Machinery: A New Arrival,Unknown,2020,TV-Y,23 min,Children & Family Movies,9
s2595,Movie,Thomas & Friends: Marvelous Machinery: World of Tomorrow,Unknown,2020,TV-Y,23 min,Children & Family Movies,9
s2596,Movie,Thomas & Friends: Thomas and the Royal Engine,Unknown,2020,TV-Y,23 min,Children & Family Movies,9
s2597,Movie,What a Girl Wants,"United States, United Kingdom",2003,PG,105 min,"Children & Family Movies, Comedies",12
s2598,Movie,Dangerous Lies,United States,2020,TV-14,97 min,Thrillers,11
s2602,Movie,Rich in Love,Brazil,2020,TV-14,105 min,"Comedies, International Movies, Romantic Movies",17
s2605,Movie,A Secret Love,United States,2020,TV-14,83 min,"Documentaries, LGBTQ Movies",11
s2606,Movie,Ekşi Elmalar,Turkey,2016,TV-PG,109 min,"Dramas, International Movies",0
s2608,Movie,Love Is War,Nigeria,2019,TV-14,111 min,"Comedies, Dramas, International Movies",17
s2609,Movie,Murder to Mercy: The Cyntoia Brown Story,United States,2020,TV-MA,97 min,Documentaries,11
s2611,Movie,R.K.Nagar,India,2019,TV-14,132 min,"Action & Adventure, Comedies, Dramas",19
s2613,Movie,Beynelmilel,Turkey,2006,TV-MA,102 min,"Comedies, Dramas, International Movies",8
s2614,Movie,Bir Baba Hindu,"Turkey, India",2016,TV-MA,107 min,"Action & Adventure, Comedies, International Movies",8
s2615,Movie,Boushkash,Egypt,2008,TV-MA,100 min,"Comedies, International Movies",8
s2616,Movie,Cinar Agaci,Turkey,2011,TV-14,115 min,"Comedies, Dramas, International Movies",17
s2617,Movie,Görümce,Turkey,2016,TV-MA,104 min,"Comedies, International Movies, Music & Musicals",8
s2618,Movie,İstanbul Kırmızısı,"Italy, Turkey",2017,TV-MA,110 min,"Dramas, Independent Movies, International Movies",4
s2619,Movie,Küçük Esnaf,Turkey,2016,TV-MA,100 min,"Comedies, International Movies",8
s2620,Movie,Lembi 8 Giga,Unknown,2010,TV-MA,111 min,"Comedies, International Movies",8
s2621,Movie,Neseli Hayat,Turkey,2009,TV-14,108 min,"Comedies, International Movies",17
s2622,Movie,Organize Isler,Turkey,2005,TV-14,104 min,"Action & Adventure, Comedies, International Movies",17
s2623,Movie,The Reliant,United States,2019,PG-13,116 min,"Dramas, Faith & Spirituality",2
s2624,Movie,We'll Be Right Back After The Break,Egypt,2012,TV-14,106 min,"Action & Adventure, Comedies, International Movies",17
s2625,Movie,5Gang,Romania,2019,TV-14,96 min,"Comedies, International Movies",17
s2626,Movie,Love Aaj Kal,India,2020,TV-MA,140 min,"Dramas, International Movies, Romantic Movies",6
s2627,Movie,The Lift Boy,India,2020,TV-MA,107 min,"Dramas, Independent Movies, International Movies",4
s2630,Movie,Bheeshma,India,2020,TV-14,138 min,"Action & Adventure, Comedies, International Movies",19
s2631,Movie,Bittersweet,Egypt,2010,TV-MA,132 min,"Comedies, Dramas, International Movies",6
s2633,Movie,No Direction Home: Bob Dylan,"United Kingdom, United States, Japan",2005,TV-MA,208 min,"Documentaries, Music & Musicals",5
s2634,Movie,She Made Me a Criminal,Egypt,2006,TV-14,105 min,"Comedies, International Movies",17
s2635,Movie,The Artist,"France, Belgium, United States",2011,PG-13,101 min,"Comedies, Dramas, Independent Movies",2
s2636,Movie,The Dealer,Egypt,2010,TV-14,124 min,"Action & Adventure, International Movies",17
s2637,Movie,The International Player,Egypt,2009,TV-14,93 min,"Dramas, International Movies, Sports Movies",17
s2638,Movie,The Promise,Egypt,2008,TV-14,110 min,"Dramas, International Movies",17
s2639,Movie,الف مبروك,Egypt,2009,TV-14,115 min,"Comedies, Dramas, International Movies",17
s2643,Movie,Kolaiyuthir Kaalam,India,2019,TV-14,107 min,"International Movies, Thrillers",17
s2645,Movie,"Yours Sincerely, Kanan Gill",India,2020,TV-MA,72 min,Stand-Up Comedy,7
s2647,Movie,My Stupid Boss,Indonesia,2016,TV-G,107 min,"Comedies, International Movies",8
s2648,Movie,My Stupid Boss 2,Indonesia,2019,TV-14,95 min,"Comedies, International Movies",17
s2650,Movie,This Earth of Mankind,Indonesia,2019,TV-14,180 min,"Dramas, International Movies",19
s2651,Movie,Time to Hunt,South Korea,2020,TV-MA,135 min,"International Movies, Thrillers",6
s2653,Movie,Circus of Books,United States,2020,TV-MA,87 min,"Documentaries, LGBTQ Movies",11
s2654,Movie,The Plagues of Breslau,Poland,2018,TV-MA,94 min,"International Movies, Thrillers",15
s2655,Movie,The Set Up,Nigeria,2019,TV-MA,105 min,"Dramas, International Movies",4
s2656,Movie,The Silence of the Marsh,Spain,2019,TV-MA,93 min,"International Movies, Thrillers",15
s2657,Movie,The Willoughbys,"Canada, United States, United Kingdom",2020,PG,92 min,"Children & Family Movies, Comedies",12
s2664,Movie,Varane Avashyamund,India,2020,TV-14,144 min,"Comedies, Dramas, International Movies",19
s2668,Movie,Babamın Ceketi,Turkey,2018,TV-MA,101 min,"Comedies, International Movies",8
s2669,Movie,Earth and Blood,"France, Belgium",2020,TV-MA,81 min,"Dramas, International Movies, Thrillers",4
s2672,Movie,Rising High,Germany,2020,TV-MA,95 min,"Dramas, International Movies",4
s2673,Movie,Sergio,United States,2020,R,119 min,"Dramas, Independent Movies",10
s2674,Movie,The Legacy of the Bones,"Spain, Germany",2019,TV-MA,121 min,"International Movies, Thrillers",15
s2675,Movie,Alelí,"Uruguay, Argentina",2019,TV-MA,88 min,"Comedies, Dramas, International Movies",8
s2678,Movie,"Hail, Caesar!","United States, United Kingdom, Japan",2016,PG-13,106 min,Comedies,2
s2679,Movie,Jem and the Holograms,United States,2015,PG,119 min,"Children & Family Movies, Dramas, Music & Musicals",12
s2680,Movie,Maurício Meirelles: Generating Chaos,Brazil,2020,TV-MA,63 min,Stand-Up Comedy,7
s2681,Movie,Puerto Ricans in Paris,United States,2015,R,82 min,Comedies,14
s2682,Movie,Stunt School,Turkey,2019,TV-G,95 min,"Children & Family Movies, Comedies, International Movies",8
s2683,Movie,For the Broken Hearted,Philippines,2018,TV-14,93 min,"Dramas, International Movies, Romantic Movies",17
s2684,Movie,Mischief,India,2019,TV-PG,120 min,"Comedies, Dramas, Independent Movies",0
s2686,Movie,World Famous Lover,India,2020,TV-MA,147 min,"Dramas, International Movies, Romantic Movies",6
s2687,Movie,Chris D'Elia: No Pain,United States,2020,TV-MA,55 min,Stand-Up Comedy,7
s2688,Movie,New Money,Nigeria,2018,TV-14,107 min,"Dramas, International Movies",17
s2689,Movie,Moms at War,Nigeria,2018,TV-14,92 min,"Comedies, Dramas, International Movies",17
s2690,Movie,Surviving R. Kelly: The Impact,United States,2019,TV-14,85 min,Documentaries,11
s2691,Movie,Code 8,Canada,2019,TV-MA,98 min,"Action & Adventure, Independent Movies, International Movies",15
s2693,Movie,LA Originals,"United States, Argentina",2020,TV-MA,92 min,"Documentaries, International Movies, Music & Musicals",11
s2694,Movie,Love Wedding Repeat,"United Kingdom, Italy",2020,TV-MA,101 min,"Comedies, International Movies, Romantic Movies",8
s2695,Movie,School Life,France,2019,TV-MA,112 min,"Comedies, Dramas, International Movies",8
s2696,Movie,The Main Event,United States,2020,TV-G,103 min,"Children & Family Movies, Comedies, Sports Movies",12
s2698,Movie,Tigertail,United States,2020,PG,91 min,Dramas,1
s2701,Movie,Born Beautiful,Philippines,2019,TV-MA,96 min,"Comedies, Dramas, International Movies",8
s2702,Movie,The Last Airbender,United States,2010,PG,104 min,"Action & Adventure, Children & Family Movies, Sci-Fi & Fantasy",12
s2703,Movie,Tiffany Haddish: She Ready! From the Hood To Hollywood!,United States,2017,TV-MA,66 min,Stand-Up Comedy,7
s2704,Movie,Mine 9,United States,2019,TV-MA,83 min,"Dramas, Independent Movies",1
s2705,Movie,The Florida Project,United States,2017,R,111 min,"Dramas, Independent Movies",10
s2706,Movie,Dark Light,United States,2019,TV-MA,90 min,"Horror Movies, Independent Movies, Sci-Fi & Fantasy",1
s2707,Movie,The Killing of a Sacred Deer,"Ireland, United Kingdom",2017,R,121 min,"Dramas, Independent Movies, Thrillers",10
s2708,Movie,Angel Has Fallen,United States,2019,R,121 min,Action & Adventure,14
s2710,Movie,Coffee & Kareem,United States,2020,TV-MA,88 min,"Action & Adventure, Comedies",1
s2712,Movie,Money Heist: The Phenomenon,Spain,2020,TV-MA,57 min,"Documentaries, International Movies",16
s2713,Movie,The Death of Stalin,"United Kingdom, France, Belgium, Canada, United States",2017,R,107 min,"Comedies, Dramas, Independent Movies",10
s2714,Movie,Sol Levante,Japan,2020,TV-14,5 min,"Action & Adventure, Anime Features, International Movies",16
s2715,Movie,Violet Evergarden: Eternity and the Auto Memory Doll,Japan,2019,TV-PG,91 min,"Anime Features, International Movies, Sci-Fi & Fantasy",0
s2716,Movie,Agneepath,India,1990,TV-14,174 min,"Dramas, International Movies",5
s2717,Movie,Brothers,"India, United States",2015,TV-14,155 min,"Action & Adventure, Dramas, International Movies",19
s2718,Movie,Chhota Bheem and the Curse of Damyaan,India,2012,TV-Y7,87 min,Children & Family Movies,12
s2720,Movie,David Batra: Elefanten i rummet,Sweden,2020,TV-MA,77 min,Stand-Up Comedy,7
s2721,Movie,Dostana,"India, United States",2008,TV-14,142 min,"Comedies, Dramas, International Movies",19
s2722,Movie,Duniya,India,1984,TV-14,170 min,"Action & Adventure, Dramas, International Movies",5
s2723,Movie,Duplicate,India,1998,TV-14,165 min,"Comedies, Dramas, International Movies",5
s2724,Movie,Friendship,India,1980,TV-14,161 min,"Action & Adventure, Dramas, International Movies",5
s2725,Movie,Gori Tere Pyaar Mein,India,2013,TV-14,144 min,"Comedies, Dramas, International Movies",19
s2726,Movie,Gumrah,India,1993,TV-14,149 min,"Action & Adventure, Dramas, International Movies",5
s2727,Movie,Hasee Toh Phasee,India,2014,TV-14,135 min,"Comedies, Dramas, International Movies",19
s2729,Movie,Humpty Sharma Ki Dulhania,India,2014,TV-14,131 min,"Comedies, International Movies, Romantic Movies",19
s2730,Movie,Kaal,India,2005,TV-14,126 min,"Horror Movies, International Movies, Thrillers",19
s2731,Movie,Kabhi Alvida Naa Kehna,India,2006,TV-14,192 min,"Dramas, International Movies, Romantic Movies",5
s2732,Movie,Kabhi Khushi Kabhie Gham,India,2001,TV-14,209 min,"Dramas, International Movies",5
s2733,Movie,Kal Ho Naa Ho,India,2003,TV-14,187 min,"Comedies, Dramas, International Movies",5
s2734,Movie,Kapoor & Sons,India,2016,TV-14,138 min,"Comedies, Dramas, International Movies",19
s2735,Movie,Kuch Kuch Hota Hai,India,1998,TV-14,185 min,"Comedies, Dramas, International Movies",5
s2736,Movie,Magnificent,India,2015,TV-14,143 min,"Comedies, International Movies, Romantic Movies",19
s2738,Movie,Mighty Raju Rio Calling,India,2014,TV-Y7,97 min,"Children & Family Movies, Sports Movies",12
s2739,Movie,Muqaddar ka Faisla,India,1987,TV-14,172 min,"Action & Adventure, Comedies, Dramas",5
s2742,Movie,SETHUM AAYIRAM PON,India,2020,TV-MA,103 min,"Dramas, Independent Movies, International Movies",4
s2745,Movie,The Little Vampire,"Netherlands, Germany, Denmark, United Kingdom",2017,TV-G,83 min,Children & Family Movies,12
s2746,Movie,The Runaways,United States,2010,R,107 min,"Dramas, Independent Movies, Music & Musicals",10
s2748,Movie,Ungli,India,2014,TV-14,114 min,"Comedies, Dramas, International Movies",19
s2750,Movie,Wildling,United States,2018,R,93 min,"Horror Movies, Independent Movies, Sci-Fi & Fantasy",14
s2751,Movie,A truthful Mother,India,2020,TV-Y7,85 min,Children & Family Movies,9
s2754,Movie,Dave Chappelle: The Kennedy Center Mark Twain Prize for American Humor,United States,2020,TV-MA,85 min,Stand-Up Comedy,7
s2755,Movie,Greater,United States,2016,PG,131 min,"Children & Family Movies, Dramas, Sports Movies",12
s2756,Movie,Indian Horse,Canada,2017,TV-MA,101 min,"Dramas, Independent Movies, Sports Movies",1
s2757,Movie,Paharganj,India,2019,TV-MA,107 min,"Dramas, Independent Movies, International Movies",4
s2758,Movie,Pretty Little Stalker,United States,2018,TV-14,84 min,Thrillers,11
s2759,Movie,Through My Father's Eyes: The Ronda Rousey Story,"Canada, United States",2019,R,104 min,"Documentaries, Sports Movies",11
s2761,Movie,Kannum Kannum Kollaiyadithaal,India,2020,TV-14,160 min,"Comedies, Dramas, International Movies",19
s2763,Movie,Rogue Warfare,United States,2019,R,103 min,Action & Adventure,14
s2764,Movie,Dragons: Rescue Riders: Hunt for the Golden Dragon,United States,2020,TV-Y,46 min,"Children & Family Movies, Comedies",9
s2767,Movie,Maska,India,2020,TV-MA,112 min,"Comedies, Dramas, International Movies",8
s2769,Movie,The Decline,Canada,2020,TV-MA,83 min,"Action & Adventure, International Movies",15
s2770,Movie,There's Something in the Water,Canada,2019,TV-14,72 min,"Documentaries, International Movies",17
s2771,Movie,True: Wuzzle Wegg Day,Canada,2020,TV-Y,24 min,Children & Family Movies,9
s2772,Movie,Uncorked,United States,2020,TV-MA,104 min,"Dramas, Independent Movies",1
s2774,Movie,Willy and the Guardians of the Lake: Tales from the Lakeside Winter Adventure,Hungary,2019,TV-Y,72 min,Children & Family Movies,9
s2776,Movie,Happy Old Year,Thailand,2019,TV-MA,113 min,"Dramas, International Movies, Romantic Movies",4
s2777,Movie,Making Unorthodox,Germany,2020,TV-G,21 min,"Documentaries, International Movies",16
s2779,Movie,Bethany Hamilton: Unstoppable,United States,2019,PG,100 min,"Children & Family Movies, Documentaries, Sports Movies",12
s2780,Movie,Crip Camp: A Disability Revolution,United States,2020,R,108 min,Documentaries,14
s2781,Movie,Curtiz,Hungary,2018,TV-MA,99 min,"Dramas, International Movies",4
s2782,Movie,The Occupant,Spain,2020,TV-MA,104 min,"Independent Movies, International Movies, Thrillers",15
s2783,Movie,Tom Segura: Ball Hog,United States,2020,TV-MA,70 min,Stand-Up Comedy,7
s2787,Movie,A Life of Speed: The Juan Manuel Fangio Story,Argentina,2020,TV-14,93 min,"Documentaries, International Movies, Sports Movies",17
s2790,Movie,El silencio es bienvenido,Mexico,2017,TV-14,95 min,"Dramas, Independent Movies, International Movies",17
s2797,Movie,Ultras,Italy,2020,TV-MA,109 min,"Dramas, International Movies, Sports Movies",4
s2799,Movie,3022,United States,2019,R,91 min,"Independent Movies, Sci-Fi & Fantasy, Thrillers",14
s2800,Movie,Altered Carbon: Resleeved,"Japan, United States",2020,TV-MA,75 min,"Action & Adventure, Anime Features, International Movies",15
s2801,Movie,Masameer - The Movie,Saudi Arabia,2020,TV-14,100 min,"Comedies, International Movies",17
s2802,Movie,AllI Wish,United States,2017,R,95 min,"Dramas, Romantic Movies",10
s2804,Movie,Lu Over the Wall,Japan,2017,PG,113 min,"Anime Features, Music & Musicals, Sci-Fi & Fantasy",12
s2806,Movie,XV: Beyond the Tryline,United Kingdom,2016,TV-14,91 min,"Documentaries, Sports Movies",11
s2807,Movie,Bert Kreischer: Hey Big Boy,United States,2020,TV-MA,62 min,Stand-Up Comedy,7
s2810,Movie,Search Party,United States,2014,R,93 min,Comedies,14
s2811,Movie,Bypass Road,India,2019,TV-14,135 min,"International Movies, Thrillers",19
s2812,Movie,Digs & Discoveries: All Track's Lead to Rome,Unknown,2019,TV-Y,23 min,Children & Family Movies,9
s2813,Movie,Digs & Discoveries: Mines of Mystery,Unknown,2019,TV-Y,23 min,Children & Family Movies,9
s2815,Movie,Steam Team to the Rescue,Unknown,2019,TV-Y,23 min,Children & Family Movies,9
s2816,Movie,Jai Mummy Di,India,2020,TV-MA,101 min,"Comedies, International Movies, Romantic Movies",8
s2818,Movie,Baby Mamas,South Africa,2018,TV-14,98 min,"Comedies, Dramas, International Movies",17
s2820,Movie,Go Karts,Australia,2020,TV-PG,103 min,"Children & Family Movies, Dramas",0
s2821,Movie,Justine,United States,2019,TV-MA,106 min,"Dramas, Independent Movies",1
s2823,Movie,Lost Girls,United States,2020,R,95 min,Dramas,10
s2824,Movie,Miracle in Cell No. 7,Turkey,2019,TV-14,132 min,"Dramas, International Movies",19
s2829,Movie,Carmen Sandiego: To Steal or Not to Steal,"Canada, United States",2020,TV-Y7,82 min,Children & Family Movies,12
s2830,Movie,Marc Maron: End Times Fun,United States,2020,TV-MA,71 min,Stand-Up Comedy,7
s2831,Movie,Sitara: Let Girls Dream,"Pakistan, United States",2020,TV-PG,16 min,"Children & Family Movies, Dramas",16
s2832,Movie,Alakada Reloaded,Unknown,2017,TV-MA,104 min,"Comedies, International Movies",8
s2833,Movie,All About Love,South Africa,2017,TV-MA,79 min,"Dramas, International Movies, Romantic Movies",4
s2834,Movie,Guilty,India,2020,TV-MA,120 min,"Dramas, International Movies",6
s2835,Movie,I am Jonas,France,2019,TV-MA,82 min,"Dramas, Independent Movies, International Movies",4
s2836,Movie,Miles Davis: Birth of the Cool,United States,2019,TV-MA,115 min,"Documentaries, Music & Musicals",11
s2837,Movie,Spenser Confidential,United States,2020,R,111 min,"Action & Adventure, Comedies",14
s2838,Movie,Twin Murders: the Silence of the White City,Spain,2020,TV-MA,110 min,"International Movies, Thrillers",15
s2840,Movie,93 Days,Nigeria,2016,TV-PG,121 min,"Dramas, International Movies, Thrillers",0
s2841,Movie,Angu Vaikuntapurathu (Malayalam),Unknown,2020,TV-14,162 min,"Action & Adventure, Comedies, Dramas",19
s2843,Movie,Tootsies & The Fake,Thailand,2019,TV-MA,108 min,"Comedies, International Movies, LGBTQ Movies",8
s2844,Movie,Aurora,"Romania, France, Switzerland, Germany",2010,TV-MA,186 min,"Dramas, International Movies",6
s2845,Movie,Lil Peep: Everybody’s Everything,United States,2019,TV-MA,116 min,"Documentaries, Music & Musicals",11
s2846,Movie,The Death of Mr. Lazarescu,Romania,2005,R,154 min,"Dramas, International Movies",5
s2848,Movie,Freaks,"United States, Canada",2018,R,105 min,"Independent Movies, Sci-Fi & Fantasy, Thrillers",14
s2849,Movie,Luccas Neto in: The End of Christmas,Brazil,2019,TV-Y,71 min,"Children & Family Movies, Comedies, Music & Musicals",9
s2850,Movie,Taylor Tomlinson: Quarter-Life Crisis,United States,2020,TV-MA,61 min,Stand-Up Comedy,7
s2851,Movie,The Last Bomb of the Second World War,India,2019,TV-14,133 min,"Dramas, Independent Movies, International Movies",19
s2852,Movie,Uncovered,South Africa,2019,TV-MA,98 min,"Dramas, International Movies",4
s2853,Movie,W.E.,United Kingdom,2011,R,119 min,"Dramas, Romantic Movies",10
s2854,Movie,Fat Ballerina - David A. Arnold,United States,2020,TV-MA,61 min,Stand-Up Comedy,7
s2857,Movie,Bhangra Paa Le,India,2019,TV-14,130 min,"Comedies, Dramas, International Movies",19
s2859,Movie,Calico Critters: Everyone's Big Dream Flying in the Sky,Unknown,2019,TV-Y,11 min,Children & Family Movies,9
s2860,Movie,Frank & Lola,United States,2016,TV-MA,87 min,"Dramas, Thrillers",1
s2861,Movie,Hugo,"United Kingdom, United States, France",2011,PG,127 min,"Children & Family Movies, Dramas",12
s2862,Movie,Ordinary World,United States,2016,TV-14,87 min,"Comedies, Dramas, Music & Musicals",1
s2863,Movie,"Pop, Lock 'n Roll",South Africa,2017,TV-14,88 min,"Dramas, International Movies, Romantic Movies",17
s2864,Movie,There Will Be Blood,United States,2007,R,158 min,"Dramas, Independent Movies",10
s2865,Movie,Velvet Colección: Grand Finale,Unknown,2020,TV-14,82 min,"Dramas, International Movies, Romantic Movies",17
s2866,Movie,Voulez-vous rire avec moi ce soir?,France,2018,TV-MA,93 min,"Documentaries, International Movies",15
s2867,Movie,ZZ TOP: THAT LITTLE OL' BAND FROM TEXAS,"United Kingdom, Canada, United States",2019,TV-MA,90 min,"Documentaries, Music & Musicals",11
s2868,Movie,All The Bright Places,United States,2020,TV-MA,109 min,"Dramas, Romantic Movies",1
s2870,Movie,Amit Tandon: Family Tandoncies,India,2019,TV-14,72 min,Stand-Up Comedy,7
s2874,Movie,Ala Vaikunthapurramuloo,India,2020,TV-14,162 min,"Action & Adventure, Comedies, Dramas",19
s2877,Movie,Pokémon: Mewtwo Strikes Back - Evolution,Japan,2019,TV-Y7,98 min,"Anime Features, Children & Family Movies",12
s2879,Movie,Couple of Days,Nigeria,2016,TV-14,103 min,"Dramas, International Movies, Romantic Movies",17
s2880,Movie,Gbomo Gbomo Express,Nigeria,2015,TV-MA,97 min,"Dramas, International Movies",4
s2882,Movie,Taxi Driver,Nigeria,2015,TV-MA,94 min,"Comedies, Dramas, Independent Movies",1
s2883,Movie,The Arbitration,Nigeria,2016,TV-MA,101 min,"Dramas, International Movies",4
s2885,Movie,The Visit,Unknown,2015,TV-MA,138 min,"Dramas, Independent Movies, International Movies",6
s2886,Movie,When Love Happens,Nigeria,2014,TV-14,109 min,"International Movies, Romantic Movies",17
s2887,Movie,Pete Davidson: Alive From New York,United States,2020,TV-MA,50 min,Stand-Up Comedy,7
s2888,Movie,Full Count,United States,2019,TV-PG,110 min,"Children & Family Movies, Dramas, Faith & Spirituality",12
s2890,Movie,Girl on the Third Floor,United States,2019,TV-MA,92 min,Horror Movies,1
s2896,Movie,System Crasher,Germany,2020,TV-MA,120 min,"Dramas, Independent Movies, International Movies",4
s2897,Movie,The Body,India,2019,TV-14,101 min,"International Movies, Thrillers",17
s2898,Movie,The Last Thing He Wanted,United States,2020,R,116 min,"Dramas, Thrillers",10
s2899,Movie,Yeh Ballet,India,2020,TV-MA,117 min,"Dramas, International Movies",6
s2900,Movie,Pretville,South Africa,2012,TV-PG,95 min,"Comedies, International Movies, Music & Musicals",0
s2902,Movie,Untamed Romania,"Romania, United Kingdom",2018,TV-PG,93 min,"Children & Family Movies, Documentaries, International Movies",0
s2904,Movie,By the Sea,"France, Malta, United States",2015,R,122 min,"Dramas, Romantic Movies",10
s2905,Movie,Miss Virginia,United States,2019,TV-MA,102 min,"Dramas, Independent Movies",1
s2906,Movie,MR. RIGHT,United States,2015,R,96 min,"Action & Adventure, Comedies, Romantic Movies",14
s2908,Movie,Term Life,United States,2016,R,93 min,"Dramas, Thrillers",10
s2909,Movie,The Forest,United States,2016,PG-13,93 min,"Horror Movies, Independent Movies",2
s2910,Movie,Monster High: Electrified,Unknown,2017,TV-Y,72 min,Movies,9
s2912,Movie,A Shaun the Sheep Movie: Farmageddon,"United Kingdom, France, Belgium, Ireland, United States",2019,G,87 min,"Children & Family Movies, Comedies",12
s2913,Movie,Cuddle Weather,Philippines,2019,TV-MA,95 min,"Dramas, International Movies, Romantic Movies",4
s2914,Movie,Fanatyk,Poland,2017,TV-MA,33 min,"Comedies, Dramas, Independent Movies",16
s2915,Movie,Isi & Ossi,Germany,2020,TV-MA,113 min,"Comedies, International Movies, Romantic Movies",8
s2916,Movie,Liefling,South Africa,2010,TV-PG,118 min,"Comedies, International Movies, Music & Musicals",0
s2917,Movie,Panipat - The Great Betrayal,India,2019,TV-14,171 min,"Dramas, International Movies, Romantic Movies",19
s2919,Movie,The Ghost and the Tout,Nigeria,2018,TV-14,100 min,"Comedies, International Movies",17
s2920,Movie,Dragon Quest Your Story,Japan,2019,TV-PG,103 min,"Action & Adventure, Anime Features, Children & Family Movies",0
s2925,Movie,French Toast,South Africa,2015,TV-PG,86 min,"Comedies, International Movies, Romantic Movies",0
s2926,Movie,To All the Boys: P.S. I Still Love You,United States,2020,TV-14,102 min,"Comedies, Romantic Movies",17
s2928,Movie,Captain Underpants Epic Choice-o-Rama,United States,2020,TV-Y7,81 min,"Children & Family Movies, Comedies",12
s2929,Movie,Good Time,United States,2017,R,101 min,"Dramas, Independent Movies, Thrillers",10
s2930,Movie,ROAD TO ROMA,Mexico,2020,TV-PG,73 min,"Documentaries, International Movies",16
s2931,Movie,Love for Sale 2,Indonesia,2019,TV-14,96 min,"Dramas, International Movies, Romantic Movies",17
s2933,Movie,Fronteras,United States,2018,TV-MA,106 min,"Dramas, Independent Movies, Thrillers",1
s2934,Movie,Polaroid,"United States, Norway, Canada",2019,PG-13,88 min,Horror Movies,2
s2935,Movie,The Coldest Game,"Poland, United States",2019,TV-MA,103 min,"Dramas, International Movies, Thrillers",4
s2936,Movie,Thottappan,India,2019,TV-14,139 min,"Comedies, Dramas, International Movies",19
s2937,Movie,Azali,Ghana,2018,TV-14,89 min,"Dramas, International Movies",17
s2940,Movie,Horse Girl,United States,2020,R,104 min,"Dramas, Independent Movies",10
s2941,Movie,Jada,India,2019,TV-14,124 min,"Dramas, International Movies, Sports Movies",19
s2944,Movie,The Ballad of Lefty Brown,United States,2017,R,112 min,Dramas,10
s2947,Movie,Gardeners of Eden,"Kenya, United States",2014,TV-14,70 min,Documentaries,11
s2950,Movie,Uppity: The Willy T. Ribbs Story,United States,2020,TV-MA,106 min,"Documentaries, Sports Movies",11
s2951,Movie,Dragonheart: Vengeance,United States,2020,PG-13,97 min,"Action & Adventure, Sci-Fi & Fantasy",2
s2952,Movie,"Faith, Hope & Love",United States,2019,PG,106 min,"Comedies, Faith & Spirituality, Romantic Movies",12
s2953,Movie,Tom Papa: You're Doing Great!,United States,2020,TV-14,60 min,Stand-Up Comedy,7
s2955,Movie,Thambi,India,2019,TV-14,148 min,"International Movies, Thrillers",19
s2956,Movie,The Silent War,Spain,2020,TV-MA,122 min,"Dramas, International Movies, Thrillers",6
s2957,Movie,Chronically Metropolitan,United States,2016,TV-MA,86 min,"Comedies, Dramas, Independent Movies",1
s2958,Movie,Hum Aapke Hain Koun,India,1994,TV-14,193 min,"Classic Movies, Dramas, International Movies",5
s2961,Movie,Justice,United States,2017,R,92 min,Movies,14
s2962,Movie,Love Jacked,"Canada, South Africa",2018,PG-13,94 min,"Comedies, International Movies, Romantic Movies",8
s2964,Movie,Misfit 2,Netherlands,2019,TV-G,82 min,"Children & Family Movies, Comedies, International Movies",12
s2965,Movie,Night on Earth: Shot in the Dark,United Kingdom,2020,TV-PG,59 min,Movies,16
s2969,Movie,The Car: Road to Revenge,United States,2019,TV-MA,89 min,"Action & Adventure, Horror Movies, Sci-Fi & Fantasy",1
s2970,Movie,Together For Eternity,India,1999,TV-G,176 min,"Dramas, International Movies, Music & Musicals",5
s2971,Movie,37 Seconds,Japan,2020,TV-MA,116 min,"Dramas, International Movies",4
s2973,Movie,Gang of the Caribbean,France,2016,TV-MA,86 min,"Dramas, International Movies",4
s2974,Movie,Hakkunde,Nigeria,2017,TV-14,93 min,"Comedies, Dramas, Independent Movies",17
s2976,Movie,Miss Americana,United States,2020,TV-MA,85 min,"Documentaries, Music & Musicals",11
s2979,Movie,Kevin Hart: I'm a Grown Little Man,United States,2009,TV-MA,62 min,Stand-Up Comedy,7
s2982,Movie,Close Enemies,"France, Belgium",2018,TV-MA,112 min,"Dramas, International Movies",4
s2986,Movie,Shimla Mirchi,India,2020,TV-14,121 min,"Comedies, International Movies, Romantic Movies",19
s2987,Movie,Sillu Karuppatti,India,2019,TV-14,133 min,"Comedies, Dramas, Independent Movies",19
s2988,Movie,Vir Das: For India,India,2020,TV-MA,76 min,Stand-Up Comedy,7
s2989,Movie,Menashe,United States,2017,PG,82 min,"Dramas, Independent Movies",1
s2990,Movie,A Sun,Taiwan,2019,TV-MA,156 min,"Dramas, Independent Movies, International Movies",6
s2991,Movie,Die Ontwaking,South Africa,2015,TV-MA,90 min,"International Movies, Thrillers",15
s2996,Movie,Airplane Mode,United States,2020,TV-PG,97 min,"Comedies, International Movies, Romantic Movies",0
s2997,Movie,Alex Fernández: The Best Comedian in the World,Mexico,2020,TV-MA,51 min,Stand-Up Comedy,7
s3003,Movie,Whisky,"Uruguay, Argentina, Germany, Spain",2004,TV-MA,98 min,"Comedies, Dramas, International Movies",8
s3004,Movie,Fortune Feimster: Sweet & Salty,United States,2020,TV-MA,61 min,Stand-Up Comedy,7
s3005,Movie,KD (A) Karuppudurai,India,2019,TV-14,116 min,"Comedies, Dramas, Independent Movies",19
s3007,Movie,Motichoor Chaknachoor,India,2019,TV-14,132 min,"Comedies, Dramas, International Movies",19
s3008,Movie,WHAT DID JACK DO?,United States,2020,TV-14,17 min,"Dramas, Independent Movies",16
s3009,Movie,The Bling Ring,"United States, United Kingdom, France, Germany, Japan",2013,R,91 min,"Dramas, Independent Movies",10
s3010,Movie,A Fall from Grace,United States,2020,TV-MA,121 min,"Dramas, Thrillers",1
s3015,Movie,Deadcon,United States,2019,TV-14,78 min,Horror Movies,11
s3017,Movie,Hop,"United States, France, Japan",2011,PG,95 min,"Children & Family Movies, Comedies",12
s3018,Movie,Jezebel,United States,2019,TV-MA,86 min,"Dramas, Independent Movies",1
s3019,Movie,Legend,"United Kingdom, France, United States",2015,R,132 min,"Dramas, International Movies, Thrillers",10
s3020,Movie,NiNoKuni,Japan,2019,TV-14,107 min,"Action & Adventure, Anime Features, Children & Family Movies",17
s3022,Movie,Steve Jobs,"United Kingdom, United States",2015,R,122 min,Dramas,10
s3023,Movie,Bulbul Can Sing,India,2018,TV-14,95 min,"Dramas, Independent Movies, International Movies",17
s3024,Movie,Eye For An Eye,"Spain, France, United States",2019,TV-MA,108 min,"Dramas, International Movies, Thrillers",4
s3026,Movie,MindGamers,Austria,2017,R,99 min,"International Movies, Sci-Fi & Fantasy, Thrillers",14
s3027,Movie,The Brave,United States,2019,TV-MA,103 min,"Action & Adventure, Independent Movies",1
s3028,Movie,Leslie Jones: Time Machine,United States,2020,TV-MA,66 min,Stand-Up Comedy,7
s3030,Movie,Women of Mafia 2,Poland,2019,TV-MA,132 min,"Action & Adventure, Dramas, International Movies",6
s3032,Movie,Betty White: First Lady of Television,United States,2018,TV-14,56 min,Documentaries,16
s3033,Movie,Made in China,India,2019,TV-MA,128 min,"Comedies, Dramas, International Movies",6
s3039,Movie,Monsters: Dark Continent,United Kingdom,2014,R,119 min,"Action & Adventure, Dramas, Independent Movies",10
s3042,Movie,Bulletproof 2,United States,2020,TV-MA,97 min,"Action & Adventure, Comedies",1
s3044,Movie,A Ghost Story,United States,2017,R,92 min,"Dramas, Independent Movies",10
s3045,Movie,"Live Twice, Love Once",Spain,2020,TV-MA,102 min,"Comedies, Dramas, International Movies",8
s3047,Movie,All the Freckles in the World,Mexico,2020,TV-14,90 min,"Comedies, International Movies, Romantic Movies",17
s3049,Movie,Half Girlfriend,India,2017,TV-14,129 min,"Dramas, International Movies, Romantic Movies",19
s3052,Movie,Aruna & Her Palate,"Indonesia, South Korea, Singapore",2018,TV-14,106 min,"Dramas, International Movies",17
s3055,Movie,Breaking the Bank,United Kingdom,2014,TV-PG,105 min,"Comedies, International Movies",0
s3058,Movie,Garfield Gets Real,United States,2007,TV-Y,78 min,"Children & Family Movies, Comedies",12
s3059,Movie,Garfield's Fun Fest,"United States, South Korea",2008,TV-Y7,79 min,"Children & Family Movies, Comedies",12
s3060,Movie,Garfield's Pet Force,"South Korea, United States",2009,G,78 min,"Children & Family Movies, Comedies",12
s3061,Movie,Ghost Stories,India,2020,TV-MA,145 min,"Horror Movies, International Movies, Thrillers",6
s3062,Movie,Jeff Dunham: Unhinged in Hollywood,United States,2015,TV-MA,71 min,Stand-Up Comedy,7
s3063,Movie,Jimmy Neutron: Boy Genius,"United States, Spain",2001,G,83 min,"Children & Family Movies, Comedies, Sci-Fi & Fantasy",3
s3065,Movie,Luccas Neto in: Children's Day,Unknown,2019,TV-G,81 min,"Children & Family Movies, Comedies, Music & Musicals",12
s3069,Movie,Pan's Labyrinth,"Mexico, Spain",2006,R,119 min,"Dramas, International Movies, Sci-Fi & Fantasy",10
s3070,Movie,Pokémon the Movie: Power of Us,Japan,2018,TV-Y7,98 min,"Anime Features, Children & Family Movies",12
s3071,Movie,Posesif,Indonesia,2017,TV-MA,102 min,"Dramas, International Movies, Romantic Movies",4
s3073,Movie,Riot,Unknown,2015,TV-MA,88 min,Action & Adventure,15
s3074,Movie,Road Trip: Beer Pong,United States,2009,R,97 min,Comedies,14
s3078,Movie,Aaviri,India,2019,TV-14,110 min,"Horror Movies, International Movies, Thrillers",17
s3079,Movie,Albert Pinto Ko Gussa Kyun Aata Hai?,India,2019,TV-MA,85 min,"Dramas, Independent Movies, International Movies",4
s3081,Movie,Benchwarmers 2: Breaking Balls,United States,2019,PG-13,90 min,"Comedies, Sports Movies",2
s3082,Movie,How High 2,United States,2019,TV-MA,89 min,Comedies,1
s3090,Movie,Hot Gimmick: Girl Meets Boy,Japan,2019,TV-MA,120 min,"Dramas, International Movies",4
s3091,Movie,Blitz Patrollie,South Africa,2013,TV-MA,102 min,"Action & Adventure, Comedies, International Movies",8
s3092,Movie,"El Pepe, a Supreme Life","Argentina, Uruguay, Serbia",2018,TV-14,73 min,"Documentaries, International Movies",17
s3094,Movie,The Vendor,Unknown,2018,TV-MA,103 min,"Comedies, International Movies",8
s3095,Movie,The App,Italy,2019,TV-MA,79 min,"Dramas, Independent Movies, International Movies",4
s3098,Movie,Doom: Annihilation,United States,2019,R,97 min,"Action & Adventure, Horror Movies, Sci-Fi & Fantasy",14
s3099,Movie,Fireworks,Japan,2017,TV-PG,91 min,"Anime Features, Romantic Movies",0
s3100,Movie,Grand-Daddy Day Care,United States,2019,PG-13,96 min,"Children & Family Movies, Comedies",12
s3101,Movie,Jarhead: Law of Return,"Israel, United States",2019,R,103 min,"Action & Adventure, Dramas",10
s3102,Movie,MFKZ,"France, Japan",2017,R,95 min,"Action & Adventure, Comedies, International Movies",14
s3103,Movie,Sweetheart,United States,2019,PG-13,83 min,"Horror Movies, Sci-Fi & Fantasy, Thrillers",2
s3105,Movie,Como caído del cielo,Mexico,2019,TV-14,117 min,"Comedies, International Movies, Music & Musicals",17
s3106,Movie,John Mulaney & The Sack Lunch Bunch,United States,2019,TV-PG,70 min,"Children & Family Movies, Comedies",12
s3108,Movie,Jacob's Ladder,United States,2019,R,90 min,Thrillers,14
s3110,Movie,Back of the Net,Australia,2019,TV-Y,86 min,"Children & Family Movies, Sports Movies",9
s3111,Movie,Lost in London,Nigeria,2017,TV-PG,86 min,"Comedies, International Movies",0
s3113,Movie,Being Mrs Elliot,Nigeria,2014,TV-14,113 min,"Dramas, International Movies, Romantic Movies",17
s3114,Movie,Falz Experience,Unknown,2018,TV-MA,82 min,"International Movies, Music & Musicals",15
s3115,Movie,Iyore,Nigeria,2015,TV-PG,141 min,"Dramas, International Movies, Romantic Movies",0
s3116,Movie,The First Lady,Unknown,2015,TV-MA,107 min,"Dramas, International Movies",4
s3117,Movie,The Two Popes,"United Kingdom, Italy",2019,PG-13,126 min,Dramas,2
s3119,Movie,After the Raid,"United States, Mexico",2019,TV-PG,25 min,"Documentaries, International Movies",16
s3124,Movie,Ronny Chieng: Asian Comedian Destroys America!,United States,2019,TV-MA,63 min,Stand-Up Comedy,7
s3125,Movie,"Sincerely Yours, Dhaka",Bangladesh,2018,TV-MA,136 min,"Comedies, Dramas, Independent Movies",6
s3126,Movie,The Danish Girl,"United Kingdom, United States, Germany, Denmark, Belgium, Japan",2015,R,120 min,"Dramas, Independent Movies, International Movies",10
s3127,Movie,Bangistan,India,2015,TV-14,134 min,"Comedies, Dramas, International Movies",19
s3132,Movie,Dil Chahta Hai,India,2001,TV-14,185 min,"Comedies, Dramas, International Movies",5
s3133,Movie,Dil Dhadakne Do,India,2015,TV-MA,174 min,"Comedies, Dramas, International Movies",6
s3134,Movie,Don,India,2006,TV-14,169 min,"Action & Adventure, International Movies",5
s3135,Movie,Don 2,"India, Germany",2011,TV-14,148 min,"Action & Adventure, International Movies, Music & Musicals",19
s3136,Movie,Fukrey,India,2013,TV-14,135 min,"Action & Adventure, Comedies, Dramas",19
s3137,Movie,Game,India,2011,TV-14,135 min,"International Movies, Thrillers",19
s3139,Movie,Holy Expectations,Unknown,2019,TV-14,89 min,"Children & Family Movies, Comedies, International Movies",17
s3140,Movie,Honeymoon Travels Pvt. Ltd.,India,2007,TV-14,119 min,"Comedies, Dramas, International Movies",19
s3141,Movie,Isoken,Nigeria,2017,TV-14,98 min,"Comedies, International Movies, Romantic Movies",17
s3142,Movie,Karthik Calling Karthik,India,2010,TV-14,135 min,"Dramas, International Movies, Thrillers",19
s3143,Movie,Lakshya,India,2004,TV-PG,185 min,"Action & Adventure, Dramas, International Movies",5
s3144,Movie,Luck by Chance,India,2009,TV-14,156 min,"Dramas, International Movies, Romantic Movies",19
s3145,Movie,Potato Potahto,Ghana,2017,TV-MA,104 min,"Comedies, Dramas, International Movies",8
s3146,Movie,Rock On!!,India,2008,TV-14,139 min,"Dramas, International Movies, Music & Musicals",19
s3148,Movie,Talaash,India,2012,TV-14,140 min,"Dramas, International Movies, Thrillers",19
s3150,Movie,Zindagi Na Milegi Dobara,India,2011,TV-14,154 min,"Comedies, Dramas, International Movies",19
s3151,Movie,6 Underground,United States,2019,R,129 min,"Action & Adventure, Dramas",10
s3152,Movie,A Trip to Jamaica,Nigeria,2016,TV-MA,99 min,"Comedies, International Movies",8
s3153,Movie,My Wife and I,South Africa,2017,TV-MA,100 min,"Comedies, International Movies, Romantic Movies",8
s3154,Movie,Okafor's Law,Nigeria,2016,TV-14,110 min,"Comedies, International Movies, Romantic Movies",17
s3155,Movie,Seven and a half dates,Unknown,2018,TV-14,107 min,"Dramas, International Movies, Romantic Movies",17
s3156,Movie,The 9th Precinct,Taiwan,2019,TV-MA,95 min,"International Movies, Thrillers",15
s3157,Movie,Zero Hour,Unknown,2018,TV-MA,89 min,"International Movies, Thrillers",15
s3158,Movie,Jack Whitehall: Christmas with My Father,United Kingdom,2019,TV-MA,65 min,Stand-Up Comedy,7
s3159,Movie,The Sky Is Pink,"India, United Kingdom, Canada, United States",2019,TV-MA,143 min,"Dramas, International Movies",6
s3160,Movie,Good and Prosperous,Egypt,2017,TV-14,101 min,"Comedies, International Movies",17
s3161,Movie,Michelle Wolf: Joke Show,United States,2019,TV-MA,60 min,Stand-Up Comedy,7
s3162,Movie,A Family Reunion Christmas,United States,2019,TV-PG,29 min,"Children & Family Movies, Comedies",9
s3163,Movie,It Comes at Night,United States,2017,R,92 min,"Horror Movies, Independent Movies",14
s3164,Movie,Saaho,India,2019,TV-14,172 min,"Action & Adventure, International Movies",19
s3165,Movie,Nothing to Lose 2,Brazil,2019,PG-13,97 min,"Dramas, Faith & Spirituality, International Movies",4
s3167,Movie,Banana Island Ghost,Nigeria,2017,TV-14,108 min,"Comedies, International Movies",17
s3168,Movie,Celebrity Marriage,Unknown,2017,TV-14,107 min,"Dramas, International Movies",17
s3170,Movie,Marriage Story,"United Kingdom, United States",2019,R,137 min,Dramas,10
s3171,Movie,No Game No Life: Zero,Japan,2017,TV-MA,106 min,"Action & Adventure, Anime Features, International Movies",15
s3172,Movie,Slow Country,Nigeria,2017,TV-MA,115 min,"Dramas, International Movies",4
s3173,Movie,Spirit Riding Free: Spirit of Christmas,United States,2019,TV-Y7,46 min,Children & Family Movies,9
s3179,Movie,Wives on Strike,Nigeria,2016,TV-14,92 min,"Comedies, Dramas, International Movies",17
s3180,Movie,Wives on Strike: The Revolution,"United Kingdom, Nigeria",2017,TV-PG,93 min,"Comedies, Dramas, International Movies",0
s3181,Movie,A Christmas Prince: The Royal Baby,United States,2019,TV-PG,85 min,"Children & Family Movies, Dramas, Romantic Movies",12
s3182,Movie,The Irishman: In Conversation,United States,2019,TV-MA,24 min,Documentaries,16
s3187,Movie,Tiffany Haddish: Black Mitzvah,United States,2019,TV-MA,56 min,Stand-Up Comedy,7
s3189,Movie,A Cinderella Story: Christmas Wish,United States,2019,PG,86 min,"Children & Family Movies, Comedies, Music & Musicals",12
s3190,Movie,Baby Dolls,India,2019,TV-PG,127 min,"Comedies, International Movies, Romantic Movies",0
s3191,Movie,Cut Bank,United States,2014,R,93 min,"Dramas, Thrillers",10
s3192,Movie,Dead Kids,"Philippines, United States",2019,TV-MA,94 min,"Dramas, International Movies, Thrillers",4
s3194,Movie,High End Yaariyan,India,2019,TV-14,120 min,"Comedies, International Movies, Romantic Movies",19
s3195,Movie,Iron Fists and Kung-Fu Kicks,Australia,2019,TV-MA,108 min,"Documentaries, International Movies",15
s3196,Movie,Jindua,India,2017,TV-14,135 min,"Dramas, International Movies, Romantic Movies",19
s3197,Movie,Lakeeran,India,2016,TV-PG,111 min,"Dramas, International Movies, Romantic Movies",0
s3198,Movie,Mahi NRI,United Kingdom,2017,TV-14,134 min,"Comedies, Dramas, International Movies",19
s3199,Movie,Qismat,India,2018,TV-PG,137 min,"Dramas, International Movies, Romantic Movies",0
s3201,Movie,Tee Shot: Ariya Jutanugarn,Thailand,2019,TV-14,103 min,"Children & Family Movies, Dramas, International Movies",17
s3202,Movie,Thug Life,India,2017,TV-14,133 min,"Comedies, Dramas, International Movies",19
s3203,Movie,Wandering Stars,France,2019,TV-MA,95 min,"Documentaries, International Movies, Music & Musicals",15
s3204,Movie,Why Me?,"Romania, Bulgaria, Hungary",2015,TV-MA,126 min,"Dramas, International Movies, Thrillers",6
s3206,Movie,Guatemala: Heart of the Mayan World,"Uruguay, Guatemala",2019,TV-G,67 min,"Documentaries, International Movies",16
s3207,Movie,The Zoya Factor,India,2019,TV-14,135 min,"Comedies, Dramas, International Movies",19
s3208,Movie,Atlantics,"France, Senegal, Belgium",2019,TV-14,106 min,"Dramas, Independent Movies, International Movies",17
s3210,Movie,Crazy people,Nigeria,2018,TV-MA,107 min,"Comedies, International Movies, Thrillers",8
s3211,Movie,I Lost My Body,France,2019,TV-MA,81 min,"Dramas, Independent Movies, International Movies",4
s3212,Movie,Kalushi: The Story of Solomon Mahlangu,South Africa,2016,TV-MA,107 min,"Dramas, International Movies",4
s3214,Movie,Lagos Real Fake Life,Unknown,2018,TV-MA,118 min,"Comedies, International Movies",8
s3215,Movie,Payday,Nigeria,2018,TV-MA,110 min,"Comedies, Independent Movies, International Movies",8
s3216,Movie,The Accidental Spy,Nigeria,2017,TV-MA,104 min,"Action & Adventure, Comedies, International Movies",8
s3218,Movie,The Island,Nigeria,2018,TV-14,93 min,"Dramas, International Movies, Thrillers",17
s3219,Movie,Holiday Rush,United States,2019,TV-PG,94 min,"Children & Family Movies, Dramas",12
s3224,Movie,Defiance,United States,2008,R,137 min,"Action & Adventure, Dramas",10
s3225,Movie,Evvarikee Cheppoddu,India,2019,TV-14,134 min,"Comedies, International Movies, Romantic Movies",19
s3226,Movie,Little Singham: Mahabali,Unknown,2019,TV-Y7,69 min,"Children & Family Movies, Comedies",9
s3227,Movie,The Body Remembers When the World Broke Open,"Canada, Norway",2019,TV-MA,106 min,"Dramas, Independent Movies",4
s3228,Movie,The Irishman,United States,2019,R,209 min,Dramas,6
s3229,Movie,Mike Birbiglia: The New One,United States,2019,TV-MA,86 min,Stand-Up Comedy,7
s3230,Movie,Super Monsters Save Christmas,United States,2019,TV-Y,24 min,Children & Family Movies,9
s3232,Movie,True: Winter Wishes,Unknown,2019,TV-Y,46 min,Children & Family Movies,9
s3234,Movie,Pranaam,India,2019,TV-14,117 min,"Action & Adventure, Dramas, International Movies",19
s3235,Movie,What the F* Is Going On?,Spain,2019,TV-MA,87 min,"Documentaries, International Movies",15
s3236,Movie,Shot Caller,United States,2017,R,121 min,"Dramas, Thrillers",10
s3238,Movie,Brother,France,2019,TV-MA,97 min,"Dramas, Independent Movies, International Movies",4
s3240,Movie,Girls und Panzer der Film,Japan,2015,TV-MA,121 min,"Action & Adventure, Anime Features, International Movies",15
s3241,Movie,Mike Birbiglia: What I Should Have Said Was Nothing: Tales from My Secret Public Journal,United States,2008,TV-MA,56 min,Stand-Up Comedy,7
s3245,Movie,Shelby American,United States,2019,TV-MA,119 min,"Documentaries, Sports Movies",11
s3249,Movie,The Knight Before Christmas,United States,2019,TV-14,93 min,"Children & Family Movies, Comedies, Romantic Movies",12
s3251,Movie,"Bikram: Yogi, Guru, Predator",United States,2019,TV-MA,86 min,Documentaries,11
s3252,Movie,Dorasaani,India,2019,TV-14,134 min,"Dramas, International Movies, Romantic Movies",19
s3254,Movie,"Lorena, Light-Footed Woman",Mexico,2019,TV-G,28 min,"Documentaries, International Movies, Sports Movies",16
s3255,Movie,Mallesham,India,2019,TV-14,131 min,"Dramas, Independent Movies, International Movies",19
s3257,Movie,Iliza Shlesinger: Unveiled,United States,2019,TV-MA,78 min,Stand-Up Comedy,7
s3260,Movie,Iron Sky: The Coming Race,"Finland, Germany, Belgium",2019,TV-MA,93 min,"Action & Adventure, Comedies, International Movies",8
s3261,Movie,Jeff Dunham: All Over the Map,United States,2014,TV-MA,84 min,Stand-Up Comedy,7
s3262,Movie,Suffragette,"United Kingdom, France",2015,PG-13,107 min,"Dramas, International Movies",4
s3263,Movie,The Green Inferno,"United States, Chile",2013,R,101 min,"Horror Movies, Independent Movies",14
s3265,Movie,Earthquake Bird,"United Kingdom, Japan, United States",2019,R,107 min,"Dramas, Romantic Movies",10
s3266,Movie,El sendero de la anaconda,Colombia,2019,TV-14,74 min,"Documentaries, International Movies",17
s3267,Movie,GO! The Unforgettable Party,Argentina,2019,TV-PG,60 min,"Children & Family Movies, Music & Musicals",9
s3268,Movie,Guna 369,India,2019,TV-MA,143 min,"Action & Adventure, Dramas, International Movies",6
s3269,Movie,House Arrest,India,2019,TV-14,105 min,"Comedies, Independent Movies, International Movies",17
s3273,Movie,K-on! the movie,Japan,2011,TV-PG,110 min,"Anime Features, Music & Musicals",0
s3274,Movie,Klaus,"Spain, United Kingdom",2019,PG,98 min,"Children & Family Movies, Comedies",12
s3279,Movie,SunGanges,"India, United States",2018,TV-14,74 min,"Documentaries, International Movies",11
s3281,Movie,The Garden of Words,Japan,2013,TV-14,46 min,"Anime Features, International Movies, Romantic Movies",16
s3286,Movie,Fadily Camara : La plus drôle de tes copines,France,2019,TV-MA,54 min,Stand-Up Comedy,7
s3290,Movie,Jeff Garlin: Our Man In Chicago,United States,2019,TV-MA,59 min,Stand-Up Comedy,7
s3291,Movie,A Single Man,United States,2009,R,100 min,"Dramas, Independent Movies, LGBTQ Movies",10
s3293,Movie,To Be of Service,United States,2019,TV-MA,88 min,Documentaries,11
s3297,Movie,Let It Snow,United States,2019,PG-13,93 min,"Comedies, Dramas, LGBTQ Movies",2
s3298,Movie,Paradise Beach,France,2019,TV-MA,94 min,"Action & Adventure, Dramas, International Movies",4
s3300,Movie,U Turn,India,2016,TV-14,121 min,"International Movies, Thrillers",19
s3301,Movie,Burning Cane,United States,2019,TV-MA,78 min,Dramas,1
s3303,Movie,Shadow,"China, Hong Kong",2018,TV-14,116 min,"Action & Adventure, Dramas, International Movies",17
s3304,Movie,Luccas Neto in: Summer Camp,Brazil,2019,TV-G,87 min,"Children & Family Movies, Comedies, Music & Musicals",12
s3306,Movie,Seth Meyers: Lobby Baby,United States,2019,TV-MA,61 min,Stand-Up Comedy,7
s3308,Movie,The Lovers,United States,2017,R,98 min,"Comedies, Dramas, Independent Movies",10
s3309,Movie,Tune in for Love,South Korea,2019,TV-MA,123 min,"Dramas, International Movies, Romantic Movies",6
s3310,Movie,Undercover Brother 2,United States,2019,R,85 min,Comedies,14
s3312,Movie,Minimalism: A Documentary About the Important Things,United States,2016,TV-14,78 min,Documentaries,11
s3313,Movie,Oththa Seruppu Size 7,India,2019,TV-MA,103 min,"Dramas, International Movies, Thrillers",4
s3315,Movie,100 Things to do Before High School,United States,2014,TV-Y,44 min,Movies,16
s3316,Movie,A Fairly Odd Summer,United States,2014,TV-Y7,68 min,"Children & Family Movies, Comedies",9
s3318,Movie,Big Time Movie,"United States, Canada",2012,TV-PG,68 min,"Children & Family Movies, Comedies, Music & Musicals",12
s3319,Movie,Escape from Mr. Lemoncello’s Library,United States,2017,TV-Y,69 min,Children & Family Movies,9
s3320,Movie,Hey Arnold! The Jungle Movie,"United States, South Korea, Japan",2017,TV-PG,81 min,"Children & Family Movies, Comedies",12
s3321,Movie,Jinxed,"United States, Canada",2013,TV-Y,69 min,"Children & Family Movies, Comedies",12
s3322,Movie,LEGENDS OF THE HIDDEN TEMPLE,United States,2016,TV-PG,68 min,Children & Family Movies,9
s3323,Movie,"Liar, Liar, Vampire",United States,2015,TV-PG,68 min,"Children & Family Movies, Comedies",12
s3324,Movie,The Boy Who Cried Werewolf,"United States, Canada",2010,TV-Y,86 min,"Children & Family Movies, Comedies",12
s3325,Movie,The Massively Mixed-Up Middle School Mystery,United States,2015,TV-Y,40 min,"Children & Family Movies, Comedies",9
s3327,Movie,A Remarkable Tale,Spain,2019,TV-MA,94 min,"Comedies, International Movies",8
s3330,Movie,American Son,United States,2019,TV-MA,90 min,Dramas,1
s3332,Movie,Christmas in the Heartland,United States,2017,TV-PG,112 min,Dramas,10
s3333,Movie,Christmas Survival,United Kingdom,2018,TV-MA,101 min,Comedies,8
s3335,Movie,Drive,India,2019,TV-14,119 min,"Action & Adventure, International Movies",19
s3336,Movie,Fire in Paradise,United States,2019,TV-MA,40 min,Documentaries,16
s3338,Movie,Holiday in the Wild,United States,2019,TV-PG,86 min,"Children & Family Movies, Dramas, Romantic Movies",12
s3339,Movie,Holly Star,United States,2018,PG,92 min,"Children & Family Movies, Comedies, Romantic Movies",12
s3344,Movie,Santa Girl,United States,2019,TV-PG,91 min,"Children & Family Movies, Comedies, Romantic Movies",12
s3347,Movie,The House of Flowers Presents: The Funeral,Unknown,2019,TV-MA,36 min,Movies,16
s3348,Movie,The King,"United Kingdom, Hungary, Australia",2019,R,141 min,Dramas,10
s3349,Movie,The Man Without Gravity,"Italy, Belgium",2019,TV-MA,107 min,"Dramas, International Movies",4
s3350,Movie,The Old Thieves: The Legend of Artegios,Mexico,2007,TV-MA,97 min,"Documentaries, International Movies",15
s3351,Movie,True: Grabbleapple Harvest,Canada,2019,TV-Y,24 min,Children & Family Movies,9
s3354,Movie,Zoé: Panoramas,Mexico,2016,TV-MA,89 min,"Documentaries, International Movies, Music & Musicals",15
s3355,Movie,Grego Rossello: Disculpe las molestias,Argentina,2019,TV-MA,65 min,Stand-Up Comedy,7
s3360,Movie,Mehandi Circus,India,2019,TV-MA,126 min,"Dramas, International Movies, Romantic Movies",6
s3363,Movie,Arsenio Hall: Smart & Classy,United States,2019,TV-MA,63 min,Stand-Up Comedy,7
s3365,Movie,The Road to El Camino: Behind the Scenes of El Camino: A Breaking Bad Movie,United States,2019,TV-14,14 min,"Documentaries, International Movies",16
s3366,Movie,A 3 Minute Hug,"Mexico, United States",2019,TV-PG,28 min,"Documentaries, International Movies",16
s3367,Movie,Little Miss Sumo,United Kingdom,2018,TV-G,20 min,"Documentaries, International Movies, Sports Movies",16
s3372,Movie,Consequences,Turkey,2014,TV-MA,106 min,"Dramas, International Movies, Thrillers",4
s3373,Movie,Dolemite Is My Name,United States,2019,R,118 min,"Comedies, Dramas",10
s3375,Movie,It Takes a Lunatic,"United States, United Kingdom, Germany",2019,TV-MA,127 min,Documentaries,11
s3377,Movie,My Next Guest with David Letterman and Shah Rukh Khan,Unknown,2019,TV-PG,61 min,International Movies,16
s3380,Movie,Rattlesnake,United States,2019,TV-MA,86 min,"Horror Movies, Independent Movies, Thrillers",1
s3381,Movie,The Awakening of Motti Wolkenbruch,Switzerland,2018,TV-MA,94 min,"Comedies, Dramas, International Movies",8
s3384,Movie,Echo in the Canyon,United States,2019,PG-13,82 min,"Documentaries, Music & Musicals",11
s3385,Movie,Revenge of the Pontianak,"Singapore, Malaysia",2019,TV-14,92 min,"Horror Movies, International Movies",17
s3387,Movie,Dancing with the Birds,United States,2019,TV-PG,52 min,Documentaries,16
s3388,Movie,Master Z: The Ip Man Legacy,"Hong Kong, China",2018,TV-14,108 min,"Action & Adventure, International Movies",17
s3389,Movie,Jenny Slate: Stage Fright,United States,2019,TV-MA,67 min,"Documentaries, Stand-Up Comedy",7
s3390,Movie,Free Fire,United Kingdom,2016,R,91 min,"Action & Adventure, Comedies, Independent Movies",14
s3391,Movie,Little Singham: Kaal Ki Tabaahi,Unknown,2019,TV-Y7,66 min,"Children & Family Movies, Comedies",9
s3392,Movie,The Command,"France, Belgium, Luxembourg, Romania, Canada, United States",2018,PG-13,118 min,"Dramas, International Movies, Thrillers",2
s3393,Movie,10 Days in Sun City,"South Africa, Nigeria",2017,TV-14,87 min,"Comedies, International Movies, Romantic Movies",17
s3395,Movie,ChuChuTV Bedtime Stories & Moral Stories for Kids (English),Unknown,2019,TV-Y,47 min,Children & Family Movies,9
s3396,Movie,ChuChuTV Bedtime Stories & Moral Stories for Kids (Hindi),Unknown,2019,TV-Y,56 min,Children & Family Movies,9
s3397,Movie,ChuChuTV Surprise Eggs Learning Videos (English),Unknown,2019,TV-Y,61 min,Children & Family Movies,9
s3398,Movie,ChuChuTV Surprise Eggs Learning Videos (Hindi),Unknown,2019,TV-Y,34 min,Children & Family Movies,9
s3399,Movie,Eli,United States,2019,TV-MA,98 min,Horror Movies,1
s3400,Movie,In My Country,Unknown,2018,TV-MA,99 min,"Dramas, International Movies",4
s3403,Movie,"Love, Surreal and Odd",Turkey,2017,TV-14,95 min,"Comedies, International Movies, Romantic Movies",17
s3406,Movie,Seventeen,Spain,2019,TV-MA,100 min,"Comedies, Dramas, International Movies",8
s3408,Movie,Tatu,Nigeria,2017,TV-MA,101 min,"Action & Adventure, Dramas, International Movies",4
s3409,Movie,Tell Me Who I Am,United Kingdom,2019,TV-MA,86 min,Documentaries,11
s3410,Movie,The Laundromat,United States,2019,R,96 min,"Comedies, Dramas",10
s3412,Movie,Up North,Nigeria,2018,TV-14,99 min,"Dramas, International Movies",17
s3413,Movie,Upstarts,India,2019,TV-14,112 min,"Comedies, Dramas, International Movies",19
s3414,Movie,Verses of Love 2,Indonesia,2017,TV-14,127 min,"Dramas, Faith & Spirituality, International Movies",19
s3418,Movie,Ghosts of Sugar Land,United States,2019,TV-MA,22 min,Documentaries,16
s3419,Movie,League of Legends Origins,United States,2019,TV-MA,78 min,Documentaries,11
s3420,Movie,Park Na-rae: Glamour Warning,South Korea,2019,TV-MA,63 min,Stand-Up Comedy,7
s3422,Movie,Sinister 2,"United States, United Kingdom",2015,R,97 min,Horror Movies,14
s3423,Movie,The Game Changers,United States,2018,TV-MA,86 min,"Documentaries, Sports Movies",11
s3425,Movie,"Martin Matte: La vie, la mort...eh la la..!",Canada,2019,TV-14,62 min,Stand-Up Comedy,7
s3426,Movie,Street Flow,France,2019,TV-MA,96 min,"Dramas, International Movies",4
s3428,Movie,Bygones Be Bygones,Turkey,2017,TV-MA,104 min,"Comedies, International Movies, Romantic Movies",8
s3429,Movie,El Camino: A Breaking Bad Movie,United States,2019,TV-MA,123 min,"Dramas, Thrillers",1
s3430,Movie,Fractured,United States,2019,TV-MA,100 min,Thrillers,1
s3432,Movie,The Bling Lagosians,Nigeria,2019,TV-14,99 min,"Dramas, International Movies",17
s3433,Movie,The Forest of Love,Japan,2019,TV-MA,151 min,"Dramas, International Movies, Thrillers",6
s3435,Movie,The Influence,"Spain, France",2019,TV-MA,102 min,"Horror Movies, International Movies",15
s3437,Movie,GEN HOSHINO STADIUM TOUR “POP VIRUS”,Unknown,2019,TV-14,154 min,"International Movies, Music & Musicals",19
s3439,Movie,After,United States,2019,PG-13,106 min,"Dramas, Romantic Movies",2
s3440,Movie,Home Is Where the Killer Is,United States,2019,TV-14,87 min,"Dramas, Thrillers",1
s3442,Movie,Deon Cole: Cole Hearted,United States,2019,TV-MA,70 min,Stand-Up Comedy,7
s3443,Movie,The Spooky Tale of Captain Underpants Hack-a-ween,United States,2019,TV-Y7,46 min,"Children & Family Movies, Comedies",9
s3444,Movie,Love for Sale,Indonesia,2018,TV-14,101 min,"Dramas, International Movies, Romantic Movies",17
s3447,Movie,Noblemen,India,2019,TV-MA,109 min,"Dramas, Independent Movies, International Movies",4
s3448,Movie,A Plastic Ocean,"United Kingdom, Hong Kong",2016,TV-14,100 min,Documentaries,11
s3449,Movie,Brother in Love,Turkey,2019,TV-MA,110 min,"Comedies, International Movies, Romantic Movies",8
s3451,Movie,In the Tall Grass,"Canada, United States",2019,TV-MA,102 min,"Horror Movies, Thrillers",1
s3452,Movie,Kids on the Block,Turkey,2019,TV-PG,102 min,"Children & Family Movies, Comedies",12
s3457,Movie,Super Monsters: Vida's First Halloween,United States,2019,TV-Y,24 min,Children & Family Movies,9
s3460,Movie,Ready to Mingle,Mexico,2019,TV-MA,98 min,"Comedies, International Movies, Romantic Movies",8
s3461,Movie,Salam - The First ****** Nobel Laureate,United States,2018,TV-PG,76 min,Documentaries,11
s3466,Movie,First Kiss,Netherlands,2018,TV-14,90 min,"Dramas, International Movies, Romantic Movies",17
s3469,Movie,Limitless,India,2017,TV-PG,59 min,"Documentaries, International Movies, Sports Movies",16
s3470,Movie,Little Baby Bum: Go Buster,Unknown,2019,TV-Y,58 min,Children & Family Movies,9
s3472,Movie,Nikki Glaser: Bangin’,United States,2019,TV-MA,64 min,Stand-Up Comedy,7
s3473,Movie,Rugrats in Paris: The Movie,"Germany, United States",2000,G,79 min,"Children & Family Movies, Comedies",3
s3476,Movie,The Rugrats Movie,United States,1998,G,81 min,"Children & Family Movies, Comedies",3
s3477,Movie,The Squid and the Whale,United States,2005,R,81 min,"Comedies, Dramas, Independent Movies",10
s3479,Movie,Mo Gilligan: Momentum,United Kingdom,2019,TV-MA,64 min,Stand-Up Comedy,7
s3480,Movie,Cultivating the Seas: History and Future of the Full-Cycle Cultured Kindai Tuna,Unknown,2019,TV-PG,45 min,"Documentaries, International Movies",16
s3481,Movie,TUNA GIRL,Japan,2019,TV-PG,90 min,"Dramas, International Movies",0
s3483,Movie,Deliha 2,Turkey,2018,TV-PG,102 min,"Comedies, International Movies",0
s3485,Movie,In the Shadow of the Moon,"United States, Canada",2019,TV-MA,116 min,"Dramas, Sci-Fi & Fantasy, Thrillers",1
s3486,Movie,Sturgill Simpson Presents Sound & Fury,United States,2019,TV-MA,42 min,"Anime Features, Music & Musicals, Sci-Fi & Fantasy",16
s3487,Movie,Malaal,India,2019,TV-14,133 min,"Dramas, International Movies, Romantic Movies",19
s3488,Movie,The Grandmaster,"Hong Kong, China",2013,PG-13,108 min,"Action & Adventure, Dramas, International Movies",2
s3491,Movie,Birders,"United States, Mexico",2019,TV-G,38 min,"Documentaries, International Movies",16
s3493,Movie,Oh! Baby (Malayalam),Unknown,2019,TV-14,146 min,"Comedies, International Movies, Music & Musicals",19
s3494,Movie,Oh! Baby (Tamil),Unknown,2019,TV-14,146 min,"Comedies, International Movies, Music & Musicals",19
s3495,Movie,Inside Man: Most Wanted,United States,2019,R,106 min,Action & Adventure,14
s3496,Movie,Jeff Dunham: Beside Himself,United States,2019,TV-MA,58 min,Stand-Up Comedy,7
s3497,Movie,Manmadhudu 2,India,2019,TV-MA,152 min,"Comedies, Dramas, International Movies",6
s3498,Movie,Under the Eiffel Tower,United States,2018,TV-MA,87 min,"Comedies, Independent Movies, International Movies",1
s3499,Movie,Do Paise Ki Dhoop Chaar Aane Ki Baarish,India,2009,TV-MA,121 min,"Dramas, Independent Movies, International Movies",6
s3501,Movie,Between Two Ferns: The Movie,United States,2019,TV-MA,83 min,Comedies,1
s3508,Movie,Travel Mates 2,Turkey,2018,TV-MA,111 min,"Comedies, International Movies",8
s3509,Movie,True: Tricky Treat Day,Canada,2019,TV-Y,24 min,Children & Family Movies,9
s3510,Movie,Kabir Singh,India,2019,TV-MA,171 min,"Dramas, International Movies, Romantic Movies",6
s3512,Movie,Avengement,United Kingdom,2019,TV-MA,88 min,Action & Adventure,15
s3513,Movie,Sebastian Maniscalco: What's Wrong with People?,United States,2012,TV-MA,76 min,Stand-Up Comedy,7
s3514,Movie,Los Tigres del Norte at Folsom Prison,United States,2019,TV-PG,64 min,"Documentaries, International Movies, Music & Musicals",16
s3515,Movie,Steal a Pencil for Me,United States,2006,TV-14,94 min,Documentaries,11
s3517,Movie,Oh! Baby,India,2019,TV-14,157 min,"Comedies, International Movies, Music & Musicals",19
s3518,Movie,The Crystal Calls Making the Dark Crystal: Age of Resistance,United States,2019,TV-PG,83 min,"Documentaries, International Movies",11
s3519,Movie,"Hello, Privilege. It's Me, Chelsea",United States,2019,TV-MA,65 min,Documentaries,11
s3521,Movie,Locked on You,Turkey,2018,TV-14,105 min,"Comedies, International Movies",17
s3523,Movie,Shanghai Fortress,China,2019,TV-14,107 min,"Dramas, International Movies, Romantic Movies",17
s3524,Movie,Tall Girl,United States,2019,TV-PG,103 min,"Children & Family Movies, Comedies, Romantic Movies",12
s3529,Movie,Bill Burr: Paper Tiger,"United States, United Kingdom",2019,TV-MA,67 min,Stand-Up Comedy,7
s3530,Movie,Evelyn,United Kingdom,2019,TV-MA,96 min,"Documentaries, International Movies",15
s3531,Movie,Article 15,India,2019,TV-MA,125 min,"Dramas, International Movies, Thrillers",6
s3532,Movie,Care of Kancharapalem,India,2018,TV-MA,142 min,"Comedies, Dramas, Independent Movies",6
s3533,Movie,Ee Nagaraniki Emaindi,India,2018,TV-14,133 min,"Comedies, Independent Movies, International Movies",19
s3534,Movie,Kill Me If You Dare,Turkey,2019,TV-14,100 min,"Comedies, International Movies, Romantic Movies",17
s3536,Movie,American Factory: A Conversation with the Obamas,United States,2019,TV-G,10 min,Documentaries,16
s3537,Movie,Saawan,Pakistan,2016,TV-14,128 min,"Dramas, Independent Movies, International Movies",19
s3538,Movie,Watchman,India,2019,TV-14,93 min,"Comedies, Dramas, International Movies",17
s3539,Movie,Elena,"Brazil, United States",2012,TV-MA,81 min,"Documentaries, International Movies",11
s3543,Movie,Olmo & the Seagull,"Denmark, Brazil, France, Portugal, Sweden",2014,TV-MA,82 min,"Dramas, Independent Movies, International Movies",4
s3545,Movie,Spookley the Square Pumpkin,United States,2004,G,47 min,Children & Family Movies,9
s3546,Movie,Uncle Naji in UAE,United Arab Emirates,2019,TV-14,95 min,"Comedies, International Movies",17
s3548,Movie,Back to School,Unknown,2019,TV-MA,84 min,"Comedies, International Movies",8
s3549,Movie,Feo pero sabroso,Colombia,2018,TV-MA,91 min,"Comedies, International Movies",8
s3550,Movie,Mi amigo Alexis,Chile,2019,TV-PG,102 min,"Children & Family Movies, Comedies, Dramas",0
s3555,Movie,Unbridled,Spain,2018,TV-MA,100 min,"International Movies, Thrillers",15
s3556,Movie,Falling Inn Love,United States,2019,TV-PG,98 min,"Comedies, Romantic Movies",12
s3557,Movie,Kardec,Brazil,2019,TV-14,110 min,"Dramas, Faith & Spirituality, International Movies",17
s3558,Movie,Travis Scott: Look Mom I Can Fly,United States,2019,TV-MA,85 min,"Documentaries, Music & Musicals",11
s3560,Movie,Dave Chappelle: Sticks & Stones,United States,2019,TV-MA,66 min,Stand-Up Comedy,7
s3561,Movie,Drink Drank Drunk,Hong Kong,2016,TV-MA,92 min,"Comedies, International Movies",8
s3564,Movie,Kaake Da Viyah,India,2019,TV-PG,133 min,"Comedies, Dramas, International Movies",0
s3565,Movie,Marriage Palace,India,2018,TV-14,135 min,"Comedies, International Movies",19
s3566,Movie,Mayday Life,"China, Taiwan",2019,TV-PG,120 min,"International Movies, Music & Musicals",0
s3567,Movie,Saavat,India,2019,TV-14,118 min,"Dramas, Independent Movies, International Movies",19
s3568,Movie,American Factory,United States,2019,TV-14,110 min,Documentaries,11
s3569,Movie,Game Over (Hindi Version),Unknown,2019,TV-MA,98 min,"Horror Movies, International Movies, Thrillers",15
s3570,Movie,Game Over (Tamil Version),"India, Turkey",2019,TV-MA,98 min,"Horror Movies, International Movies, Thrillers",15
s3571,Movie,Game Over (Telugu Version),Unknown,2019,TV-MA,98 min,"Horror Movies, International Movies, Thrillers",15
s3573,Movie,The Girl Allergic to Wi-Fi,Philippines,2018,TV-MA,104 min,"International Movies, Romantic Movies",15
s3574,Movie,Our Planet - Behind The Scenes,United Kingdom,2019,TV-G,63 min,Documentaries,16
s3575,Movie,Simon Amstell: Set Free,United Kingdom,2019,TV-MA,52 min,Stand-Up Comedy,7
s3581,Movie,Invader Zim: Enter the Florpus,"South Korea, United States",2019,TV-Y7,72 min,"Children & Family Movies, Comedies, Sci-Fi & Fantasy",12
s3583,Movie,Selfless,United States,2015,PG-13,117 min,"Sci-Fi & Fantasy, Thrillers",2
s3584,Movie,Sextuplets,United States,2019,TV-14,100 min,Comedies,17
s3585,Movie,Super Monsters Back to School,Canada,2019,TV-Y,24 min,Children & Family Movies,9
s3587,Movie,The Little Switzerland,Spain,2019,TV-MA,86 min,"Comedies, International Movies",8
s3592,Movie,Whindersson Nunes: Adult,Brazil,2019,TV-MA,69 min,Stand-Up Comedy,7
s3594,Movie,Uyare,India,2019,TV-14,119 min,"Dramas, International Movies",19
s3595,Movie,90 ML,India,2019,TV-MA,123 min,"Comedies, International Movies, Music & Musicals",8
s3596,Movie,Calum von Moger: Unbroken,United States,2019,TV-MA,93 min,"Documentaries, Sports Movies",11
s3597,Movie,Hasta los dientes,Mexico,2018,TV-MA,109 min,"Documentaries, International Movies",15
s3600,Movie,Colin Quinn: Red State Blue State,Unknown,2019,TV-14,66 min,Stand-Up Comedy,7
s3603,Movie,Jaoon Kahan Bata Ae Dil,India,2018,TV-MA,107 min,"Dramas, Independent Movies, International Movies",4
s3604,Movie,Rocko's Modern Life: Static Cling,United States,2019,TV-Y7,46 min,"Children & Family Movies, Comedies, LGBTQ Movies",9
s3617,Movie,Badla,India,2019,TV-14,117 min,"International Movies, Thrillers",19
s3618,Movie,Theo Von: No Offense,United States,2016,TV-MA,67 min,Stand-Up Comedy,7
s3619,Movie,Crazy Beautiful You,Philippines,2015,TV-14,114 min,"Comedies, Dramas, International Movies",17
s3620,Movie,I'm Brent Morin,United States,2015,TV-MA,67 min,Stand-Up Comedy,7
s3621,Movie,Jim Jefferies : BARE,United States,2014,TV-MA,77 min,Stand-Up Comedy,7
s3622,Movie,Screwball,United States,2018,TV-MA,105 min,"Documentaries, Sports Movies",11
s3623,Movie,Sebastian Maniscalco: Why Would You Do That,United States,2016,TV-MA,63 min,Stand-Up Comedy,7
s3624,Movie,Enter the Anime,"United States, Japan",2019,TV-MA,59 min,"Documentaries, International Movies",16
s3626,Movie,No One Will Ever Know,Mexico,2017,TV-MA,102 min,"Dramas, International Movies",4
s3627,Movie,Misfit,Netherlands,2017,TV-14,81 min,"Children & Family Movies, Comedies, International Movies",17
s3629,Movie,Léa & I,Unknown,2019,TV-MA,84 min,Documentaries,11
s3630,Movie,Otherhood,"United Kingdom, United States",2019,R,101 min,Comedies,14
s3631,Movie,Uriyadi 2,India,2019,TV-14,116 min,"Dramas, International Movies",19
s3632,Movie,Manu,India,2018,TV-14,177 min,"Dramas, Independent Movies, International Movies",19
s3635,Movie,The Red Sea Diving Resort,Canada,2019,TV-MA,130 min,"Dramas, Thrillers",6
s3636,Movie,Whitney Cummings: Can I Touch It?,Unknown,2019,TV-MA,59 min,Stand-Up Comedy,7
s3638,Movie,Boi,Spain,2018,TV-MA,111 min,"Dramas, Independent Movies, International Movies",4
s3639,Movie,Eerie,"Philippines, Singapore",2019,TV-14,100 min,"Horror Movies, International Movies",17
s3640,Movie,Girls With Balls,"France, Belgium",2019,TV-MA,77 min,"Comedies, Horror Movies, International Movies",8
s3642,Movie,The Son,Argentina,2019,TV-MA,93 min,"Dramas, Independent Movies, International Movies",4
s3644,Movie,The Great Hack,United States,2019,TV-MA,114 min,Documentaries,11
s3646,Movie,D.L. Hughley: Contrarian,United States,2018,TV-MA,58 min,Stand-Up Comedy,7
s3647,Movie,Demetri Martin: The Overthinker,United States,2018,TV-MA,56 min,Stand-Up Comedy,7
s3648,Movie,The Beast Stalker,Hong Kong,2008,TV-14,110 min,"Action & Adventure, Cult Movies, International Movies",17
s3649,Movie,The Midas Touch,Hong Kong,2013,TV-14,98 min,"Comedies, International Movies",17
s3650,Movie,The Twins Effect II,"Hong Kong, China",2004,TV-14,106 min,"Action & Adventure, Comedies, International Movies",17
s3651,Movie,Twins Mission,"Hong Kong, China",2007,TV-MA,102 min,"Action & Adventure, International Movies",15
s3653,Movie,"¡Ay, mi madre!",Spain,2019,TV-MA,81 min,"Comedies, International Movies",8
s3658,Movie,Secret Obsession,United States,2019,TV-14,98 min,Thrillers,11
s3659,Movie,Mauli,India,2018,TV-14,136 min,"Action & Adventure, Dramas, International Movies",19
s3662,Movie,Bogda,India,2018,TV-PG,161 min,"Dramas, International Movies",6
s3663,Movie,"Frankenstein’s Monster’s Monster, Frankenstein",United States,2019,TV-14,32 min,Comedies,16
s3669,Movie,4L,Spain,2019,TV-MA,105 min,"Comedies, Dramas, Independent Movies",1
s3671,Movie,Cities of Last Things,"Taiwan, China, France, United States",2018,TV-MA,106 min,"Dramas, Independent Movies, International Movies",4
s3673,Movie,Kidnapping Stella,Germany,2019,TV-MA,90 min,"Dramas, International Movies, Thrillers",4
s3676,Movie,Point Blank,"France, United States",2019,TV-MA,87 min,Action & Adventure,1
s3677,Movie,The Milk System,"Germany, Italy",2017,TV-14,91 min,"Documentaries, International Movies",17
s3679,Movie,Parchís: the Documentary,Spain,2019,TV-14,106 min,"Documentaries, International Movies, Music & Musicals",17
s3680,Movie,Aziz Ansari: RIGHT NOW,United States,2019,TV-MA,65 min,Stand-Up Comedy,7
s3682,Movie,"River, el más grande siempre",Argentina,2019,TV-G,105 min,"Documentaries, International Movies, Sports Movies",15
s3684,Movie,Cristina,United States,2016,TV-14,40 min,Documentaries,16
s3694,Movie,Katherine Ryan: Glitter Room,United States,2019,TV-MA,66 min,Stand-Up Comedy,7
s3698,Movie,War Against Women,"United States, Spain",2013,TV-MA,61 min,"Documentaries, International Movies",16
s3699,Movie,Inhuman Kiss,Thailand,2019,TV-MA,122 min,"Horror Movies, International Movies, Romantic Movies",15
s3700,Movie,Romeo Akbar Walter,India,2019,TV-14,141 min,"Dramas, International Movies, Thrillers",19
s3702,Movie,Super Deluxe,India,2019,TV-MA,176 min,"Comedies, Dramas, International Movies",6
s3704,Movie,El testigo,"Colombia, Peru, United Kingdom",2018,TV-14,73 min,"Documentaries, International Movies",17
s3707,Movie,La Leyenda del Diamante,Mexico,2017,TV-MA,87 min,"Action & Adventure, International Movies, Sci-Fi & Fantasy",15
s3710,Movie,ANIMA,United Kingdom,2019,TV-PG,15 min,"Dramas, Independent Movies, Music & Musicals",16
s3712,Movie,Daniel Sosa: Maleducado,Mexico,2019,TV-MA,55 min,Stand-Up Comedy,7
s3713,Movie,Hikaru Utada Laughter in the Dark Tour 2018,Japan,2018,TV-PG,141 min,"International Movies, Music & Musicals",0
s3714,Movie,Kahaani,India,2012,TV-14,122 min,"International Movies, Music & Musicals, Thrillers",19
s3715,Movie,Unbroken,India,2019,TV-14,109 min,"Documentaries, International Movies",17
s3716,Movie,Mike Epps: Only One Mike,United States,2019,TV-MA,63 min,Stand-Up Comedy,7
s3718,Movie,Triple Threat,"Thailand, China, United States",2019,R,96 min,"Action & Adventure, International Movies",14
s3719,Movie,Blood Will Tell,"Argentina, United States",2019,TV-MA,113 min,"Dramas, Independent Movies, International Movies",4
s3721,Movie,EVANGELION: DEATH (TRUE)²,Japan,1998,TV-MA,69 min,"Action & Adventure, Anime Features, International Movies",18
s3729,Movie,The End of Evangelion,Japan,1997,TV-MA,87 min,"Action & Adventure, Anime Features, International Movies",18
s3730,Movie,Rakkhosh,India,2019,TV-MA,116 min,"Horror Movies, Independent Movies, International Movies",15
s3731,Movie,The Wolf's Call,France,2019,TV-14,116 min,"Dramas, International Movies, Thrillers",17
s3732,Movie,Beats,United States,2019,TV-MA,110 min,"Dramas, Independent Movies, Music & Musicals",1
s3733,Movie,The Edge of Democracy,Brazil,2019,TV-14,122 min,"Documentaries, International Movies",17
s3734,Movie,Adam Devine: Best Time of Our Lives,United States,2019,TV-MA,59 min,Stand-Up Comedy,7
s3735,Movie,Cop Car,United States,2015,R,88 min,Thrillers,14
s3736,Movie,Right Here Right Now,Germany,2018,TV-MA,91 min,"Comedies, Dramas, Independent Movies",1
s3739,Movie,Life Overtakes Me,"Sweden, United States",2019,TV-PG,40 min,Documentaries,16
s3740,Movie,Luckee,India,2019,TV-14,113 min,"Comedies, International Movies, Romantic Movies",17
s3741,Movie,Pihu,India,2018,TV-14,90 min,"Dramas, Independent Movies, International Movies",17
s3748,Movie,DJ Cinderella,Brazil,2019,TV-PG,95 min,"Children & Family Movies, Comedies",12
s3754,Movie,Murder Mystery,United States,2019,PG-13,98 min,Comedies,2
s3757,Movie,Oprah Presents When They See Us Now,United States,2019,TV-PG,61 min,Documentaries,16
s3758,Movie,The 3rd Eye 2,Indonesia,2019,TV-MA,117 min,"Horror Movies, International Movies",15
s3759,Movie,Jo Koy: Comin' In Hot,United States,2019,TV-MA,60 min,Stand-Up Comedy,7
s3760,Movie,Rolling Thunder Revue: A Bob Dylan Story by Martin Scorsese,United States,2019,TV-MA,142 min,"Documentaries, Music & Musicals",11
s3762,Movie,Belmonte,"Uruguay, Spain, Mexico",2018,TV-MA,74 min,"Dramas, Independent Movies, International Movies",4
s3764,Movie,Elisa & Marcela,Spain,2019,TV-MA,119 min,"Dramas, International Movies, LGBTQ Movies",4
s3765,Movie,I Am Mother,Australia,2019,TV-PG,114 min,"International Movies, Sci-Fi & Fantasy, Thrillers",0
s3766,Movie,Luka Chuppi,India,2019,TV-PG,125 min,"Comedies, International Movies, Romantic Movies",0
s3767,Movie,Pachamama,"France, Luxembourg, Canada",2019,PG,71 min,Children & Family Movies,12
s3768,Movie,Rock My Heart,Germany,2019,TV-PG,110 min,"Children & Family Movies, Dramas, International Movies",0
s3769,Movie,Stree,India,2018,TV-MA,127 min,"Comedies, Horror Movies, Independent Movies",6
s3772,Movie,The Black Godfather,United States,2019,TV-MA,118 min,"Documentaries, Music & Musicals",11
s3773,Movie,Alles ist gut,Germany,2019,TV-MA,90 min,"Dramas, International Movies",4
s3774,Movie,A Silent Voice,Japan,2016,TV-14,130 min,"Anime Features, International Movies",17
s3776,Movie,Cosmos Laundromat: First Cycle,Netherlands,2015,TV-MA,12 min,"Dramas, International Movies, Sci-Fi & Fantasy",16
s3777,Movie,Miranda Sings Live…Your Welcome,United States,2019,TV-14,62 min,Stand-Up Comedy,7
s3778,Movie,Silent,United States,2014,TV-Y,3 min,"Children & Family Movies, Sci-Fi & Fantasy",9
s3782,Movie,Krutant,India,2019,TV-14,114 min,"Dramas, International Movies",19
s3784,Movie,III Smoking Barrels,India,2017,TV-MA,128 min,"Dramas, Independent Movies, International Movies",6
s3786,Movie,"Oh, Ramona!",Romania,2019,TV-MA,109 min,"Comedies, International Movies",8
s3787,Movie,We Are Legends,Hong Kong,2019,TV-14,109 min,"Action & Adventure, International Movies, Sports Movies",17
s3789,Movie,Chopsticks,India,2019,TV-MA,101 min,"Comedies, Dramas, Independent Movies",1
s3791,Movie,Mere Pyare Prime Minister,India,2019,TV-MA,103 min,"Dramas, International Movies",4
s3792,Movie,Pegasus,China,2019,TV-MA,98 min,"Comedies, Dramas, International Movies",8
s3794,Movie,Svaha: The Sixth Finger,South Korea,2019,TV-MA,123 min,"International Movies, Thrillers",6
s3796,Movie,After Maria,United States,2019,TV-PG,38 min,Documentaries,16
s3798,Movie,Joy,Austria,2019,TV-MA,101 min,"Dramas, Independent Movies, International Movies",4
s3799,Movie,Rim of the World,United States,2019,TV-14,99 min,"Action & Adventure, Independent Movies, Sci-Fi & Fantasy",1
s3801,Movie,The Perfection,United States,2019,TV-MA,91 min,"Horror Movies, LGBTQ Movies, Music & Musicals",1
s3803,Movie,The Lonely Island Presents: The Unauthorized Bash Brothers Experience,Unknown,2019,TV-MA,30 min,"Comedies, Music & Musicals, Sports Movies",16
s3804,Movie,A Tale of Two Kitchens,"United States, Mexico",2019,TV-PG,30 min,"Documentaries, International Movies",16
s3805,Movie,The Man Who Feels No Pain,India,2018,TV-14,137 min,"Action & Adventure, Comedies, International Movies",19
s3806,Movie,Wanda Sykes: Not Normal,United States,2019,TV-MA,66 min,Stand-Up Comedy,7
s3810,Movie,Born in Gaza,Spain,2014,TV-14,70 min,"Documentaries, International Movies",16
s3811,Movie,Born in Syria,"Denmark, Spain",2016,TV-14,87 min,"Documentaries, International Movies",17
s3812,Movie,Dying to Tell,Spain,2018,TV-MA,88 min,"Documentaries, International Movies",15
s3814,Movie,Maria,Philippines,2019,TV-MA,90 min,"Action & Adventure, International Movies",15
s3815,Movie,ReMastered: The Lion's Share,Unknown,2019,TV-14,84 min,"Documentaries, Music & Musicals",11
s3816,Movie,Saverio Raimondo: Il Satiro Parlante,Italy,2019,TV-MA,53 min,Stand-Up Comedy,7
s3817,Movie,See You Yesterday,United States,2019,TV-MA,87 min,"Dramas, Sci-Fi & Fantasy, Thrillers",1
s3819,Movie,Good Sam,United States,2019,TV-PG,90 min,"Children & Family Movies, Dramas",12
s3820,Movie,Jonaki,India,2018,TV-MA,96 min,"Dramas, Independent Movies, International Movies",4
s3821,Movie,PATRICK (2019),United Kingdom,2019,TV-PG,94 min,"Children & Family Movies, Comedies",12
s3823,Movie,Hamid,India,2018,TV-MA,108 min,"Dramas, Independent Movies, International Movies",4
s3826,Movie,Backdraft 2,United States,2019,R,102 min,"Action & Adventure, Dramas",10
s3828,Movie,Still LAUGH-IN: The Stars Celebrate,United States,2019,TV-MA,61 min,Comedies,7
s3829,Movie,Weed the People,United States,2018,TV-MA,94 min,Documentaries,11
s3830,Movie,Malibu Rescue,United States,2019,TV-G,70 min,"Children & Family Movies, Comedies",12
s3831,Movie,Merata: How Mum Decolonised the Screen,New Zealand,2018,TV-14,88 min,Documentaries,11
s3833,Movie,Dry Martina,"Chile, Argentina",2018,TV-MA,100 min,"Dramas, Independent Movies, International Movies",4
s3834,Movie,Shéhérazade,France,2019,TV-MA,111 min,"Dramas, Independent Movies, International Movies",4
s3835,Movie,The Great Magician,"Hong Kong, China",2011,TV-14,128 min,"Action & Adventure, Comedies, Dramas",19
s3837,Movie,In Family I Trust,Spain,2018,TV-MA,98 min,"Comedies, Dramas, International Movies",8
s3842,Movie,Wine Country,United States,2019,R,104 min,Comedies,14
s3843,Movie,Gatao 2: Rise of the King,Taiwan,2018,TV-MA,126 min,"Action & Adventure, Dramas, International Movies",6
s3858,Movie,Last Breath,"United Kingdom, Belgium, Sweden",2019,TV-MA,86 min,"Documentaries, International Movies",15
s3859,Movie,The Wandering Earth,China,2019,TV-MA,125 min,"International Movies, Sci-Fi & Fantasy",6
s3860,Movie,All In My Family,United States,2019,TV-14,40 min,"Documentaries, LGBTQ Movies",16
s3863,Movie,Despite Everything,Spain,2019,TV-MA,79 min,"Comedies, International Movies, Romantic Movies",8
s3864,Movie,"Extremely Wicked, Shockingly Evil and Vile",United States,2019,R,110 min,"Dramas, Independent Movies",10
s3866,Movie,Jo Pil-ho: The Dawning Rage,South Korea,2018,TV-MA,128 min,"Dramas, International Movies, Thrillers",6
s3867,Movie,The Last Summer,United States,2019,TV-14,110 min,"Comedies, Romantic Movies",17
s3869,Movie,Laatu,India,2018,TV-PG,116 min,"Comedies, Dramas, International Movies",0
s3870,Movie,Olympus Has Fallen,United States,2013,R,119 min,Action & Adventure,14
s3872,Movie,John & Yoko: Above Us Only Sky,United Kingdom,2018,TV-MA,90 min,"Documentaries, Music & Musicals",11
s3873,Movie,Knock Down The House,United States,2019,PG,88 min,Documentaries,11
s3874,Movie,Munafik 2,Malaysia,2018,TV-MA,104 min,"Horror Movies, International Movies",15
s3875,Movie,Sur Sapata,India,2019,TV-14,140 min,"Comedies, Dramas, International Movies",19
s3876,Movie,A Home with A View,Hong Kong,2019,TV-MA,92 min,"Comedies, International Movies",8
s3878,Movie,Anthony Jeselnik: Fire in the Maternity Ward,United States,2019,TV-MA,64 min,Stand-Up Comedy,7
s3886,Movie,Teen Aur Aadha,India,2018,TV-MA,119 min,"Dramas, Independent Movies, International Movies",6
s3889,Movie,Loving is Losing,Colombia,2019,TV-MA,91 min,"Comedies, International Movies, Romantic Movies",8
s3890,Movie,Money Trap,Turkey,2019,TV-MA,122 min,"Comedies, Dramas, International Movies",8
s3891,Movie,Njan Prakashan,India,2018,TV-PG,125 min,"Comedies, Dramas, International Movies",0
s3892,Movie,ReMastered: Devil at the Crossroads,United States,2019,TV-14,49 min,"Documentaries, Music & Musicals",16
s3895,Movie,A Fortunate Man,Denmark,2018,TV-MA,168 min,"Dramas, International Movies",6
s3896,Movie,Grass Is Greener,Unknown,2019,TV-MA,98 min,"Documentaries, Music & Musicals",11
s3897,Movie,Brené Brown: The Call to Courage,Unknown,2019,TV-14,77 min,Documentaries,11
s3900,Movie,Music Teacher,India,2019,TV-14,102 min,"Dramas, Independent Movies, International Movies",17
s3904,Movie,Someone Great,United States,2019,R,92 min,"Comedies, Romantic Movies",14
s3905,Movie,The Ruthless,"Italy, France",2019,TV-MA,111 min,"Dramas, International Movies",4
s3906,Movie,A Little Chaos,United Kingdom,2014,R,113 min,"Dramas, Independent Movies, International Movies",10
s3907,Movie,Franco Escamilla: Bienvenido al mundo,Mexico,2019,TV-MA,54 min,Stand-Up Comedy,7
s3908,Movie,HOMECOMING: A film by Beyoncé,Unknown,2019,TV-MA,138 min,"Documentaries, Music & Musicals",6
s3909,Movie,About Time,United Kingdom,2013,R,123 min,"Comedies, Dramas, International Movies",10
s3910,Movie,Super Monsters Furever Friends,Unknown,2019,TV-Y,59 min,Children & Family Movies,9
s3911,Movie,Bollywood Calling,India,2001,TV-MA,102 min,"Comedies, Dramas, International Movies",8
s3912,Movie,Ek Khiladi Ek Haseena,India,2005,TV-14,141 min,"International Movies, Music & Musicals, Thrillers",19
s3913,Movie,Generation Iron 3,United States,2018,TV-MA,95 min,"Documentaries, Sports Movies",11
s3914,Movie,Hazaaron Khwaishein Aisi,"India, France",2003,TV-MA,111 min,"Dramas, International Movies, Romantic Movies",4
s3915,Movie,Jhankaar Beats,India,2003,TV-14,131 min,"Comedies, International Movies, Music & Musicals",19
s3916,Movie,Mumbai Matinee,India,2003,TV-14,116 min,"Comedies, International Movies, Romantic Movies",19
s3917,Movie,Rainbow Jelly,India,2018,TV-14,119 min,"Dramas, International Movies, Sci-Fi & Fantasy",19
s3918,Movie,Shabd,India,2005,TV-14,146 min,"Dramas, International Movies, Romantic Movies",19
s3919,Movie,Shortcut Safari,India,2016,TV-PG,101 min,"Action & Adventure, Comedies, Dramas",0
s3920,Movie,Thriller,United States,2018,TV-MA,87 min,Horror Movies,1
s3922,Movie,Who Would You Take to a Deserted Island?,Spain,2019,TV-MA,94 min,"Dramas, International Movies",4
s3923,Movie,Dabbe 5: Zehr-i Cin,Turkey,2014,TV-MA,133 min,"Horror Movies, International Movies",6
s3924,Movie,Dabbe: The Possession,Turkey,2013,TV-MA,135 min,"Horror Movies, International Movies",6
s3925,Movie,Francesco De Carlo: Cose di Questo Mondo,Italy,2019,TV-MA,61 min,Stand-Up Comedy,7
s3927,Movie,The Perfect Date,United States,2019,TV-14,91 min,"Comedies, Romantic Movies",17
s3930,Movie,Liss Pereira: Reteniendo líquidos,Brazil,2019,TV-14,59 min,Stand-Up Comedy,7
s3931,Movie,The Silence,"Canada, Germany",2019,PG-13,91 min,"Horror Movies, Thrillers",2
s3933,Movie,Sarvam Thaala Mayam (Telugu Version),India,2018,TV-14,131 min,"Dramas, International Movies, Music & Musicals",19
s3934,Movie,Petta (Telugu Version),Unknown,2019,TV-14,170 min,"Action & Adventure, Comedies, Dramas",19
s3936,Movie,Alien Warfare,United States,2019,TV-MA,88 min,"Action & Adventure, Sci-Fi & Fantasy",1
s3940,Movie,Petta,India,2019,TV-14,170 min,"Action & Adventure, Comedies, Dramas",19
s3946,Movie,Unicorn Store,United States,2019,TV-14,92 min,"Comedies, Dramas, Independent Movies",1
s3948,Movie,Ricardo Quevedo: Los amargados somos más,Unknown,2019,TV-MA,59 min,Stand-Up Comedy,7
s3949,Movie,Suzzanna: Buried Alive,Indonesia,2018,TV-MA,126 min,"Horror Movies, International Movies",15
s3951,Movie,Ek Ladki Ko Dekha Toh Aisa Laga,India,2019,TV-14,120 min,"Comedies, Dramas, International Movies",19
s3952,Movie,Jagat,Malaysia,2015,TV-MA,76 min,"Dramas, International Movies",4
s3953,Movie,Kevin Hart: Irresponsible,United States,2019,TV-MA,60 min,Stand-Up Comedy,7
s3955,Movie,Love O2O,China,2016,TV-14,103 min,"International Movies, Romantic Movies, Sci-Fi & Fantasy",17
s3956,Movie,Pinky Memsaab,"Pakistan, United Arab Emirates",2018,TV-MA,124 min,"Dramas, Independent Movies, International Movies",4
s3958,Movie,The Trap,United States,2017,TV-MA,91 min,Comedies,1
s3960,Movie,Mercy Black,United States,2019,TV-14,88 min,Horror Movies,11
s3961,Movie,The Burial of Kojo,"Ghana, United States",2018,TV-14,81 min,"Dramas, Independent Movies, International Movies",17
s3963,Movie,15 August,India,2019,TV-14,124 min,"Comedies, Dramas, Independent Movies",19
s3964,Movie,Bayonet,"Mexico, Finland",2019,TV-MA,102 min,"Dramas, International Movies, Sports Movies",4
s3967,Movie,The Highwaymen,United States,2019,R,132 min,Dramas,10
s3968,Movie,The Legend of Cocaine Island,United States,2019,TV-MA,87 min,Documentaries,11
s3973,Movie,Danur: I Can See Ghosts,Indonesia,2017,TV-MA,75 min,"Horror Movies, International Movies",15
s3974,Movie,Verses of Love,Indonesia,2008,TV-PG,126 min,"Dramas, International Movies, Romantic Movies",0
s3975,Movie,Nate Bargatze: The Tennessee Kid,United States,2019,TV-PG,61 min,Stand-Up Comedy,7
s3976,Movie,Sei,India,2018,TV-14,126 min,"Action & Adventure, Comedies, Dramas",19
s3978,Movie,Superlopez,Spain,2018,TV-MA,108 min,"Action & Adventure, Comedies, International Movies",8
s3979,Movie,Oversize Cops,Thailand,2017,TV-MA,100 min,"Action & Adventure, Comedies, International Movies",8
s3983,Movie,Mirage,Spain,2018,TV-MA,129 min,"Dramas, International Movies, Sci-Fi & Fantasy",6
s3984,Movie,ReMastered: The Miami Showband Massacre,United States,2019,TV-MA,71 min,"Documentaries, Music & Musicals",11
s3986,Movie,The Dirt,United States,2019,TV-MA,108 min,"Comedies, Dramas, Music & Musicals",1
s3988,Movie,Antoine Griezmann: The Making of a Legend,Unknown,2019,TV-PG,60 min,"Documentaries, International Movies, Sports Movies",16
s3991,Movie,The Amazing Praybeyt Benjamin,Philippines,2014,TV-14,105 min,"Action & Adventure, Comedies, International Movies",17
s3992,Movie,The Super Parental Guardians,Philippines,2016,TV-14,115 min,"Action & Adventure, Comedies, International Movies",17
s3993,Movie,The Third Party,Philippines,2016,TV-MA,118 min,"Comedies, Dramas, International Movies",8
s3994,Movie,The Unmarried Wife,Philippines,2016,TV-MA,130 min,"Dramas, International Movies, Romantic Movies",6
s3995,Movie,Vince and Kath and James,Philippines,2016,TV-PG,115 min,"International Movies, Romantic Movies",0
s3996,Movie,Alexis Viera: A Story of Surviving,Uruguay,2019,TV-MA,69 min,"Documentaries, International Movies, Sports Movies",15
s3998,Movie,Imago,India,2018,TV-PG,97 min,"Dramas, Independent Movies, International Movies",0
s4000,Movie,Amy Schumer Growing,United States,2019,TV-MA,61 min,Stand-Up Comedy,7
s4001,Movie,5 Flights Up,United States,2014,PG-13,92 min,"Comedies, Dramas, Independent Movies",2
s4003,Movie,Bombairiya,"United Arab Emirates, United Kingdom, India",2018,TV-MA,108 min,"Comedies, Dramas, International Movies",8
s4004,Movie,Burn Out,"France, Belgium",2017,TV-MA,104 min,"Action & Adventure, International Movies",15
s4005,Movie,Edoardo Ferrario: Temi Caldi,Italy,2019,TV-MA,65 min,Stand-Up Comedy,7
s4006,Movie,Girl,"Netherlands, Belgium",2018,R,106 min,"Dramas, International Movies, LGBTQ Movies",10
s4008,Movie,Jeff Dunham: Arguing with Myself,United States,2006,TV-MA,69 min,Stand-Up Comedy,7
s4009,Movie,Jeff Dunham: Controlled Chaos,United States,2011,TV-MA,97 min,Stand-Up Comedy,7
s4010,Movie,Jeff Dunham: Minding the Monsters,United States,2012,TV-MA,80 min,Stand-Up Comedy,7
s4011,Movie,Jeff Dunham's Very Special Christmas Special,United States,2008,TV-MA,85 min,Stand-Up Comedy,7
s4012,Movie,Late Life: The Chien-Ming Wang Story,"United States, Taiwan",2018,TV-14,98 min,"Documentaries, Sports Movies",11
s4014,Movie,Paskal,Malaysia,2018,TV-14,115 min,"Action & Adventure, Dramas, International Movies",17
s4018,Movie,A Love Story,Philippines,2007,TV-14,117 min,"Dramas, International Movies, Romantic Movies",17
s4019,Movie,Barcelona: A Love Untold,Philippines,2016,TV-14,132 min,"Dramas, International Movies, Romantic Movies",19
s4020,Movie,Everything About Her,Philippines,2016,TV-MA,127 min,"Comedies, Dramas, International Movies",6
s4021,Movie,Finally Found Someone,Philippines,2017,TV-14,125 min,"International Movies, Romantic Movies",17
s4022,Movie,Seven Sundays,Philippines,2017,TV-MA,128 min,"Comedies, Dramas, International Movies",6
s4025,Movie,Triple Frontier,United States,2019,R,126 min,Action & Adventure,14
s4026,Movie,Jimmy Carr: The Best of Ultimate Gold Greatest Hits,Unknown,2019,TV-MA,58 min,Stand-Up Comedy,7
s4032,Movie,Hajwala 2: Mysterious Mission,United Arab Emirates,2018,TV-14,116 min,"Action & Adventure, Comedies, International Movies",17
s4034,Movie,Juanita,United States,2019,TV-MA,90 min,"Dramas, Independent Movies, Romantic Movies",1
s4035,Movie,Lady J,France,2019,TV-MA,111 min,"Dramas, Independent Movies, International Movies",4
s4037,Movie,Walk. Ride. Rodeo.,United States,2019,TV-PG,100 min,"Children & Family Movies, Dramas",12
s4038,Movie,Nappily Ever After,United States,2018,TV-MA,99 min,"Comedies, Dramas, Romantic Movies",1
s4039,Movie,Sisterakas,Philippines,2012,TV-14,105 min,"Comedies, International Movies",17
s4040,Movie,Starting Over Again,Philippines,2014,TV-14,128 min,"Dramas, International Movies, Romantic Movies",19
s4041,Movie,That Thing Called Tadhana,Philippines,2015,TV-MA,91 min,"Dramas, International Movies, Romantic Movies",4
s4042,Movie,The Love Affair,Philippines,2015,TV-MA,127 min,"Dramas, International Movies, Romantic Movies",6
s4046,Movie,The Hard Way,United States,2019,TV-MA,94 min,Action & Adventure,1
s4047,Movie,Everyday I Love You,Philippines,2015,TV-14,124 min,"Dramas, International Movies, Romantic Movies",17
s4048,Movie,No Other Woman,Philippines,2011,TV-MA,103 min,"Dramas, International Movies, Romantic Movies",4
s4049,Movie,River's Edge,Japan,2018,TV-MA,118 min,"Dramas, International Movies",4
s4050,Movie,Sarkar,Unknown,2018,TV-MA,162 min,"Action & Adventure, Dramas, International Movies",6
s4051,Movie,Weapon of Choice,"Austria, Iraq, United States",2018,TV-MA,89 min,"Documentaries, International Movies",11
s4052,Movie,"2,215",Thailand,2018,TV-MA,89 min,"Documentaries, International Movies, Sports Movies",15
s4053,Movie,BNK48: Girls Don't Cry,Thailand,2018,TV-14,108 min,"Documentaries, International Movies, Music & Musicals",17
s4054,Movie,Budapest,"France, Belgium",2018,TV-MA,103 min,"Comedies, International Movies",8
s4059,Movie,Pants on Fire,Canada,2014,TV-G,87 min,"Children & Family Movies, Comedies",12
s4060,Movie,Paranormal Investigation,"United States, France",2018,TV-14,93 min,"Horror Movies, International Movies, Thrillers",17
s4061,Movie,Radio Rebel,United States,2012,TV-G,90 min,"Children & Family Movies, Comedies",12
s4062,Movie,Sarvam Thaala Mayam (Tamil Version),Unknown,2018,TV-14,131 min,"Dramas, International Movies, Music & Musicals",19
s4063,Movie,The Boy Who Harnessed the Wind,"United Kingdom, Malawi",2019,TV-PG,114 min,"Children & Family Movies, Dramas, Independent Movies",0
s4065,Movie,The Last Runway,"Paraguay, Argentina",2018,TV-MA,107 min,"Action & Adventure, International Movies",15
s4066,Movie,The Spiderwick Chronicles,United States,2008,PG,97 min,Children & Family Movies,12
s4067,Movie,Your Son,"Spain, France",2018,TV-MA,103 min,"Dramas, International Movies, Thrillers",4
s4068,Movie,Quién te cantará,"Spain, France",2018,TV-MA,125 min,"Dramas, Independent Movies, International Movies",4
s4069,Movie,A Second Chance,Philippines,2015,TV-MA,130 min,"Dramas, International Movies, Romantic Movies",6
s4070,Movie,Beauty and the Bestie,Philippines,2015,TV-14,119 min,"Action & Adventure, Comedies, International Movies",17
s4071,Movie,Bride For Rent,Philippines,2014,TV-PG,110 min,"Comedies, International Movies, Romantic Movies",0
s4072,Movie,Can't Help Falling in Love,Philippines,2017,TV-14,120 min,"Comedies, Dramas, International Movies",17
s4073,Movie,Evening Shadows,India,2018,TV-PG,102 min,"Dramas, Independent Movies, International Movies",0
s4074,Movie,Four Sisters and a Wedding,Philippines,2013,TV-14,125 min,"Comedies, Dramas, International Movies",19
s4075,Movie,It Takes a Man and a Woman,Philippines,2013,TV-PG,127 min,"Comedies, International Movies, Romantic Movies",0
s4076,Movie,My Ex & Whys,Philippines,2017,TV-14,121 min,"Comedies, Dramas, International Movies",17
s4077,Movie,She's Dating the Gangster,Philippines,2014,TV-14,113 min,"Dramas, International Movies, Romantic Movies",17
s4078,Movie,The Breakup Playlist,Philippines,2015,TV-MA,118 min,"Dramas, International Movies, Music & Musicals",4
s4079,Movie,The Mistress,Philippines,2012,TV-MA,132 min,"Dramas, International Movies, Romantic Movies",6
s4081,Movie,Zach Galifianakis: Live at the Purple Onion,United States,2006,TV-MA,61 min,Stand-Up Comedy,7
s4082,Movie,Life of An Outcast,India,2018,TV-PG,80 min,"Dramas, Independent Movies, International Movies",0
s4083,Movie,The Photographer Of Mauthausen,Spain,2018,TV-MA,110 min,"Dramas, International Movies",4
s4084,Movie,Bert Kreischer: The Machine,United States,2016,TV-MA,70 min,Stand-Up Comedy,7
s4086,Movie,Firebrand,India,2019,TV-MA,117 min,"Dramas, International Movies",6
s4087,Movie,Paddleton,United States,2019,TV-MA,89 min,"Comedies, Dramas, Independent Movies",1
s4088,Movie,Paris Is Us,France,2019,TV-MA,84 min,"Dramas, Independent Movies, International Movies",4
s4089,Movie,Shonar Pahar,India,2018,TV-PG,131 min,"Dramas, Independent Movies, International Movies",0
s4092,Movie,The Drug King,South Korea,2018,TV-MA,139 min,"Dramas, International Movies, Thrillers",6
s4093,Movie,Kevin James: Sweat the Small Stuff,United States,2001,TV-PG,42 min,Stand-Up Comedy,16
s4094,Movie,Transformer,Canada,2017,TV-MA,79 min,"Documentaries, LGBTQ Movies",11
s4095,Movie,Genius,India,2018,TV-14,96 min,"Dramas, Independent Movies, International Movies",17
s4096,Movie,Black Sea,"United Kingdom, Russia, United States",2015,R,114 min,"Action & Adventure, Dramas, International Movies",10
s4097,Movie,Studio 54,United States,2018,TV-MA,99 min,Documentaries,11
s4098,Movie,Awe,India,2018,TV-MA,111 min,"Dramas, International Movies, Sci-Fi & Fantasy",4
s4099,Movie,Ayana,India,2017,TV-MA,112 min,"Dramas, Independent Movies, International Movies",4
s4100,Movie,Behind the Curve,United States,2018,TV-14,96 min,Documentaries,11
s4101,Movie,Buddies,Brazil,2012,TV-MA,103 min,"Comedies, Dramas, Independent Movies",1
s4102,Movie,Candyflip,India,2017,TV-MA,104 min,"Dramas, Independent Movies, International Movies",4
s4103,Movie,Chameli,India,2004,TV-14,102 min,"Dramas, International Movies",19
s4104,Movie,Fatso,India,2012,TV-14,97 min,"Comedies, Dramas, International Movies",17
s4107,Movie,Neevevaro,India,2018,TV-14,132 min,"Dramas, International Movies, Romantic Movies",19
s4108,Movie,Pyaar Ke Side Effects,India,2006,TV-MA,120 min,"Comedies, International Movies, Romantic Movies",8
s4109,Movie,Sur: The Melody of Life,India,2002,TV-14,137 min,"Dramas, International Movies",19
s4111,Movie,The Breaker Upperers,New Zealand,2018,TV-MA,82 min,"Comedies, Independent Movies, International Movies",8
s4113,Movie,Ugly Aur Pagli,India,2008,TV-14,115 min,"Comedies, International Movies, Romantic Movies",19
s4114,Movie,Yucatán,Spain,2018,TV-MA,130 min,"Comedies, International Movies",8
s4116,Movie,"Ken Jeong: You Complete Me, Ho",United States,2019,TV-MA,62 min,Stand-Up Comedy,7
s4118,Movie,Period. End of Sentence.,United States,2018,TV-PG,26 min,Documentaries,16
s4121,Movie,High Flying Bird,United States,2019,TV-MA,91 min,"Dramas, Sports Movies",1
s4122,Movie,Kevin Hart's Guide to Black History,United States,2019,TV-PG,63 min,"Children & Family Movies, Comedies",12
s4124,Movie,ReMastered: The Two Killings of Sam Cooke,United States,2019,TV-MA,74 min,"Documentaries, Music & Musicals",11
s4125,Movie,The Tree of Blood,Spain,2018,TV-MA,136 min,"Dramas, Independent Movies, International Movies",6
s4129,Movie,"Ray Romano: Right Here, Around the Corner",United States,2019,TV-MA,59 min,Stand-Up Comedy,7
s4134,Movie,Await Further Instructions,United Kingdom,2018,TV-MA,91 min,"Horror Movies, Sci-Fi & Fantasy",15
s4135,Movie,Manusangada,India,2017,TV-14,93 min,"Dramas, Independent Movies, International Movies",17
s4136,Movie,14 Minutes from Earth,United States,2016,TV-MA,84 min,Documentaries,11
s4137,Movie,Dear Ex,Taiwan,2018,TV-MA,100 min,"Comedies, Dramas, International Movies",8
s4138,Movie,Free Rein: Valentine's Day,United States,2019,TV-G,51 min,"Children & Family Movies, Dramas",9
s4139,Movie,Lego DC Comics: Batman Be-Leaguered,United States,2014,TV-Y7,22 min,Movies,16
s4140,Movie,LEGO Marvel Super Heroes: Black Panther,United States,2018,TV-Y7,22 min,Children & Family Movies,9
s4141,Movie,LEGO Marvel Super Heroes: Guardians of the Galaxy,United States,2017,TV-Y,22 min,Children & Family Movies,9
s4146,Movie,True: Happy Hearts Day,"United States, Canada",2019,TV-Y,24 min,Children & Family Movies,9
s4147,Movie,Velvet Buzzsaw,United States,2019,R,113 min,"Dramas, Thrillers",10
s4148,Movie,Hantu Kak Limah,Malaysia,2018,TV-PG,110 min,"Comedies, Horror Movies, International Movies",0
s4149,Movie,Love Off the Cuff,"China, Hong Kong",2017,TV-MA,120 min,"Comedies, Dramas, International Movies",8
s4151,Movie,Maharaja: The Story of Ranjit Singh,Unknown,2010,TV-14,56 min,"Dramas, International Movies",16
s4152,Movie,Virsa,"India, Pakistan",2010,TV-14,127 min,"Dramas, International Movies, Music & Musicals",19
s4153,Movie,Bhasmasur,India,2017,TV-14,74 min,"Dramas, Independent Movies, International Movies",17
s4154,Movie,"Gabriel ""Fluffy"" Iglesias: One Show Fits All",Unknown,2019,TV-14,91 min,Stand-Up Comedy,17
s4155,Movie,High Society,South Korea,2018,TV-MA,137 min,"Dramas, International Movies",6
s4156,Movie,Up Among  The Stars,Spain,2018,TV-MA,86 min,"Dramas, International Movies, Sci-Fi & Fantasy",4
s4157,Movie,Alt-Right: Age of Rage,Unknown,2018,TV-MA,106 min,Documentaries,11
s4158,Movie,Habibie & Ainun,"Indonesia, Singapore",2012,TV-14,125 min,"Dramas, International Movies, Romantic Movies",19
s4159,Movie,Nathicharami,India,2018,TV-MA,114 min,"Dramas, Independent Movies, International Movies",4
s4160,Movie,Rudy Habibie,Indonesia,2016,TV-14,143 min,"Dramas, International Movies",19
s4161,Movie,Surga Yang Tak Dirindukan,Indonesia,2015,TV-14,121 min,"Dramas, Faith & Spirituality, International Movies",17
s4162,Movie,Surga Yang Tak Dirindukan 2,Indonesia,2017,TV-14,119 min,"Dramas, Faith & Spirituality, International Movies",17
s4165,Movie,Goyo: The Boy General,Philippines,2018,TV-MA,150 min,"Dramas, International Movies",6
s4166,Movie,Animas,"Spain, Belgium",2018,TV-MA,88 min,"Horror Movies, International Movies",15
s4170,Movie,Mi Obra Maestra,"Argentina, Spain",2018,TV-MA,105 min,"Comedies, International Movies",8
s4171,Movie,Polar,"United States, Germany",2019,TV-MA,119 min,"Action & Adventure, International Movies",15
s4174,Movie,Just Love,Argentina,2018,TV-MA,96 min,"Dramas, International Movies, Music & Musicals",4
s4176,Movie,Close,"United Kingdom, United States",2019,TV-MA,95 min,"Action & Adventure, International Movies",15
s4177,Movie,FYRE: The Greatest Party That Never Happened,United States,2019,TV-MA,98 min,Documentaries,11
s4178,Movie,IO,United States,2019,TV-14,96 min,"Dramas, Sci-Fi & Fantasy",1
s4181,Movie,Old Lord Savanna,Brazil,2018,TV-14,96 min,"Documentaries, International Movies",17
s4182,Movie,Patria,Mexico,2019,TV-MA,90 min,"Documentaries, International Movies",15
s4183,Movie,Soni,India,2018,TV-MA,97 min,"Dramas, Independent Movies, International Movies",4
s4186,Movie,Abducted in Plain Sight,United States,2017,TV-14,90 min,Documentaries,11
s4187,Movie,"Abdullah, The Final Witness",Pakistan,2016,TV-14,88 min,"Dramas, International Movies",17
s4188,Movie,Adhugo,India,2018,TV-14,105 min,"Comedies, Independent Movies, International Movies",17
s4189,Movie,Echcharikkai,India,2018,TV-14,127 min,"International Movies, Thrillers",19
s4191,Movie,Pandigai,India,2017,TV-MA,125 min,"Action & Adventure, Dramas, International Movies",6
s4192,Movie,Pari,Pakistan,2018,TV-14,116 min,"Horror Movies, International Movies",17
s4193,Movie,Revenger,South Korea,2018,TV-MA,102 min,"Action & Adventure, International Movies",15
s4194,Movie,Sebastian Maniscalco: Stay Hungry,United States,2019,TV-MA,65 min,Stand-Up Comedy,7
s4195,Movie,The Doll,Indonesia,2016,TV-MA,106 min,"Horror Movies, International Movies",15
s4196,Movie,The Doll 2,Indonesia,2017,TV-MA,117 min,"Horror Movies, International Movies",15
s4198,Movie,Baazaar,India,2018,TV-MA,136 min,"Dramas, International Movies",6
s4199,Movie,All of You,Philippines,2017,TV-MA,104 min,"Comedies, Dramas, International Movies",8
s4204,Movie,ReMastered: Massacre at the Stadium,United States,2019,TV-MA,65 min,"Documentaries, Music & Musicals",11
s4205,Movie,Solo,Spain,2018,TV-MA,91 min,"Dramas, Independent Movies, International Movies",4
s4206,Movie,The Last Laugh,United States,2019,TV-MA,99 min,"Comedies, Dramas",1
s4209,Movie,GODZILLA The Planet Eater,Japan,2018,TV-PG,91 min,"Action & Adventure, Anime Features, International Movies",0
s4210,Movie,Next Enti?,India,2018,TV-14,117 min,"Comedies, Dramas, International Movies",19
s4211,Movie,Komola Rocket,Bangladesh,2018,TV-14,95 min,"Dramas, Independent Movies, International Movies",17
s4212,Movie,Nang Nak,Thailand,1999,TV-MA,101 min,"Horror Movies, International Movies, Romantic Movies",15
s4213,Movie,And Breathe Normally,"Iceland, Sweden, Belgium",2018,TV-14,102 min,"Dramas, Independent Movies, International Movies",17
s4214,Movie,El Potro: Unstoppable,Unknown,2018,TV-MA,122 min,"Dramas, International Movies, Music & Musicals",6
s4215,Movie,Lionheart,Nigeria,2018,TV-PG,95 min,"Comedies, Dramas, Independent Movies",0
s4218,Movie,Monty Python and the Holy Grail,United Kingdom,1975,PG,92 min,"Action & Adventure, Classic Movies, Comedies",13
s4220,Movie,Back to the 90s,Thailand,2015,TV-14,111 min,"Comedies, International Movies, Music & Musicals",17
s4222,Movie,Merku Thodarchi Malai,India,2018,TV-MA,115 min,"Dramas, Independent Movies, International Movies",4
s4223,Movie,Moshe Kasher: Live in Oakland,United States,2012,TV-MA,61 min,Stand-Up Comedy,7
s4224,Movie,Pokémon the Movie: I Choose You!,Japan,2017,TV-Y7,97 min,"Anime Features, Children & Family Movies",12
s4225,Movie,Puriyatha Puthir,India,2017,TV-MA,120 min,"International Movies, Thrillers",6
s4226,Movie,Taramani,India,2017,TV-MA,148 min,"Dramas, Independent Movies, International Movies",6
s4229,Movie,Whitney Cummings: Money Shot,United States,2010,TV-MA,48 min,Stand-Up Comedy,7
s4230,Movie,Bill Hicks: One Night Stand,United Kingdom,1991,TV-MA,28 min,Stand-Up Comedy,18
s4231,Movie,Bill Hicks: Reflections,Unknown,2015,TV-MA,34 min,Documentaries,16
s4232,Movie,Bill Hicks: Relentless,United Kingdom,1992,TV-MA,61 min,Stand-Up Comedy,18
s4233,Movie,Bill Hicks: Revelations,United Kingdom,1993,TV-MA,56 min,Stand-Up Comedy,18
s4234,Movie,Bill Hicks: Sane Man,United States,1989,TV-MA,81 min,Stand-Up Comedy,18
s4235,Movie,Gina Yashere: Laughing to America,Unknown,2013,TV-MA,68 min,Stand-Up Comedy,7
s4236,Movie,Gina Yashere: Skinny B*tch,United Kingdom,2008,TV-MA,58 min,Stand-Up Comedy,7
s4237,Movie,Mexicanos de Bronce,Mexico,2016,TV-MA,100 min,"Documentaries, International Movies, Music & Musicals",15
s4238,Movie,Sam Kinison: Breaking the Rules,United States,1987,TV-MA,50 min,Stand-Up Comedy,18
s4239,Movie,Sam Kinison: Family Entertainment Hour,United States,1991,TV-MA,49 min,Stand-Up Comedy,18
s4240,Movie,Sam Kinison: Live in Vegas,United States,1991,TV-MA,71 min,Stand-Up Comedy,18
s4241,Movie,Sam Kinison: The Scream Continues,United States,2016,TV-MA,29 min,Documentaries,16
s4242,Movie,Secrets in the Hot Spring,Taiwan,2018,TV-14,108 min,"Comedies, Horror Movies, International Movies",17
s4243,Movie,Taylor Swift reputation Stadium Tour,Unknown,2018,TV-PG,125 min,Music & Musicals,0
s4244,Movie,The Seven Deadly Sins the Movie: Prisoners of the Sky,Japan,2018,TV-14,100 min,"Action & Adventure, Anime Features, International Movies",17
s4245,Movie,Tim Allen: Men Are Pigs,United States,1990,TV-MA,30 min,Stand-Up Comedy,18
s4246,Movie,Tim Allen: ReWires America,United States,1991,TV-MA,30 min,Stand-Up Comedy,18
s4247,Movie,Tim Minchin And The Heritage Orchestra Live,United Kingdom,2011,TV-MA,146 min,"Music & Musicals, Stand-Up Comedy",6
s4248,Movie,Tim Minchin: So F**king Rock,United Kingdom,2008,TV-MA,127 min,"Music & Musicals, Stand-Up Comedy",6
s4249,Movie,Todd Glass: Stand-Up Special,United States,2012,TV-MA,46 min,Stand-Up Comedy,7
s4250,Movie,Tom Papa Live in New York City,United States,2011,TV-14,57 min,Stand-Up Comedy,7
s4253,Movie,A Twelve Year Night,"Uruguay, Argentina, Spain",2018,TV-MA,122 min,"Dramas, International Movies",4
s4254,Movie,Black Mirror: Bandersnatch,United States,2018,TV-MA,312 min,"Dramas, International Movies, Sci-Fi & Fantasy",5
s4256,Movie,Life Ki Toh Lag Gayi,India,2012,TV-MA,109 min,"Action & Adventure, Comedies, Dramas",8
s4259,Movie,The Birth Reborn 3,Unknown,2018,TV-14,73 min,"Documentaries, International Movies",17
s4260,Movie,When Angels Sleep,Spain,2018,TV-MA,96 min,"Dramas, International Movies, Thrillers",4
s4268,Movie,Bad Seeds,"France, Belgium",2018,TV-MA,105 min,"Comedies, Dramas, International Movies",8
s4269,Movie,Bird Box,United States,2018,R,124 min,"Dramas, Sci-Fi & Fantasy, Thrillers",10
s4276,Movie,Struggle: The Life and Lost Art of Szukalski,"Poland, United States",2018,TV-MA,105 min,Documentaries,11
s4278,Movie,23:59,Singapore,2011,R,78 min,"Horror Movies, International Movies",14
s4279,Movie,Aggretsuko: We Wish You a Metal Christmas,Japan,2018,TV-PG,22 min,Movies,16
s4281,Movie,Imperfect,Singapore,2012,TV-MA,95 min,"Action & Adventure, International Movies",15
s4282,Movie,Lang Tong,Singapore,2015,TV-MA,82 min,"International Movies, Thrillers",15
s4283,Movie,Miss J Contemplates Her Choice,Singapore,2014,TV-MA,89 min,"Dramas, International Movies, Thrillers",4
s4284,Movie,Ascharyachakit!,India,2018,TV-MA,90 min,"Dramas, Independent Movies, International Movies",4
s4286,Movie,Lilli,India,2018,TV-MA,85 min,"Dramas, Independent Movies, International Movies",4
s4287,Movie,Prince of Peoria: A Christmas Moose Miracle,United States,2018,TV-G,29 min,"Children & Family Movies, Comedies",9
s4288,Movie,Andhadhun,India,2018,TV-14,137 min,"Comedies, Dramas, International Movies",19
s4290,Movie,Dragons: Dawn of the Dragon Racers,United States,2014,TV-PG,27 min,"Children & Family Movies, Comedies",9
s4292,Movie,Kill the Messenger,United States,2014,R,112 min,"Dramas, Thrillers",10
s4293,Movie,Maps to the Stars,"Canada, Germany, France, United States",2014,R,112 min,"Comedies, Dramas",10
s4294,Movie,Springsteen on Broadway,United States,2018,TV-MA,153 min,Music & Musicals,6
s4295,Movie,The Theory of Everything,"United Kingdom, Japan",2014,PG-13,123 min,"Dramas, Romantic Movies",2
s4296,Movie,F.R.E.D.I.,United States,2018,TV-PG,90 min,"Children & Family Movies, Sci-Fi & Fantasy",12
s4298,Movie,Kita Kita,Philippines,2017,TV-14,84 min,"Comedies, Dramas, International Movies",17
s4299,Movie,Once in a Lifetime Sessions with George Ezra,United States,2018,TV-MA,78 min,"Documentaries, Music & Musicals",11
s4300,Movie,Once in a Lifetime Sessions with Kasabian,United States,2018,TV-MA,79 min,"Documentaries, Music & Musicals",11
s4301,Movie,Once in a Lifetime Sessions with OneRepublic,United States,2018,TV-PG,73 min,"Documentaries, Music & Musicals",11
s4302,Movie,Once in a Lifetime Sessions with Snow Patrol,United States,2018,TV-MA,83 min,"Documentaries, Music & Musicals",11
s4303,Movie,Sad Hill Unearthed,Spain,2017,TV-14,83 min,"Documentaries, International Movies",17
s4304,Movie,Vanjagar Ulagam,India,2018,TV-MA,145 min,"Dramas, International Movies, Thrillers",6
s4307,Movie,ROMA,"Mexico, United States",2018,R,135 min,"Dramas, Independent Movies, International Movies",10
s4314,Movie,"Out of Many, One",United States,2018,TV-PG,35 min,Documentaries,16
s4315,Movie,Vir Das: Losing It,United States,2018,TV-MA,68 min,Stand-Up Comedy,7
s4316,Movie,5 Star Christmas,Italy,2018,TV-14,96 min,"Comedies, International Movies",17
s4318,Movie,Dumplin',United States,2018,PG-13,110 min,"Comedies, Dramas, Independent Movies",2
s4319,Movie,Free Rein: The Twelve Neighs of Christmas,Unknown,2018,TV-G,58 min,"Children & Family Movies, Dramas",9
s4320,Movie,Mowgli: Legend of the Jungle,"United Kingdom, United States",2018,PG-13,105 min,"Action & Adventure, Children & Family Movies, Dramas",2
s4323,Movie,ReMastered: Who Killed Jam Master Jay?,Unknown,2018,TV-MA,59 min,"Documentaries, Music & Musicals",16
s4324,Movie,Super Monsters and the Wish Star,Unknown,2018,TV-Y,28 min,Children & Family Movies,9
s4325,Movie,The American Meme,United States,2018,TV-MA,98 min,Documentaries,11
s4326,Movie,RUSSELL BRAND: RE:BIRTH,Unknown,2018,TV-MA,63 min,Stand-Up Comedy,7
s4329,Movie,Teefa in Trouble,Pakistan,2018,TV-14,155 min,"Action & Adventure, Comedies, International Movies",19
s4330,Movie,A Beautiful Life,"China, Hong Kong",2011,TV-14,122 min,"Dramas, International Movies, Romantic Movies",17
s4331,Movie,Accident,Hong Kong,2009,TV-MA,87 min,"International Movies, Thrillers",15
s4332,Movie,"Ayotzinapa, el paso de la tortuga",Mexico,2018,TV-MA,73 min,"Documentaries, International Movies",15
s4333,Movie,Battle,"Norway, Denmark, Netherlands, Sweden",2018,TV-MA,98 min,"Dramas, International Movies, Romantic Movies",4
s4334,Movie,Blind Detective,"Hong Kong, China",2013,TV-MA,130 min,"Action & Adventure, Comedies, International Movies",8
s4335,Movie,Break Up 100,Hong Kong,2014,TV-14,105 min,"Comedies, International Movies, Romantic Movies",17
s4336,Movie,Chal Bhaag,India,2014,TV-14,110 min,"Comedies, Dramas, International Movies",19
s4337,Movie,Crossroads: One Two Jaga,Malaysia,2018,TV-14,81 min,"Dramas, International Movies",17
s4338,Movie,Don't Go Breaking My Heart,Hong Kong,2011,TV-PG,115 min,"Comedies, International Movies, Romantic Movies",0
s4339,Movie,Don't Go Breaking My Heart 2,"Hong Kong, China",2014,TV-14,113 min,"Comedies, International Movies, Romantic Movies",17
s4340,Movie,Faraar,Australia,2015,TV-14,146 min,"Action & Adventure, Dramas, International Movies",19
s4342,Movie,Helios,"Hong Kong, China, United States",2015,TV-14,118 min,"Action & Adventure, International Movies",17
s4343,Movie,Line Walker,"China, Hong Kong",2016,TV-MA,109 min,"Action & Adventure, Dramas, International Movies",4
s4344,Movie,Look for a Star,Hong Kong,2009,TV-14,117 min,"Comedies, International Movies, Romantic Movies",17
s4345,Movie,Oddbods: The Festive Menace,Unknown,2018,TV-Y,23 min,Movies,16
s4346,Movie,Once a Gangster,Hong Kong,2010,TV-MA,95 min,"Action & Adventure, Comedies, International Movies",8
s4347,Movie,Power Paandi,India,2017,TV-MA,124 min,"Dramas, Independent Movies, International Movies",6
s4348,Movie,Roll With Me,United States,2017,TV-MA,90 min,"Documentaries, Sports Movies",11
s4349,Movie,SDU: Sex Duties Unit,Hong Kong,2013,TV-MA,96 min,"Comedies, International Movies",8
s4350,Movie,Set Off,China,2008,TV-MA,96 min,"Dramas, International Movies",4
s4352,Movie,A Christmas Prince: The Royal Wedding,United States,2018,TV-PG,93 min,"Children & Family Movies, Dramas, Romantic Movies",12
s4353,Movie,Angela's Christmas,"Ireland, Canada",2018,TV-Y,30 min,Children & Family Movies,9
s4355,Movie,El club de los insomnes,Mexico,2018,TV-MA,82 min,"Dramas, International Movies",4
s4356,Movie,Happy as Lazzaro,"Italy, Switzerland, France, Germany",2018,PG-13,127 min,"Dramas, Independent Movies, International Movies",4
s4358,Movie,Manto,India,2018,TV-MA,114 min,"Dramas, Independent Movies, International Movies",4
s4359,Movie,Rajma Chawal,India,2018,TV-MA,119 min,"Comedies, Dramas, International Movies",6
s4361,Movie,The World Is Yours,France,2018,TV-MA,101 min,"Action & Adventure, Comedies, International Movies",8
s4362,Movie,Time Share,"Mexico, Netherlands",2018,TV-MA,96 min,"Dramas, Independent Movies, International Movies",4
s4365,Movie,My Little Pony Friendship Is Magic: Best Gift Ever,United States,2018,TV-Y,44 min,Children & Family Movies,9
s4370,Movie,The Christmas Chronicles,United States,2018,TV-PG,104 min,"Children & Family Movies, Comedies",12
s4371,Movie,The Tribe,Spain,2018,TV-MA,91 min,"Comedies, International Movies",8
s4374,Movie,Puppy Star Christmas,"United States, Canada",2018,PG,91 min,"Children & Family Movies, Comedies",12
s4375,Movie,Sabrina,Indonesia,2018,TV-MA,114 min,"Horror Movies, International Movies",15
s4376,Movie,Target,Indonesia,2018,TV-14,91 min,"Comedies, Horror Movies, International Movies",17
s4378,Movie,Trevor Noah: Son of Patricia,United States,2018,TV-MA,64 min,Stand-Up Comedy,7
s4379,Movie,The Pixar Story,United States,2007,G,89 min,Documentaries,11
s4383,Movie,Cam,United States,2018,TV-MA,95 min,"Horror Movies, Independent Movies, Thrillers",1
s4384,Movie,Nothing to Hide,"France, Belgium",2018,TV-MA,94 min,"Comedies, Dramas, International Movies",8
s4386,Movie,The Ballad of Buster Scruggs,United States,2018,R,133 min,"Comedies, Dramas",10
s4387,Movie,The Princess Switch,United States,2018,TV-G,102 min,"Children & Family Movies, Dramas, Romantic Movies",12
s4389,Movie,Aalorukkam,India,2018,TV-PG,122 min,"Dramas, Independent Movies, International Movies",0
s4391,Movie,Christmas Wedding Planner,Canada,2017,PG,86 min,"Comedies, International Movies, Romantic Movies",8
s4392,Movie,Halkaa,India,2018,TV-14,111 min,"Comedies, Dramas, Independent Movies",19
s4393,Movie,May the Devil Take You,Indonesia,2018,TV-MA,111 min,"Horror Movies, International Movies",15
s4394,Movie,Muzaffarnagar Baaqi Hai,India,2015,TV-MA,136 min,"Documentaries, International Movies",6
s4395,Movie,Odu Raja Odu,India,2018,TV-14,121 min,"Comedies, Independent Movies, International Movies",19
s4396,Movie,Savita Damodar Paranjpe,India,2018,TV-14,119 min,"Horror Movies, International Movies",19
s4397,Movie,The Giant,Spain,2017,TV-14,115 min,"Dramas, International Movies",17
s4398,Movie,BuyBust,Philippines,2018,TV-MA,128 min,"Action & Adventure, International Movies",6
s4399,Movie,Loudon Wainwright III: Surviving Twin,Unknown,2018,TV-14,92 min,Music & Musicals,17
s4402,Movie,"All's Well, End's Well (2009)",Hong Kong,2009,TV-14,99 min,"Comedies, International Movies, Romantic Movies",17
s4403,Movie,Lommbock,Germany,2017,TV-MA,106 min,"Comedies, International Movies",8
s4405,Movie,Outlaw King,"United Kingdom, United States",2018,R,122 min,"Action & Adventure, Dramas",10
s4412,Movie,Bucket List,India,2018,TV-14,129 min,"Dramas, International Movies",19
s4413,Movie,John Leguizamo's Latin History for Morons,United States,2018,TV-MA,90 min,Stand-Up Comedy,7
s4415,Movie,Ana e Vitória,Brazil,2018,TV-MA,116 min,"Comedies, International Movies, LGBTQ Movies",8
s4417,Movie,ReMastered: Tricky Dick & The Man in Black,United States,2018,TV-14,59 min,"Documentaries, Music & Musicals",16
s4418,Movie,The Holiday Calendar,United States,2018,TV-G,95 min,"Dramas, Romantic Movies",1
s4419,Movie,The Other Side of the Wind,"France, Iran, United States",2018,R,122 min,"Classic Movies, Dramas, Independent Movies",10
s4420,Movie,They’ll Love Me When I’m Dead,United States,2018,TV-MA,98 min,Documentaries,11
s4421,Movie,Aagey Se Right,India,2009,TV-14,117 min,"Comedies, International Movies, Music & Musicals",19
s4422,Movie,Aamir,India,2008,TV-14,95 min,"International Movies, Thrillers",17
s4423,Movie,ABCD 2,India,2015,TV-14,146 min,"Dramas, International Movies, Music & Musicals",19
s4424,Movie,ABCD: Any Body Can Dance,India,2013,TV-14,136 min,"Dramas, International Movies",19
s4425,Movie,Arjun: The Warrior Prince,India,2011,TV-14,91 min,"Action & Adventure, Dramas, International Movies",17
s4426,Movie,Asees,India,2018,TV-14,123 min,"Dramas, International Movies, Music & Musicals",19
s4427,Movie,Barfi!,India,2012,TV-14,144 min,"Comedies, Dramas, International Movies",19
s4428,Movie,Chance Pe Dance,India,2010,TV-14,121 min,"Comedies, Dramas, International Movies",19
s4429,Movie,Christmas With A View,Canada,2018,TV-PG,91 min,"International Movies, Romantic Movies",0
s4430,Movie,Chup Chup Ke,India,2006,TV-14,158 min,"Comedies, Dramas, International Movies",19
s4432,Movie,Dhan Dhana Dhan Goal,"United Kingdom, India",2007,TV-14,157 min,"Dramas, International Movies, Music & Musicals",19
s4433,Movie,Dhoondte Reh Jaoge,India,2009,TV-14,124 min,"Comedies, International Movies, Music & Musicals",19
s4434,Movie,Do Dooni Chaar,India,2010,TV-PG,106 min,"Comedies, International Movies",0
s4435,Movie,Edge of Fear,United States,2018,TV-MA,92 min,"Independent Movies, Thrillers",1
s4436,Movie,"Edmilson Filho: Notas, Comedy about Relationships",Brazil,2017,TV-MA,80 min,Stand-Up Comedy,7
s4438,Movie,Gaddar: the Traitor,India,2015,TV-14,126 min,"Dramas, International Movies, Thrillers",19
s4439,Movie,Ghanchakkar,India,2013,TV-MA,129 min,"Comedies, International Movies, Thrillers",6
s4440,Movie,Grandmaster,India,2012,TV-14,133 min,"International Movies, Thrillers",19
s4441,Movie,Hattrick,India,2007,TV-14,109 min,"Comedies, Dramas, International Movies",19
s4442,Movie,Heroine,India,2012,TV-MA,143 min,"Dramas, International Movies",6
s4443,Movie,Himmatwala,India,2013,TV-14,140 min,"Action & Adventure, Comedies, International Movies",19
s4444,Movie,Husbands in Goa,India,2012,TV-14,150 min,"Comedies, International Movies, Music & Musicals",19
s4445,Movie,Jatts in Golmaal,India,2013,TV-PG,128 min,"Comedies, International Movies, Music & Musicals",0
s4446,Movie,Kai Po Che!,India,2013,TV-MA,120 min,"Dramas, International Movies, Sports Movies",6
s4447,Movie,Kalakalappu,India,2012,TV-14,154 min,"Comedies, International Movies, Music & Musicals",19
s4448,Movie,Katt Williams: The Pimp Chronicles: Pt. 1,United States,2006,TV-MA,45 min,Stand-Up Comedy,7
s4449,Movie,Katti Batti,India,2015,TV-14,132 min,"Comedies, Dramas, International Movies",19
s4450,Movie,Life in a ... Metro,India,2007,TV-14,126 min,"Dramas, International Movies, Music & Musicals",19
s4451,Movie,Marc Maron: Thinky Pain,United States,2013,TV-MA,95 min,Stand-Up Comedy,7
s4452,Movie,Mumbai Meri Jaan,India,2008,TV-MA,135 min,"Dramas, International Movies",6
s4453,Movie,Mundeyan Ton Bachke Rahin,India,2014,TV-14,139 min,"Comedies, International Movies, Music & Musicals",19
s4454,Movie,No One Killed Jessica,India,2011,TV-MA,131 min,"Dramas, International Movies",6
s4455,Movie,Oye Lucky! Lucky Oye!,India,2008,TV-14,118 min,"Comedies, Dramas, International Movies",19
s4456,Movie,Paan Singh Tomar,India,2010,TV-14,129 min,"Action & Adventure, Dramas, International Movies",19
s4457,Movie,Raja Natwarlal,India,2014,TV-14,131 min,"Dramas, International Movies, Thrillers",19
s4458,Movie,Satyagraha,India,2013,TV-14,146 min,"Dramas, International Movies, Music & Musicals",19
s4459,Movie,Settai,India,2013,TV-14,123 min,"Comedies, International Movies, Music & Musicals",19
s4460,Movie,Sigaram Thodu,India,2014,TV-14,141 min,"Dramas, International Movies, Thrillers",19
s4461,Movie,Sommore: The Reign Continues,United States,2015,TV-MA,93 min,Stand-Up Comedy,7
s4463,Movie,The Untold Tales of Armistead Maupin,United States,2017,TV-MA,91 min,"Documentaries, LGBTQ Movies",11
s4464,Movie,Vaya,South Africa,2016,TV-MA,106 min,"Dramas, Independent Movies, International Movies",4
s4465,Movie,Welcome to Sajjanpur,India,2008,TV-14,131 min,"Comedies, Dramas, International Movies",19
s4466,Movie,Yeh Hai Bakrapur,India,2014,TV-PG,95 min,"Comedies, Dramas, Independent Movies",0
s4467,Movie,Zokkomon,India,2011,PG,104 min,"Children & Family Movies, Dramas",12
s4468,Movie,Gun City,"Spain, France",2018,TV-MA,126 min,"Dramas, International Movies, Thrillers",6
s4469,Movie,Heneral Luna,Philippines,2015,R,118 min,"Dramas, International Movies",10
s4471,Movie,Dragon Tiger Gate,"Hong Kong, China",2006,TV-14,94 min,"Action & Adventure, International Movies",17
s4472,Movie,Been So Long,Unknown,2018,TV-MA,100 min,"Dramas, International Movies, Music & Musicals",4
s4473,Movie,Dovlatov,"Russia, Poland, Serbia",2018,PG-13,126 min,"Dramas, International Movies",6
s4474,Movie,Jefe,"Spain, Portugal",2018,TV-MA,90 min,"Comedies, Dramas, International Movies",8
s4475,Movie,Santo Cachón,Colombia,2018,TV-14,87 min,"Comedies, International Movies, Romantic Movies",17
s4476,Movie,Shirkers,"United States, United Kingdom",2018,TV-14,97 min,Documentaries,11
s4478,Movie,W/O Ram,India,2018,TV-MA,115 min,"Dramas, International Movies, Thrillers",6
s4481,Movie,Ronnie Coleman: The King,United States,2018,TV-MA,93 min,Documentaries,11
s4482,Movie,Baahubali: The Beginning (English Version),Unknown,2015,TV-14,138 min,"Action & Adventure, Dramas, International Movies",19
s4483,Movie,ADAM SANDLER 100% FRESH,United States,2018,TV-MA,74 min,Stand-Up Comedy,7
s4485,Movie,Scorpion King 5: Book of Souls,United States,2018,PG-13,102 min,"Action & Adventure, Sci-Fi & Fantasy",2
s4487,Movie,How to Get Over a Breakup,Peru,2018,TV-MA,104 min,"Comedies, International Movies, Romantic Movies",8
s4491,Movie,"Club de Cuervos Presents: I, Potro","Mexico, Argentina",2018,TV-MA,51 min,Movies,7
s4492,Movie,Derren Brown: Sacrifice,Unknown,2018,TV-MA,50 min,Movies,16
s4493,Movie,Gnome Alone,"United Kingdom, Canada, United States, Cayman Islands",2018,PG,86 min,"Children & Family Movies, Comedies",12
s4494,Movie,Illang: The Wolf Brigade,South Korea,2018,TV-MA,140 min,"Action & Adventure, International Movies, Sci-Fi & Fantasy",6
s4497,Movie,Naa Bangaaru Talli,India,2013,TV-14,122 min,"Dramas, International Movies",19
s4498,Movie,Oddbods: Party Monsters,Unknown,2018,TV-Y,23 min,Movies,16
s4500,Movie,S Storm,"Hong Kong, China",2016,TV-MA,95 min,"Action & Adventure, International Movies",15
s4501,Movie,The Night Comes for Us,"Indonesia, United States",2018,TV-MA,121 min,"Action & Adventure, International Movies",15
s4503,Movie,Mr. Chandramouli,India,2018,TV-MA,131 min,"Dramas, International Movies, Thrillers",6
s4506,Movie,"Ron White: If You Quit Listening, I'll Shut Up",United States,2018,TV-MA,63 min,Stand-Up Comedy,7
s4507,Movie,Meghnadbodh Rohoshyo,India,2017,TV-MA,150 min,"Dramas, International Movies",6
s4508,Movie,Sanju,India,2018,TV-MA,159 min,"Dramas, International Movies",6
s4510,Movie,Soorma,India,2018,TV-14,131 min,"Dramas, International Movies, Sports Movies",19
s4511,Movie,Apostle,"United Kingdom, United States",2018,TV-MA,130 min,"Horror Movies, International Movies, Thrillers",6
s4513,Movie,Errementari: The Blacksmith and the Devil,"Spain, France",2018,TV-MA,99 min,"Horror Movies, International Movies, Sci-Fi & Fantasy",15
s4514,Movie,Feminists: What Were They Thinking?,United States,2018,TV-MA,86 min,"Documentaries, LGBTQ Movies",11
s4516,Movie,Kuntilanak,Indonesia,2018,TV-14,106 min,"Horror Movies, International Movies",17
s4517,Movie,ReMastered: Who Shot the Sheriff,United States,2018,TV-14,57 min,"Documentaries, Music & Musicals",16
s4520,Movie,The Kindergarten Teacher,"United States, Israel, United Kingdom, Canada",2018,R,97 min,"Dramas, Independent Movies",10
s4523,Movie,22 July,"Norway, Iceland, United States",2018,R,144 min,"Dramas, Thrillers",10
s4525,Movie,Tales From the Hood 2,United States,2018,R,110 min,"Cult Movies, Horror Movies, Independent Movies",14
s4526,Movie,Mo Amer: The Vagabond,United States,2018,TV-MA,57 min,Stand-Up Comedy,7
s4527,Movie,Pulang,Malaysia,2018,TV-14,119 min,"Action & Adventure, Dramas, International Movies",17
s4529,Movie,Seven in Heaven,United States,2018,PG-13,94 min,Horror Movies,2
s4533,Movie,Malevolent,United Kingdom,2018,TV-MA,89 min,"Horror Movies, Thrillers",15
s4534,Movie,Private Life,United States,2018,R,124 min,"Comedies, Dramas, Independent Movies",10
s4535,Movie,Super Monsters Save Halloween,Unknown,2018,TV-Y,25 min,Children & Family Movies,9
s4538,Movie,The Black Prince,"United Kingdom, India, United States",2017,PG-13,121 min,"Dramas, International Movies",2
s4539,Movie,Truth or Dare,United States,2017,TV-MA,88 min,Horror Movies,1
s4540,Movie,Death Race: Beyond Anarchy,"United States, Bulgaria",2017,R,111 min,Action & Adventure,14
s4541,Movie,Eric ldle's What About Dick?,United States,2012,TV-MA,81 min,"Comedies, Music & Musicals",1
s4542,Movie,Joe Rogan: Strange Times,Unknown,2018,TV-MA,64 min,Stand-Up Comedy,7
s4544,Movie,Monty Python Conquers America,Unknown,2008,TV-MA,55 min,Documentaries,16
s4545,Movie,"Monty Python Live (Mostly): One Down, Five to Go",United Kingdom,2014,TV-MA,137 min,Comedies,6
s4546,Movie,Monty Python: Before the Flying Circus,United Kingdom,2000,TV-MA,56 min,"Comedies, Documentaries",16
s4547,Movie,Monty Python: Live at Aspen,United States,1998,TV-MA,58 min,"Comedies, Documentaries",18
s4548,Movie,Monty Python: Live at The Hollywood Bowl,United Kingdom,1982,R,80 min,Comedies,18
s4549,Movie,Monty Python: The Meaning of Live,United Kingdom,2014,TV-MA,94 min,Documentaries,11
s4553,Movie,Monty Python's Life of Brian,United Kingdom,1979,R,94 min,"Classic Movies, Comedies, Cult Movies",18
s4555,Movie,Parrot Sketch Not Included: Twenty Years of Monty Python,United Kingdom,1989,TV-14,72 min,Comedies,18
s4556,Movie,The Meaning of Monty Python,United Kingdom,2013,TV-MA,60 min,Documentaries,16
s4557,Movie,25 Kille,India,2016,TV-14,140 min,"Action & Adventure, Dramas, International Movies",19
s4558,Movie,A Witches' Ball,Canada,2017,PG,91 min,Children & Family Movies,12
s4559,Movie,Agyaat,India,2009,TV-14,97 min,"Horror Movies, International Movies",17
s4560,Movie,Anjaan,India,2014,TV-14,146 min,"Action & Adventure, Dramas, International Movies",19
s4561,Movie,Bathinda Express,India,2016,TV-14,118 min,"Dramas, International Movies, Sports Movies",19
s4562,Movie,Delhi 6,India,2009,TV-14,128 min,"Dramas, International Movies",19
s4563,Movie,Dev.D,India,2009,TV-MA,137 min,"Dramas, International Movies, Romantic Movies",6
s4564,Movie,Dil Vil Pyaar Vyaar,India,2014,TV-PG,145 min,"International Movies, Music & Musicals, Romantic Movies",0
s4565,Movie,Dushman,Unknown,2017,TV-14,141 min,"Dramas, International Movies",19
s4566,Movie,Ek Main Aur Ekk Tu,India,2012,TV-14,106 min,"Comedies, International Movies, Romantic Movies",17
s4567,Movie,Freedom at Midnight,Unknown,2018,TV-MA,135 min,"Dramas, Independent Movies, International Movies",6
s4568,Movie,Haani,India,2013,TV-14,137 min,"Dramas, International Movies, Music & Musicals",19
s4569,Movie,Happy Go Lucky,India,2014,TV-14,129 min,"Comedies, International Movies, Music & Musicals",19
s4570,Movie,Harishchandrachi Factory,India,2009,TV-PG,99 min,"Dramas, International Movies",0
s4572,Movie,Jagga Jasoos,India,2017,TV-14,155 min,"Action & Adventure, Comedies, International Movies",19
s4573,Movie,Jatt James Bond,India,2014,TV-14,142 min,"Comedies, Dramas, International Movies",19
s4574,Movie,Jodhaa Akbar,India,2008,TV-14,214 min,"Action & Adventure, Dramas, International Movies",5
s4575,Movie,Judge Singh LLB,India,2015,TV-PG,137 min,"Comedies, Dramas, International Movies",0
s4576,Movie,Kaminey,India,2009,TV-14,128 min,"Dramas, International Movies, Music & Musicals",19
s4577,Movie,Khido Khundi,India,2018,TV-14,151 min,"Dramas, International Movies, Sports Movies",19
s4578,Movie,Khoobsurat,India,2014,TV-14,121 min,"Comedies, International Movies, Romantic Movies",19
s4579,Movie,Kisaan,India,2009,TV-14,101 min,"Action & Adventure, Dramas, International Movies",19
s4580,Movie,Kismat Konnection,India,2008,TV-14,145 min,"Comedies, Dramas, International Movies",19
s4581,Movie,Kurbaan,India,2009,TV-14,147 min,"International Movies, Thrillers",19
s4582,Movie,Lock,India,2016,TV-14,90 min,"Dramas, International Movies",17
s4583,Movie,Luv Shuv Tey Chicken Khurana,India,2012,TV-14,129 min,"Comedies, International Movies, Romantic Movies",19
s4584,Movie,"Main, Meri Patni Aur Woh",India,2005,TV-PG,129 min,"Comedies, Dramas, International Movies",0
s4585,Movie,Manje Bistre,India,2017,TV-14,136 min,"Comedies, Dramas, International Movies",19
s4586,Movie,Motor Mitraan Di,India,2016,TV-PG,117 min,"Comedies, International Movies",0
s4587,Movie,Mugamoodi,India,2012,TV-14,150 min,"Action & Adventure, International Movies",19
s4588,Movie,Muran,India,2011,TV-14,134 min,"Action & Adventure, International Movies",19
s4589,Movie,My Friend Pinto,India,2011,TV-14,100 min,"Comedies, International Movies, Sci-Fi & Fantasy",17
s4590,Movie,My Little Pony Equestria Girls: Forgotten Friendship,United States,2018,TV-Y,44 min,Children & Family Movies,9
s4591,Movie,My Little Pony Equestria Girls: Rollercoaster of Friendship,"United States, Canada",2018,TV-Y,44 min,Children & Family Movies,9
s4592,Movie,My Suicide,United States,2009,TV-MA,111 min,"Comedies, Dramas, Independent Movies",1
s4593,Movie,Naan Sigappu Manithan,India,2014,TV-14,147 min,"Action & Adventure, Dramas, International Movies",19
s4594,Movie,Nasha,India,2013,TV-14,115 min,"Dramas, International Movies, Romantic Movies",19
s4595,Movie,Naughty Jatts,India,2013,TV-PG,121 min,"Comedies, International Movies, Music & Musicals",0
s4596,Movie,Needhi Singh,India,2016,TV-14,103 min,"Action & Adventure, Dramas, International Movies",19
s4597,Movie,Peace Haven,"India, United States",2016,TV-14,73 min,"Comedies, Dramas, Independent Movies",1
s4598,Movie,Phantom,India,2015,TV-14,129 min,"Action & Adventure, International Movies",19
s4599,Movie,Pizza,India,2014,TV-14,102 min,"Horror Movies, International Movies, Thrillers",17
s4600,Movie,Pooja Kiven Aa,India,2013,TV-PG,122 min,"Comedies, International Movies, Music & Musicals",0
s4601,Movie,Race,India,2008,TV-14,155 min,"Action & Adventure, International Movies, Music & Musicals",19
s4602,Movie,Race 2,India,2013,TV-14,139 min,"Action & Adventure, International Movies, Music & Musicals",19
s4603,Movie,Saadey CM Saab,India,2015,TV-PG,131 min,"Comedies, Dramas, International Movies",0
s4604,Movie,Sat Shri Akaal England,India,2017,TV-14,127 min,"Comedies, Dramas, International Movies",19
s4606,Movie,Thaandavam,India,2012,TV-14,156 min,"Action & Adventure, International Movies, Music & Musicals",19
s4607,Movie,The Birth Reborn,Unknown,2018,TV-MA,91 min,"Documentaries, International Movies",15
s4608,Movie,Theeya Velai Seyyanum Kumaru,India,2013,TV-PG,132 min,"Comedies, International Movies, Music & Musicals",0
s4610,Movie,Tiger,India,2016,TV-14,130 min,"Action & Adventure, Dramas, International Movies",19
s4611,Movie,Udaan,India,2010,TV-MA,137 min,"Dramas, Independent Movies, International Movies",6
s4612,Movie,Vettai,India,2012,TV-14,156 min,"Action & Adventure, International Movies, Music & Musicals",19
s4613,Movie,Wake Up Sid,India,2009,TV-14,132 min,"Comedies, International Movies, Romantic Movies",19
s4614,Movie,We Are Family,"India, Australia",2010,TV-14,119 min,"Dramas, International Movies",19
s4615,Movie,What the Jatt!!,India,2015,TV-PG,140 min,"Comedies, International Movies, Romantic Movies",0
s4616,Movie,Zindagi Kitni Haseen Hay,Pakistan,2016,TV-14,126 min,"Dramas, International Movies, Romantic Movies",19
s4617,Movie,Big Miracle,"United States, United Kingdom",2012,PG,107 min,"Children & Family Movies, Dramas",12
s4618,Movie,Paradise Lost,Brazil,2018,TV-MA,111 min,"Dramas, Independent Movies, International Movies",4
s4619,Movie,Animal World,China,2018,TV-MA,130 min,"Action & Adventure, International Movies, Sci-Fi & Fantasy",6
s4620,Movie,Hold the Dark,United States,2018,TV-MA,126 min,"Action & Adventure, Dramas",1
s4621,Movie,Lessons from a School Shooting: Notes from Dunblane,United States,2018,TV-14,24 min,Documentaries,16
s4625,Movie,The 3rd Eye,Indonesia,2018,TV-MA,108 min,"Horror Movies, International Movies",15
s4626,Movie,Two Catalonias,Spain,2018,TV-MA,117 min,"Documentaries, International Movies",15
s4627,Movie,In Darkness,"United Kingdom, United States",2018,TV-MA,101 min,"Independent Movies, International Movies, Thrillers",1
s4631,Movie,Quincy,United States,2018,TV-MA,124 min,"Documentaries, Music & Musicals",11
s4632,Movie,Rafinha Bastos: Ultimatum,Brazil,2018,TV-MA,63 min,Stand-Up Comedy,7
s4642,Movie,The Angel,"Israel, United States",2018,TV-MA,114 min,"Dramas, International Movies, Thrillers",4
s4643,Movie,The Land of Steady Habits,United States,2018,TV-MA,98 min,"Comedies, Dramas, Independent Movies",1
s4645,Movie,Reversing Roe,United States,2018,TV-14,100 min,Documentaries,11
s4647,Movie,On My Skin,Italy,2018,TV-MA,100 min,"Dramas, International Movies",4
s4650,Movie,The Resistance Banker,Netherlands,2018,TV-MA,123 min,"Dramas, International Movies",6
s4654,Movie,City of Joy,"United States,",2018,TV-MA,77 min,Documentaries,11
s4657,Movie,Next Gen,"China, Canada, United States",2018,TV-PG,106 min,"Children & Family Movies, Comedies, Sci-Fi & Fantasy",12
s4658,Movie,Sierra Burgess Is A Loser,United States,2018,PG-13,106 min,"Comedies, Romantic Movies",2
s4660,Movie,The Most Assassinated Woman in the World,"Belgium, United Kingdom, United States",2018,TV-MA,102 min,"Dramas, International Movies, Thrillers",4
s4661,Movie,PK,India,2014,TV-14,146 min,"Comedies, Dramas, International Movies",19
s4662,Movie,The Debt Collector,"United Kingdom, United States",2018,TV-MA,96 min,Action & Adventure,1
s4666,Movie,Carbon,"France, Belgium",2017,TV-MA,104 min,"Dramas, International Movies, Thrillers",4
s4667,Movie,Garbage,India,2018,TV-MA,109 min,"Dramas, Independent Movies, International Movies",4
s4668,Movie,​​Kuch Bheege Alfaaz,India,2018,TV-14,110 min,"Dramas, Independent Movies, International Movies",19
s4669,Movie,Love and Shukla,India,2017,TV-MA,110 min,"Dramas, Independent Movies, International Movies",4
s4670,Movie,Once Again,"India, Germany, Austria",2018,TV-PG,101 min,"Dramas, Independent Movies, International Movies",0
s4672,Movie,Sparring,France,2017,TV-MA,94 min,"Dramas, International Movies, Sports Movies",4
s4676,Movie,The Laws of Thermodynamics,Spain,2018,TV-MA,101 min,"Comedies, International Movies, Romantic Movies",8
s4680,Movie,Naam Shabana,India,2017,TV-14,141 min,"Action & Adventure, International Movies",19
s4681,Movie,Qarib Qarib Singlle,India,2017,TV-14,120 min,"Comedies, International Movies, Romantic Movies",19
s4682,Movie,Spyder,India,2017,TV-14,140 min,"Action & Adventure, International Movies",19
s4684,Movie,Maria Bamford: The Special Special Special,United States,2012,TV-MA,50 min,Stand-Up Comedy,7
s4685,Movie,Bert Kreischer: Secret Time,Unknown,2018,TV-MA,57 min,Stand-Up Comedy,7
s4687,Movie,One Last Shot,Canada,1998,TV-MA,31 min,Comedies,16
s4689,Movie,The After Party,United States,2018,TV-MA,90 min,"Comedies, Music & Musicals",1
s4691,Movie,Bareilly Ki Barfi,India,2017,TV-14,110 min,"Comedies, Dramas, International Movies",19
s4692,Movie,Mersal,India,2017,TV-14,162 min,"Action & Adventure, Dramas, International Movies",19
s4693,Movie,Mom,India,2017,TV-14,139 min,"Dramas, International Movies, Thrillers",19
s4694,Movie,Pad Man,India,2018,PG-13,130 min,"Dramas, International Movies, Romantic Movies",6
s4695,Movie,Toilet: Ek Prem Katha,India,2017,TV-14,145 min,"Comedies, Dramas, International Movies",19
s4696,Movie,Party Monster: Scratching the Surface,United States,2018,TV-14,33 min,Comedies,16
s4698,Movie,The Motive,"Spain, Mexico",2017,TV-MA,114 min,"Comedies, Dramas, International Movies",8
s4699,Movie,To All the Boys I’ve Loved Before,United States,2018,TV-14,100 min,"Comedies, International Movies, Romantic Movies",17
s4700,Movie,Yoo Byung Jae: Discomfort Zone,South Korea,2018,TV-MA,54 min,Stand-Up Comedy,7
s4701,Movie,Bhavesh Joshi Superhero,India,2018,TV-14,150 min,"Dramas, International Movies, Sci-Fi & Fantasy",19
s4702,Movie,For Here or to Go?,"United States, India",2015,TV-MA,105 min,"Comedies, Dramas, Independent Movies",1
s4706,Movie,The Guernsey Literary and Potato Peel Pie Society,"United Kingdom, France, United States",2018,TV-PG,124 min,"Dramas, Romantic Movies",10
s4707,Movie,The Package,United States,2018,TV-MA,95 min,Comedies,1
s4708,Movie,Zion,United States,2018,TV-PG,12 min,"Documentaries, Sports Movies",16
s4709,Movie,Perdida,"Argentina, Spain",2018,TV-MA,104 min,"Dramas, International Movies, Thrillers",4
s4713,Movie,2 States,India,2014,TV-PG,143 min,"Comedies, Dramas, International Movies",19
s4714,Movie,Baaghi,India,2016,TV-14,127 min,"Action & Adventure, International Movies",19
s4715,Movie,Brij Mohan Amar Rahe,India,2018,TV-MA,100 min,"Comedies, Dramas, International Movies",8
s4716,Movie,Flavors of Youth: International Version,"China, Japan",2018,TV-PG,74 min,"Anime Features, International Movies, Romantic Movies",0
s4719,Movie,Like Father,United States,2018,TV-MA,104 min,"Comedies, Dramas",1
s4720,Movie,7 Khoon Maaf,India,2011,TV-MA,148 min,"Dramas, International Movies, Thrillers",6
s4721,Movie,Chillar Party,India,2011,TV-PG,127 min,"Children & Family Movies, Comedies, Dramas",0
s4722,Movie,Fashion,India,2008,TV-MA,158 min,"Dramas, International Movies",6
s4723,Movie,Fitoor,India,2016,TV-14,124 min,"Dramas, International Movies, Romantic Movies",19
s4724,Movie,Fiza,India,2000,TV-14,163 min,"Dramas, International Movies, Music & Musicals",5
s4725,Movie,Guzaarish,India,2010,TV-14,121 min,"Dramas, International Movies",19
s4726,Movie,Haider,India,2014,TV-MA,154 min,"Dramas, International Movies, Romantic Movies",6
s4727,Movie,Highway,India,2014,TV-14,127 min,"Action & Adventure, Dramas, International Movies",19
s4728,Movie,I Hate Luv Storys,India,2010,TV-14,128 min,"Comedies, International Movies, Music & Musicals",19
s4729,Movie,Joker,India,2012,TV-PG,98 min,"Comedies, International Movies, Music & Musicals",0
s4730,Movie,Main aurr Mrs. Khanna,India,2009,TV-14,109 min,"International Movies, Music & Musicals, Romantic Movies",19
s4731,Movie,Mohenjo Daro,India,2016,TV-14,168 min,"Action & Adventure, Dramas, International Movies",19
s4732,Movie,Raajneeti,India,2010,TV-14,162 min,"Dramas, International Movies, Thrillers",19
s4733,Movie,Rang De Basanti,India,2006,TV-14,159 min,"Dramas, International Movies",5
s4734,Movie,Rowdy Rathore,India,2012,TV-14,137 min,"Action & Adventure, Comedies, International Movies",19
s4735,Movie,Tamasha,India,2015,TV-14,133 min,"Dramas, International Movies, Romantic Movies",19
s4736,Movie,Tere Naal Love Ho Gaya,India,2012,TV-14,127 min,"Comedies, International Movies, Romantic Movies",19
s4737,Movie,Thank You,India,2011,TV-14,131 min,"Comedies, International Movies, Romantic Movies",19
s4738,Movie,The Blue Umbrella,India,2005,TV-PG,90 min,"Children & Family Movies, Dramas, Independent Movies",0
s4740,Movie,Being Napoleon,United States,2018,TV-MA,88 min,Documentaries,11
s4741,Movie,Invisible,"Argentina, France",2017,TV-MA,87 min,"Dramas, Independent Movies, International Movies",4
s4746,Movie,Da Kath & Kim Code,Australia,2005,TV-PG,82 min,Movies,0
s4747,Movie,Kath & Kimderella,Australia,2012,TV-14,86 min,Comedies,17
s4749,Movie,The Mansion,"France, Belgium",2017,TV-MA,100 min,"Comedies, Horror Movies, International Movies",8
s4750,Movie,Coco y Raulito: Carrusel de ternura,Mexico,2018,TV-MA,57 min,Stand-Up Comedy,7
s4752,Movie,Extinction,United States,2018,TV-MA,95 min,"Action & Adventure, Dramas, Sci-Fi & Fantasy",1
s4754,Movie,The Bleeding Edge,"Australia, United States",2018,TV-14,101 min,Documentaries,11
s4756,Movie,Parmanu: The Story of Pokhran,India,2018,TV-PG,124 min,"Dramas, International Movies",0
s4757,Movie,Iliza Shlesinger: Elder Millennial,United States,2018,TV-MA,72 min,Stand-Up Comedy,7
s4758,Movie,The Warning,Spain,2018,TV-MA,93 min,"International Movies, Thrillers",15
s4761,Movie,Duck Duck Goose,"China, United States, United Kingdom",2018,PG,92 min,"Children & Family Movies, Comedies",12
s4762,Movie,Father of the Year,United States,2018,TV-MA,95 min,Comedies,1
s4766,Movie,Nothing to Lose,Brazil,2018,PG,133 min,"Dramas, Faith & Spirituality, International Movies",6
s4767,Movie,El club de los buenos infieles,Spain,2018,TV-MA,85 min,"Comedies, International Movies",8
s4769,Movie,Camarón: The Film,Spain,2018,TV-14,105 min,"Documentaries, International Movies, Music & Musicals",17
s4770,Movie,GODZILLA City on the Edge of Battle,Japan,2018,TV-14,101 min,"Action & Adventure, Anime Features, International Movies",17
s4771,Movie,Going for Gold,Australia,2018,TV-G,88 min,"Children & Family Movies, Dramas, International Movies",4
s4774,Movie,How It Ends,United States,2018,TV-MA,113 min,"Action & Adventure, Sci-Fi & Fantasy",1
s4775,Movie,Jim Jefferies: This Is Me Now,United States,2018,TV-MA,71 min,Stand-Up Comedy,7
s4776,Movie,Romina,Mexico,2018,TV-MA,75 min,"Horror Movies, Independent Movies, International Movies",15
s4782,Movie,Luciano Mellera: Infantiloide,Argentina,2018,TV-14,66 min,Stand-Up Comedy,7
s4783,Movie,The Legacy of a Whitetail Deer Hunter,United States,2018,TV-14,83 min,"Action & Adventure, Comedies, Dramas",1
s4784,Movie,The Skin of the Wolf,Spain,2018,TV-MA,110 min,"Dramas, Independent Movies, International Movies",4
s4785,Movie,White Fang,"France, Luxembourg, United States",2018,TV-PG,88 min,"Children & Family Movies, Dramas",12
s4786,Movie,Sommore: Chandelier Status,United States,2013,TV-MA,77 min,Stand-Up Comedy,7
s4787,Movie,Felipe Esparza: They're Not Going to Laugh at You,United States,2012,TV-MA,58 min,Stand-Up Comedy,7
s4788,Movie,Joan Rivers: Don't Start with Me,United States,2012,TV-MA,69 min,Stand-Up Comedy,7
s4789,Movie,Katt Williams: Kattpacalypse,United States,2012,TV-MA,61 min,Stand-Up Comedy,7
s4790,Movie,King of Peking,"China, United States, Australia",2018,TV-14,88 min,"Comedies, Dramas, International Movies",17
s4791,Movie,Anthony Kaun Hai?,India,2006,TV-14,122 min,"Comedies, Dramas, International Movies",19
s4792,Movie,Bo Burnham: what.,United States,2013,TV-MA,60 min,Stand-Up Comedy,7
s4793,Movie,Chalte Chalte,India,2003,TV-14,166 min,"Dramas, International Movies, Romantic Movies",5
s4794,Movie,Deewana Main Deewana,India,2013,TV-14,107 min,"Comedies, Dramas, International Movies",19
s4795,Movie,Duck Butter,United States,2018,TV-MA,94 min,"Dramas, Independent Movies, LGBTQ Movies",1
s4796,Movie,I Am Kalam,India,2010,TV-PG,87 min,"Children & Family Movies, Comedies, Dramas",0
s4797,Movie,My Birthday Song,India,2018,TV-14,92 min,"Dramas, International Movies, Thrillers",17
s4798,Movie,Namastey London,India,2007,TV-14,130 min,"Comedies, Dramas, International Movies",19
s4800,Movie,Soul Robbers,Mexico,2015,TV-14,88 min,"Horror Movies, International Movies",17
s4801,Movie,Tum Milo Toh Sahi,India,2010,TV-14,128 min,"Comedies, Dramas, International Movies",19
s4802,Movie,What We Started,United States,2017,TV-MA,96 min,"Documentaries, Music & Musicals",11
s4803,Movie,Zoo,India,2018,TV-MA,94 min,"Dramas, Independent Movies, International Movies",4
s4804,Movie,Bill Burr: You People Are All the Same,United States,2012,TV-MA,69 min,Stand-Up Comedy,7
s4806,Movie,The Maus,Spain,2017,TV-MA,90 min,"Horror Movies, Independent Movies, International Movies",15
s4807,Movie,Calibre,United Kingdom,2018,TV-MA,101 min,"Dramas, International Movies, Thrillers",4
s4809,Movie,Jani Dueñas: Grandes fracasos de ayer y hoy,Chile,2018,TV-MA,77 min,Stand-Up Comedy,7
s4811,Movie,Penalty Kick,"Colombia, Mexico",2018,TV-14,89 min,"Comedies, Dramas, International Movies",17
s4812,Movie,Recovery Boys,United States,2018,TV-MA,90 min,Documentaries,11
s4813,Movie,TAU,United States,2018,R,98 min,"Sci-Fi & Fantasy, Thrillers",14
s4815,Movie,W. Kamau Bell: Private School Negro,United States,2018,TV-MA,66 min,Stand-Up Comedy,7
s4817,Movie,Expelled from Paradise,Japan,2014,TV-MA,103 min,"Action & Adventure, Anime Features, Sci-Fi & Fantasy",15
s4818,Movie,"To Each, Her Own",France,2018,TV-MA,95 min,"Comedies, International Movies, LGBTQ Movies",8
s4820,Movie,Brain on Fire,"United States, Canada, Ireland",2016,PG-13,89 min,"Dramas, Independent Movies, International Movies",2
s4821,Movie,Derren Brown: Miracle,United Kingdom,2018,TV-MA,74 min,International Movies,15
s4823,Movie,Us and Them,China,2018,TV-MA,119 min,"Dramas, International Movies, Romantic Movies",4
s4824,Movie,Hannah Gadsby: Nanette,Australia,2018,TV-MA,70 min,Stand-Up Comedy,7
s4826,Movie,Lust Stories,India,2018,TV-MA,121 min,"Comedies, Dramas, International Movies",6
s4827,Movie,Maktub,Israel,2018,TV-MA,106 min,"Comedies, International Movies",8
s4828,Movie,Pacificum: Return to the Ocean,Peru,2017,TV-G,74 min,"Documentaries, International Movies",16
s4829,Movie,Set It Up,United States,2018,TV-MA,106 min,"Comedies, Romantic Movies",1
s4830,Movie,Sunday's Illness,Spain,2017,PG-13,113 min,"Dramas, Independent Movies, International Movies",4
s4831,Movie,The last hour,"Chile, Peru",2017,TV-MA,119 min,"Dramas, International Movies",4
s4834,Movie,Alex Strangelove,United States,2018,TV-MA,100 min,"Comedies, Dramas, Independent Movies",1
s4835,Movie,Ali's Wedding,Australia,2018,TV-MA,110 min,"Comedies, Independent Movies, International Movies",8
s4836,Movie,Franco Escamilla: Por la anécdota,Mexico,2018,TV-MA,66 min,Stand-Up Comedy,7
s4840,Movie,B.A. Pass 2,India,2017,TV-14,126 min,"Dramas, International Movies",19
s4841,Movie,Bad Genius,Thailand,2017,TV-MA,130 min,"Dramas, International Movies, Thrillers",6
s4843,Movie,Outside In,United States,2018,TV-MA,110 min,"Dramas, Independent Movies",1
s4844,Movie,Pedal the World,Germany,2015,TV-MA,85 min,"Documentaries, International Movies, Sports Movies",15
s4848,Movie,Sara's Notebook,Spain,2018,TV-MA,117 min,"Dramas, International Movies, Thrillers",4
s4850,Movie,Fernando Sanjiao: Hombre,Argentina,2018,TV-MA,63 min,Stand-Up Comedy,7
s4851,Movie,Ibiza,United States,2018,TV-MA,94 min,"Comedies, Romantic Movies",1
s4852,Movie,Steve Martin and Martin Short: An Evening You Will Forget for the Rest of Your Life,United States,2018,TV-14,74 min,Stand-Up Comedy,7
s4855,Movie,Tig Notaro Happy To Be Here,United States,2018,TV-14,58 min,Stand-Up Comedy,7
s4856,Movie,Catching Feelings,South Africa,2018,TV-MA,117 min,"Comedies, International Movies, Romantic Movies",8
s4859,Movie,Katt Williams: American Hustle (The Movie),United States,2007,TV-MA,89 min,Stand-Up Comedy,7
s4860,Movie,Food on the Go,"Argentina, Italy",2017,TV-MA,66 min,"Documentaries, International Movies",15
s4861,Movie,Aiyaary,India,2018,TV-MA,158 min,"Action & Adventure, Dramas, International Movies",6
s4862,Movie,Lupin the 3rd: The Castle of Cagliostro: Special Edition,Japan,1979,PG-13,100 min,"Action & Adventure, Anime Features, Classic Movies",18
s4864,Movie,Ali Wong: Hard Knock Wife,United States,2018,TV-MA,64 min,Stand-Up Comedy,7
s4865,Movie,Spivak,United States,2017,TV-MA,92 min,"Comedies, Independent Movies",1
s4867,Movie,Carlos Ballarta: Furia Ñera,Mexico,2018,TV-MA,63 min,Stand-Up Comedy,7
s4869,Movie,The Kissing Booth,"United Kingdom, United States",2018,TV-14,105 min,"Comedies, Romantic Movies",17
s4871,Movie,Hari Kondabolu: Warn Your Relatives,United States,2018,TV-MA,67 min,Stand-Up Comedy,7
s4872,Movie,My Fuhrer,Germany,2007,TV-14,91 min,"Comedies, International Movies",17
s4873,Movie,Family Blood,United States,2018,TV-MA,92 min,Horror Movies,1
s4874,Movie,Pup Star: World Tour,"Canada, Japan, United States",2018,G,87 min,"Children & Family Movies, Comedies, Music & Musicals",12
s4876,Movie,Anon,"United Kingdom, Canada, United States, Germany",2018,TV-MA,100 min,"Dramas, Sci-Fi & Fantasy, Thrillers",1
s4877,Movie,Dany Boon: Des Hauts De France,France,2018,TV-MA,113 min,Stand-Up Comedy,15
s4878,Movie,End Game,United States,2018,TV-PG,40 min,Documentaries,16
s4879,Movie,Forgive Us Our Debts,"Italy, Switzerland, Albania, Poland",2018,TV-MA,105 min,"Dramas, International Movies",4
s4881,Movie,Lo más sencillo es complicarlo todo,Mexico,2018,TV-14,94 min,"Comedies, International Movies, Romantic Movies",17
s4882,Movie,Manhunt,"China, Hong Kong",2017,TV-MA,109 min,"Action & Adventure, International Movies",15
s4883,Movie,Thi Mai,Spain,2017,TV-MA,99 min,"Comedies, Dramas, International Movies",8
s4884,Movie,Si saben cómo me pongo ¿pá qué me invitan?,Colombia,2018,TV-MA,89 min,"Comedies, International Movies",8
s4885,Movie,Jailbreak,Cambodia,2017,TV-MA,92 min,"Action & Adventure, International Movies",15
s4886,Movie,Ajji,India,2017,TV-MA,105 min,"Dramas, International Movies",4
s4887,Movie,CIA: Comrade in America,India,2017,TV-14,130 min,"Action & Adventure, Dramas, Independent Movies",19
s4888,Movie,Coffee for All,"Italy, United States, Argentina",2017,TV-PG,69 min,"Documentaries, International Movies",16
s4889,Movie,Darc,United States,2018,TV-MA,98 min,"Action & Adventure, Independent Movies",1
s4890,Movie,Despido Procedente,"Argentina, Spain",2017,TV-MA,90 min,"Comedies, International Movies",8
s4891,Movie,John Mulaney: Kid Gorgeous at Radio City,United States,2018,TV-MA,65 min,Stand-Up Comedy,7
s4892,Movie,My Perfect Romance,Canada,2018,PG,92 min,"Comedies, International Movies, Romantic Movies",8
s4893,Movie,Pocoyo & Cars,Unknown,2015,TV-Y,19 min,Movies,16
s4894,Movie,Pocoyo & The Space Circus,Spain,2008,TV-Y,25 min,Movies,16
s4895,Movie,Pocoyo Carnival,Unknown,2015,TV-Y,22 min,Movies,16
s4896,Movie,Pocoyo Halloween: Space Halloween,United States,2015,TV-Y,40 min,Movies,16
s4897,Movie,Pocoyo Halloween: Spooky Movies,Unknown,2014,TV-Y,22 min,Movies,16
s4898,Movie,Pocoyo Special Sports,Unknown,2016,TV-Y,24 min,Movies,16
s4900,Movie,Sometimes,India,2016,TV-14,101 min,"Dramas, International Movies",17
s4902,Movie,The Clapper,United States,2017,R,90 min,"Comedies, Dramas, Independent Movies",10
s4903,Movie,Toc Toc,Spain,2017,TV-MA,96 min,"Comedies, International Movies",8
s4905,Movie,Running Shaadi,India,2017,TV-14,115 min,"Comedies, International Movies, Romantic Movies",19
s4906,Movie,The Price of Success,France,2017,TV-MA,92 min,"Dramas, International Movies",4
s4908,Movie,Candy Jar,United States,2018,TV-14,93 min,"Children & Family Movies, Dramas, Romantic Movies",12
s4910,Movie,Holy Goalie,Spain,2017,TV-MA,95 min,"Comedies, International Movies, Sports Movies",8
s4912,Movie,The Rachel Divide,United States,2018,TV-MA,105 min,Documentaries,11
s4913,Movie,The Week Of,United States,2018,TV-14,117 min,Comedies,17
s4916,Movie,Enissa Amani: Ehrenwort,Germany,2018,TV-MA,66 min,Stand-Up Comedy,7
s4917,Movie,Bill Nye: Science Guy,United States,2017,TV-PG,97 min,Documentaries,11
s4918,Movie,Fishtronaut: The Movie,Brazil,2018,TV-Y,78 min,Children & Family Movies,9
s4919,Movie,Psychokinesis,South Korea,2018,TV-MA,102 min,"Action & Adventure, Comedies, International Movies",8
s4920,Movie,Kevin James: Never Don't Give Up,United States,2018,TV-PG,62 min,Stand-Up Comedy,7
s4921,Movie,Dude,United States,2018,TV-MA,97 min,"Comedies, Dramas, Independent Movies",1
s4922,Movie,Kodachrome,"Canada, United States",2018,TV-MA,105 min,"Comedies, Dramas",1
s4923,Movie,Mercury 13,United States,2018,TV-PG,79 min,Documentaries,11
s4924,Movie,All The Reasons To Forget,Brazil,2017,TV-MA,90 min,"Comedies, Dramas, International Movies",8
s4928,Movie,Beyond Skyline,"United States, Canada, Indonesia, United Kingdom, China, Singapore",2017,R,107 min,"Action & Adventure, Sci-Fi & Fantasy",14
s4929,Movie,Come Sunday,United States,2018,TV-14,105 min,"Dramas, Faith & Spirituality, Independent Movies",1
s4930,Movie,I Am not an Easy Man,France,2018,TV-MA,99 min,"Comedies, International Movies, Romantic Movies",8
s4932,Movie,Pickpockets,Colombia,2017,TV-MA,108 min,"Dramas, Independent Movies, International Movies",4
s4933,Movie,Greg Davies: You Magnificent Beast,United Kingdom,2018,TV-MA,66 min,Stand-Up Comedy,7
s4935,Movie,6 Balloons,United States,2018,TV-MA,75 min,"Dramas, Independent Movies",1
s4936,Movie,Amateur,United States,2018,TV-MA,96 min,"Dramas, Independent Movies, Sports Movies",1
s4937,Movie,Orbiter 9,"Spain, Colombia",2017,TV-14,95 min,"Dramas, International Movies, Sci-Fi & Fantasy",17
s4938,Movie,"Ram Dass, Going Home",United States,2018,TV-14,32 min,"Documentaries, Faith & Spirituality",16
s4939,Movie,Seth Rogen's Hilarity for Charity,United States,2018,TV-MA,70 min,Stand-Up Comedy,7
s4940,Movie,Sun Dogs,"Mexico, United States",2017,TV-MA,94 min,"Comedies, Dramas, Independent Movies",1
s4941,Movie,Todo lo que sería Lucas Lauriente,Argentina,2018,TV-MA,78 min,Stand-Up Comedy,7
s4944,Movie,Day of the Dead: Bloodline,Bulgaria,2018,R,91 min,"Horror Movies, Independent Movies",14
s4945,Movie,Fary Is the New Black,France,2018,TV-MA,75 min,Stand-Up Comedy,7
s4946,Movie,Ittefaq,India,2017,TV-MA,105 min,"Dramas, International Movies, Thrillers",4
s4948,Movie,A Sort of Family,"Argentina, Brazil, France, Poland, Germany, Denmark",2017,TV-14,96 min,"Dramas, International Movies, Thrillers",17
s4949,Movie,Billu,India,2009,TV-PG,132 min,"Dramas, International Movies",0
s4951,Movie,John Mulaney: New in Town,United States,2012,TV-MA,60 min,Stand-Up Comedy,7
s4953,Movie,Main Hoon Na,India,2004,TV-14,171 min,"Action & Adventure, Comedies, Dramas",5
s4954,Movie,Metro,India,2016,TV-14,116 min,"Dramas, International Movies, Thrillers",19
s4955,Movie,Om Shanti Om,India,2007,TV-14,169 min,"Comedies, Dramas, International Movies",5
s4956,Movie,Paheli,India,2005,TV-PG,134 min,"Dramas, International Movies, Romantic Movies",0
s4957,Movie,Phir Bhi Dil Hai Hindustani,India,2000,TV-14,159 min,"Comedies, Dramas, International Movies",5
s4959,Movie,Revolt,United Kingdom,2017,R,87 min,"Action & Adventure, Sci-Fi & Fantasy",14
s4960,Movie,First Match,United States,2018,TV-MA,103 min,"Dramas, Independent Movies, Sports Movies",1
s4961,Movie,Happy Anniversary,United States,2018,TV-MA,78 min,"Comedies, Romantic Movies",1
s4963,Movie,Sofía Niño de Rivera: Selección Natural,Mexico,2018,TV-MA,62 min,Stand-Up Comedy,7
s4964,Movie,The Titan,"United Kingdom, Spain, United States, Germany",2018,TV-MA,97 min,"Dramas, Sci-Fi & Fantasy, Thrillers",1
s4966,Movie,Trailer Park Boys: Countdown to Liquor Day,Canada,2009,R,102 min,"Comedies, Cult Movies",14
s4967,Movie,Trailer Park Boys: The Movie,Canada,2006,R,95 min,"Comedies, Cult Movies",14
s4970,Movie,Birdshot,"Philippines, Qatar",2016,TV-MA,115 min,"Dramas, International Movies, Thrillers",4
s4971,Movie,"Game Over, Man!",United States,2018,TV-MA,102 min,"Action & Adventure, Comedies",1
s4972,Movie,Layla M.,"Netherlands, Belgium, Germany, Jordan",2016,TV-MA,99 min,"Dramas, International Movies",4
s4973,Movie,Paradox,United States,2018,TV-MA,74 min,"Dramas, Independent Movies, Music & Musicals",1
s4975,Movie,Roxanne Roxanne,United States,2018,TV-MA,100 min,"Dramas, Music & Musicals",1
s4976,Movie,Secret Superstar,India,2017,TV-14,150 min,"Dramas, International Movies, Music & Musicals",19
s4978,Movie,Benji,"United Arab Emirates, United States",2018,TV-PG,87 min,"Children & Family Movies, Dramas",12
s4980,Movie,Take Your Pills,United States,2018,TV-14,88 min,Documentaries,11
s4982,Movie,Yoo Byung Jae: Too Much Information,Unknown,2018,TV-MA,63 min,Stand-Up Comedy,7
s4983,Movie,In This Corner of the World,Japan,2016,PG-13,129 min,"Anime Features, Children & Family Movies, International Movies",6
s4984,Movie,Jag älskar dig: En skilsmässokomedi,Sweden,2016,TV-MA,91 min,"Comedies, Dramas, International Movies",8
s4987,Movie,The Art of Loving,Poland,2017,TV-MA,115 min,"Dramas, International Movies",4
s4988,Movie,Steel Rain,South Korea,2018,TV-MA,140 min,"Action & Adventure, Dramas, International Movies",6
s4990,Movie,Ricky Gervais: Humanity,United Kingdom,2018,TV-MA,79 min,Stand-Up Comedy,7
s4991,Movie,Stretch Armstrong: The Breakout,United States,2018,TV-Y7,104 min,Children & Family Movies,12
s4994,Movie,The Outsider,United States,2018,TV-MA,121 min,"Dramas, Thrillers",1
s4996,Movie,Ladies First,India,2018,TV-G,40 min,"Documentaries, International Movies, Sports Movies",16
s4997,Movie,Bullet Head,"Bulgaria, United States",2017,R,94 min,"International Movies, Thrillers",14
s4999,Movie,Gad Elmaleh: American Dream,United States,2018,TV-14,58 min,Stand-Up Comedy,7
s5000,Movie,Expedition China,Unknown,2017,TV-G,78 min,"Children & Family Movies, Documentaries",9
s5002,Movie,Malena Pichot: Estupidez compleja,Argentina,2018,TV-MA,51 min,Stand-Up Comedy,7
s5003,Movie,Natalia Valdebenito: El especial,Chile,2018,TV-MA,69 min,Stand-Up Comedy,7
s5004,Movie,Ravenous,Canada,2017,TV-MA,104 min,"Horror Movies, International Movies",15
s5006,Movie,Adel Karam: Live from Beirut,United States,2018,TV-MA,59 min,Stand-Up Comedy,7
s5007,Movie,Battle Drone,United States,2018,TV-MA,94 min,"Action & Adventure, Independent Movies, Sci-Fi & Fantasy",1
s5008,Movie,Dil Se,India,1998,TV-14,166 min,"Dramas, International Movies, Romantic Movies",5
s5009,Movie,Guru,India,2007,TV-PG,155 min,"Dramas, International Movies",5
s5010,Movie,Judwaa 2,India,2017,TV-14,145 min,"Action & Adventure, Comedies, International Movies",19
s5011,Movie,Love Beats Rhymes,United States,2016,R,106 min,"Dramas, Music & Musicals, Romantic Movies",10
s5012,Movie,Schubert In Love,Germany,2016,TV-14,94 min,"Comedies, International Movies",17
s5013,Movie,Shubh Aarambh,India,2017,TV-PG,127 min,"Dramas, International Movies, Romantic Movies",0
s5014,Movie,Something Huge,Spain,2017,TV-MA,87 min,"Comedies, Independent Movies, International Movies",8
s5015,Movie,Swades,India,2004,TV-PG,185 min,"Dramas, International Movies",5
s5016,Movie,Swearnet Live,Canada,2014,TV-MA,75 min,"Comedies, International Movies",8
s5017,Movie,Trailer Park Boys Live at the North Pole,Canada,2014,TV-MA,89 min,Movies,15
s5018,Movie,Trailer Park Boys Live In F**kin' Dublin,Canada,2014,TV-MA,81 min,Movies,15
s5019,Movie,Trailer Park Boys: Say Goodnight to the Bad Guys,Canada,2008,TV-MA,47 min,"Comedies, Cult Movies",16
s5020,Movie,Trailer Park Boys: Xmas Special,Canada,2004,TV-MA,46 min,Movies,16
s5021,Movie,Tu Hai Mera Sunday,India,2016,TV-14,125 min,"Comedies, Independent Movies, International Movies",19
s5022,Movie,Yuva,India,2004,TV-14,160 min,"Dramas, International Movies",5
s5023,Movie,반드시 잡는다,South Korea,2017,TV-MA,110 min,"Dramas, International Movies, Thrillers",4
s5024,Movie,Derren Brown: The Push,United Kingdom,2018,TV-MA,69 min,Movies,7
s5025,Movie,Marlon Wayans: Woke-ish,United States,2018,TV-MA,67 min,Stand-Up Comedy,7
s5026,Movie,Veronica,Spain,2017,TV-MA,105 min,"Horror Movies, International Movies, Thrillers",15
s5029,Movie,Mute,"United Kingdom, Germany",2018,TV-MA,127 min,"Sci-Fi & Fantasy, Thrillers",6
s5032,Movie,Forgotten,South Korea,2017,TV-MA,109 min,"Dramas, International Movies, Thrillers",4
s5034,Movie,FullMetal Alchemist,Japan,2017,TV-PG,134 min,"Action & Adventure, Dramas, International Movies",0
s5035,Movie,Agustín Aristarán: Soy Rada,Argentina,2018,TV-MA,60 min,Stand-Up Comedy,7
s5038,Movie,Irreplaceable You,United States,2018,TV-MA,96 min,"Dramas, Romantic Movies",1
s5040,Movie,Chris Rock: Tamborine,United States,2018,TV-MA,65 min,Stand-Up Comedy,7
s5041,Movie,Love Per Square Foot,India,2018,TV-14,133 min,"Comedies, International Movies, Romantic Movies",19
s5042,Movie,Seeing Allred,United States,2018,TV-14,96 min,Documentaries,11
s5043,Movie,The Ritual,"United Kingdom, Canada",2018,TV-MA,95 min,"Horror Movies, International Movies, Thrillers",15
s5044,Movie,The Trader (Sovdagari),Georgia,2018,TV-PG,24 min,"Documentaries, International Movies",16
s5045,Movie,When We First Met,United States,2018,TV-14,97 min,"Comedies, Romantic Movies",17
s5046,Movie,Fred Armisen: Standup For Drummers,Unknown,2018,TV-PG,65 min,"Music & Musicals, Stand-Up Comedy",7
s5048,Movie,The Cloverfield Paradox,United States,2018,PG-13,102 min,"Action & Adventure, Sci-Fi & Fantasy",2
s5050,Movie,Kavin Jay: Everybody Calm Down!,Unknown,2018,TV-MA,53 min,Stand-Up Comedy,7
s5051,Movie,On Body and Soul,Hungary,2017,TV-MA,116 min,"Dramas, International Movies, Romantic Movies",4
s5052,Movie,The Bros,South Korea,2017,TV-14,102 min,"Comedies, Dramas, International Movies",17
s5053,Movie,Liberated: The New Sexual Revolution,"United States, Mexico",2017,TV-MA,86 min,Documentaries,11
s5054,Movie,Newness,United States,2017,TV-MA,117 min,"Dramas, Independent Movies, Romantic Movies",1
s5056,Movie,Expedition Happiness,Germany,2017,TV-PG,96 min,"Documentaries, International Movies",0
s5057,Movie,Jerry Seinfeld: I'm Telling You for the Last Time,United States,1998,TV-14,69 min,Stand-Up Comedy,18
s5059,Movie,Holy Camp!,Spain,2017,TV-MA,108 min,"Comedies, Dramas, Faith & Spirituality",8
s5060,Movie,A Futile and Stupid Gesture,United States,2018,TV-MA,102 min,Comedies,1
s5061,Movie,Fakkah Fuzz: Almost Banned,Singapore,2018,TV-MA,61 min,Stand-Up Comedy,7
s5062,Movie,Mau Nieto: Viviendo sobrio… desde el bar,Mexico,2018,TV-MA,57 min,Stand-Up Comedy,7
s5063,Movie,Sebastián Marcelo Wainraich,Argentina,2018,TV-MA,49 min,Stand-Up Comedy,7
s5065,Movie,Acts of Vengeance,"Bulgaria, United States",2017,R,87 min,"Action & Adventure, International Movies",14
s5067,Movie,Ricardo Quevedo: Hay gente así,Colombia,2018,TV-MA,59 min,Stand-Up Comedy,7
s5068,Movie,Todd Glass: Act Happy,United States,2018,TV-MA,63 min,Stand-Up Comedy,7
s5069,Movie,Countdown to Death: Pablo Escobar,Unknown,2017,TV-MA,69 min,"Documentaries, International Movies",15
s5072,Movie,Harith Iskander: I Told You So,United States,2018,TV-14,62 min,Stand-Up Comedy,7
s5073,Movie,Step Sisters,United States,2018,PG-13,108 min,Comedies,2
s5074,Movie,The Open House,"Canada, United States",2018,TV-MA,95 min,"Horror Movies, Thrillers",1
s5075,Movie,Bad Day for the Cut,United Kingdom,2017,TV-MA,99 min,"Independent Movies, International Movies, Thrillers",15
s5077,Movie,Arango y Sanint: Ríase el show,Colombia,2018,TV-MA,62 min,Stand-Up Comedy,7
s5079,Movie,Katt Williams: Great America,United States,2018,TV-MA,60 min,Stand-Up Comedy,7
s5080,Movie,Alibaba Aur 40 Chor,"Soviet Union, India",1980,TV-14,147 min,"Action & Adventure, International Movies, Sci-Fi & Fantasy",5
s5081,Movie,Pyar Ke Do Pal,India,1986,TV-14,153 min,"Dramas, International Movies, Music & Musicals",5
s5082,Movie,Rip Tide,"Australia, United Arab Emirates",2017,TV-PG,87 min,"Children & Family Movies, Dramas, Sports Movies",0
s5084,Movie,Milada,"Czech Republic, United States",2017,TV-14,124 min,"Dramas, International Movies",17
s5085,Movie,The Polka King,United States,2018,TV-14,94 min,"Comedies, Independent Movies",1
s5086,Movie,The Reservoir Game,South Korea,2017,TV-MA,100 min,"Documentaries, International Movies",15
s5087,Movie,Tom Segura: Disgraceful,United States,2018,TV-MA,71 min,Stand-Up Comedy,7
s5088,Movie,Alejandro Riaño: Especial de stand up,Colombia,2018,TV-MA,60 min,Stand-Up Comedy,7
s5089,Movie,The House Next Door,India,2017,TV-MA,135 min,"Horror Movies, International Movies, Thrillers",6
s5092,Movie,Before I Wake,United States,2016,PG-13,97 min,"Horror Movies, Thrillers",2
s5094,Movie,Mustang Island,United States,2017,TV-14,86 min,"Comedies, Dramas, Independent Movies",1
s5095,Movie,Eve's Apple,Spain,2017,TV-MA,91 min,"Documentaries, International Movies",15
s5102,Movie,Fun Mom Dinner,United States,2017,R,82 min,"Comedies, International Movies",14
s5103,Movie,Goon: Last of the Enforcers,Canada,2016,R,102 min,"Comedies, International Movies, Sports Movies",8
s5105,Movie,The Climb,France,2017,TV-14,105 min,"Action & Adventure, Comedies, Dramas",17
s5107,Movie,Bibi & Tina: Tohuwabohu Total,Germany,2017,TV-14,106 min,"Children & Family Movies, Music & Musicals",17
s5108,Movie,Mr. Roosevelt,United States,2017,TV-MA,91 min,"Comedies, Independent Movies",1
s5109,Movie,Todd Barry: Spicy Honey,United States,2017,TV-MA,61 min,Stand-Up Comedy,7
s5111,Movie,Creep 2,United States,2017,TV-MA,80 min,"Horror Movies, Independent Movies, Thrillers",1
s5114,Movie,Bright,United States,2017,TV-MA,118 min,"Action & Adventure, Sci-Fi & Fantasy",1
s5115,Movie,Desire,Argentina,2017,TV-MA,94 min,"Dramas, International Movies, Romantic Movies",4
s5116,Movie,48 Christmas Wishes,Canada,2017,TV-G,84 min,"Children & Family Movies, Comedies",12
s5117,Movie,Jeremiah Tower: The Last Magnificent,"Mexico, United States",2016,R,103 min,Documentaries,14
s5118,Movie,Russell Howard: Recalibrate,United Kingdom,2017,TV-MA,69 min,Stand-Up Comedy,7
s5122,Movie,Christmas Inheritance,United States,2017,TV-G,105 min,"Dramas, International Movies, Romantic Movies",4
s5123,Movie,Muramba,India,2017,TV-MA,128 min,"Comedies, Dramas, International Movies",6
s5124,Movie,Pottersville,United States,2017,PG-13,86 min,"Comedies, Independent Movies",2
s5125,Movie,Seoul Searching,"South Korea, China, United States",2015,TV-MA,109 min,"Comedies, Dramas, International Movies",8
s5128,Movie,Judd Apatow: The Return,United States,2017,TV-MA,70 min,Stand-Up Comedy,7
s5130,Movie,El Camino Christmas,United States,2017,TV-MA,89 min,"Comedies, Dramas",1
s5131,Movie,Jaal,India,1986,TV-14,162 min,"Action & Adventure, International Movies",5
s5132,Movie,Shikari,"India, Soviet Union",1991,TV-14,163 min,"Dramas, International Movies, Music & Musicals",5
s5133,Movie,The Secret,"Australia, United States",2006,TV-14,91 min,"Documentaries, Faith & Spirituality",11
s5134,Movie,Trolls Holiday Special,United States,2017,TV-Y7,27 min,"Children & Family Movies, Comedies, Music & Musicals",9
s5135,Movie,Craig Ferguson: Tickle Fight,United States,2017,TV-MA,67 min,Stand-Up Comedy,7
s5136,Movie,Jab Harry Met Sejal,India,2017,TV-MA,142 min,"Comedies, International Movies, Romantic Movies",6
s5137,Movie,Temple,"Japan, United States",2017,TV-MA,78 min,"Horror Movies, Independent Movies",1
s5138,Movie,A StoryBots Christmas,United States,2017,TV-Y,26 min,"Children & Family Movies, Comedies",9
s5141,Movie,DreamWorks Home: For the Holidays,United States,2017,TV-Y,46 min,"Children & Family Movies, Comedies, Music & Musicals",9
s5143,Movie,Monster Island,"India, Mexico",2017,TV-Y7,81 min,Children & Family Movies,9
s5144,Movie,My Happy Family,"Georgia, Germany, France",2017,TV-14,119 min,"Dramas, Independent Movies, International Movies",17
s5147,Movie,The Worthy,"United Arab Emirates, Romania",2016,TV-MA,99 min,"International Movies, Sci-Fi & Fantasy, Thrillers",15
s5149,Movie,Voyeur,United States,2017,TV-MA,96 min,Documentaries,11
s5152,Movie,Poster Boys,India,2017,PG-13,128 min,"Comedies, International Movies",19
s5153,Movie,Cuba and the Cameraman,United States,2017,TV-14,114 min,Documentaries,11
s5154,Movie,The Girl from the Song,Spain,2016,TV-MA,101 min,"Dramas, Independent Movies, International Movies",4
s5159,Movie,Barbra: The Music ... The Mem'ries ... The Magic!,United States,2017,TV-14,109 min,Music & Musicals,11
s5161,Movie,Beat Bugs: All Together Now,"Australia, Canada",2017,TV-Y,51 min,"Children & Family Movies, Music & Musicals",9
s5162,Movie,Brian Regan: Nunchucks and Flamethrowers,United States,2017,TV-PG,61 min,Stand-Up Comedy,7
s5163,Movie,Saving Capitalism,United States,2017,TV-PG,73 min,Documentaries,11
s5164,Movie,A Christmas Prince,United States,2017,TV-PG,92 min,"Children & Family Movies, Dramas, Romantic Movies",12
s5165,Movie,"Jim & Andy: The Great Beyond - Featuring a Very Special, Contractually Obligated Mention of Tony Clifton","Canada, United States",2017,TV-MA,94 min,Documentaries,11
s5168,Movie,Mudbound,United States,2017,R,135 min,"Dramas, Independent Movies",10
s5172,Movie,DeRay Davis: How to Act Black,United States,2017,TV-MA,66 min,Stand-Up Comedy,7
s5173,Movie,Bon Cop Bad Cop 2,Canada,2017,TV-MA,126 min,"Action & Adventure, Comedies, International Movies",8
s5177,Movie,Mea Culpa,Mexico,2017,TV-MA,54 min,Stand-Up Comedy,7
s5178,Movie,The Killer,Brazil,2017,TV-MA,100 min,"Action & Adventure, International Movies",15
s5180,Movie,Jerry Seinfeld: Comedian,United States,2002,R,81 min,Documentaries,3
s5182,Movie,The Journey Is the Destination,United States,2016,R,123 min,Dramas,10
s5183,Movie,Let It Fall: Los Angeles 1982-1992,United States,2017,TV-MA,144 min,Documentaries,6
s5184,Movie,Mubarakan,India,2017,PG-13,153 min,"Comedies, Dramas, International Movies",19
s5187,Movie,Bandie,India,1978,TV-PG,141 min,"Action & Adventure, Dramas, International Movies",13
s5188,Movie,Getaway Plan,Spain,2016,TV-MA,104 min,"International Movies, Thrillers",15
s5189,Movie,Hajwala: The Missing Engine,United Arab Emirates,2016,TV-PG,97 min,"Action & Adventure, Dramas, International Movies",0
s5190,Movie,Pettersson and Findus 2,Germany,2016,TV-G,82 min,"Children & Family Movies, Comedies",12
s5191,Movie,The Bittersweet,China,2017,TV-MA,98 min,"Action & Adventure, Dramas, International Movies",4
s5197,Movie,Judah Friedlander: America Is the Greatest Country in the United States,United States,2017,TV-MA,84 min,Stand-Up Comedy,7
s5198,Movie,The B-Side: Elsa Dorfman's Portrait Photography,United States,2016,R,76 min,Documentaries,11
s5199,Movie,SPF-18,United States,2017,PG-13,75 min,"Dramas, Romantic Movies, Sports Movies",2
s5200,Movie,Pup Star: Better 2Gether,Canada,2017,PG,93 min,"Children & Family Movies, Comedies",12
s5202,Movie,Joan Didion: The Center Will Not Hold,United States,2017,TV-14,98 min,Documentaries,11
s5203,Movie,Strange Weather,United States,2016,R,91 min,"Dramas, Independent Movies",10
s5204,Movie,The Hateful Eight,United States,2015,R,168 min,"Action & Adventure, Thrillers",10
s5205,Movie,Jack Whitehall: At Large,United Kingdom,2017,TV-MA,68 min,Stand-Up Comedy,7
s5208,Movie,1922,United States,2017,TV-MA,103 min,"Dramas, Thrillers",1
s5210,Movie,One of Us,United States,2017,TV-14,95 min,Documentaries,11
s5212,Movie,Wheelman,United States,2017,TV-MA,82 min,Action & Adventure,1
s5213,Movie,Wedding Unplanned,France,2017,TV-MA,94 min,"Comedies, International Movies, Romantic Movies",8
s5214,Movie,Patton Oswalt: Annihilation,United States,2017,TV-MA,66 min,Stand-Up Comedy,7
s5215,Movie,Baadshaho,India,2017,TV-14,135 min,"Action & Adventure, International Movies",19
s5218,Movie,Lucknow Central,India,2017,TV-14,144 min,"Dramas, International Movies, Music & Musicals",19
s5219,Movie,Belief: The Possession of Janet Moses,New Zealand,2015,TV-MA,90 min,"Documentaries, International Movies",15
s5221,Movie,Singapore,"India, Malaysia",1960,TV-PG,158 min,"Comedies, Dramas, International Movies",13
s5223,Movie,Blessed Benefit,"Germany, Jordan, Netherlands",2016,TV-14,83 min,"Comedies, Dramas, International Movies",17
s5224,Movie,Clair Obscur,"Turkey, France, Germany, Poland",2016,TV-MA,102 min,"Dramas, International Movies",4
s5225,Movie,"El Especial de Alex Fernández, el Especial",Mexico,2017,TV-MA,52 min,Stand-Up Comedy,7
s5226,Movie,Kingdom of Us,United Kingdom,2017,TV-MA,110 min,Documentaries,11
s5227,Movie,The Babysitter,United States,2017,TV-MA,85 min,"Comedies, Horror Movies",1
s5228,Movie,The Meyerowitz Stories (New and Selected),United States,2017,TV-MA,113 min,"Comedies, Dramas, Independent Movies",1
s5229,Movie,Barakah Meets Barakah,Saudi Arabia,2016,TV-MA,88 min,"Comedies, International Movies, Romantic Movies",8
s5230,Movie,Bomb Scared,Spain,2017,TV-MA,89 min,"Comedies, Independent Movies, International Movies",8
s5231,Movie,Christina P: Mother Inferior,United States,2017,TV-MA,59 min,Stand-Up Comedy,7
s5234,Movie,The Death and Life of Marsha P. Johnson,"Greece, United States",2017,TV-MA,106 min,"Documentaries, LGBTQ Movies",11
s5235,Movie,Rodney Carrington: Here Comes the Truth,United States,2017,TV-MA,66 min,Stand-Up Comedy,7
s5236,Movie,26 Years,South Korea,2012,TV-MA,135 min,"Dramas, International Movies, Thrillers",6
s5239,Movie,For Your Own Good,Spain,2017,TV-MA,93 min,"Comedies, International Movies",8
s5240,Movie,Franca: Chaos and Creation,"United States, Italy",2016,TV-MA,79 min,"Documentaries, International Movies",11
s5241,Movie,Generation Iron 2,United States,2017,PG-13,107 min,"Documentaries, Sports Movies",11
s5242,Movie,Ghost Patrol,Canada,2016,TV-Y7,47 min,"Children & Family Movies, Comedies",9
s5249,Movie,The Lion Woman,"Norway, Germany",2016,TV-14,118 min,"Dramas, International Movies",17
s5250,Movie,Verónica,Mexico,2017,TV-MA,81 min,"Dramas, Independent Movies, International Movies",4
s5253,Movie,Gerald's Game,United States,2017,TV-MA,103 min,"Horror Movies, Thrillers",1
s5254,Movie,Long Shot,United States,2017,TV-14,40 min,Documentaries,16
s5256,Movie,Our Souls at Night,United States,2017,TV-14,103 min,"Dramas, Romantic Movies",17
s5257,Movie,Out of Thin Air,Unknown,2017,TV-MA,85 min,"Documentaries, International Movies",15
s5261,Movie,Much Loved,"France, Morocco",2015,TV-MA,104 min,"Dramas, Independent Movies, International Movies",4
s5262,Movie,Def Comedy Jam 25,United States,2017,TV-MA,82 min,Stand-Up Comedy,7
s5265,Movie,Swearnet: The Movie,Canada,2014,NC-17,112 min,"Comedies, International Movies",8
s5266,Movie,The Bar,"Spain, Argentina",2017,TV-MA,102 min,"Comedies, Horror Movies, International Movies",8
s5267,Movie,Gaga: Five Foot Two,United States,2017,TV-MA,101 min,"Documentaries, Music & Musicals",11
s5268,Movie,The Bad Batch,United States,2016,R,119 min,"Dramas, Independent Movies, Thrillers",10
s5269,Movie,Jerry Before Seinfeld,United States,2017,TV-14,62 min,Stand-Up Comedy,7
s5270,Movie,Barbie Dolphin Magic,"United States, Canada",2017,TV-Y,64 min,Children & Family Movies,9
s5271,Movie,First They Killed My Father,"Cambodia, United States",2017,TV-MA,137 min,Dramas,6
s5272,Movie,Strong Island,"United States, Denmark",2017,TV-MA,108 min,Documentaries,11
s5274,Movie,Ghost of the Mountains,United States,2017,G,78 min,"Children & Family Movies, Documentaries",11
s5276,Movie,Heroin(e),United States,2017,TV-14,40 min,Documentaries,16
s5277,Movie,Jeff Dunham: Relative Disaster,United States,2017,TV-MA,71 min,Stand-Up Comedy,7
s5278,Movie,#realityhigh,United States,2017,TV-14,99 min,Comedies,17
s5280,Movie,Fabrizio Copano: Solo pienso en mi,Chile,2017,TV-MA,60 min,Stand-Up Comedy,7
s5282,Movie,Joaquín Reyes: Una y no más,Unknown,2017,TV-MA,78 min,Stand-Up Comedy,7
s5283,Movie,Carrie Pilby,United States,2016,TV-MA,98 min,"Comedies, Dramas",1
s5284,Movie,Marc Maron: Too Real,United States,2017,TV-MA,70 min,Stand-Up Comedy,7
s5291,Movie,Aakhri Adaalat,India,1988,TV-14,148 min,"Action & Adventure, International Movies",5
s5292,Movie,"Alias JJ, la celebridad del mal",Unknown,2017,TV-MA,54 min,"Documentaries, International Movies",16
s5293,Movie,Berserk: The Golden Age Arc II - The Battle for Doldrey,Japan,2012,TV-MA,92 min,"Action & Adventure, Anime Features, International Movies",15
s5294,Movie,Berserk: The Golden Age Arc III - The Advent,Japan,2013,TV-MA,107 min,"Action & Adventure, Anime Features, International Movies",15
s5295,Movie,Brother's Shadow,United States,2006,TV-MA,90 min,"Dramas, Independent Movies",1
s5296,Movie,Chadi Jawani Budhe Nu,India,1976,TV-PG,135 min,"Comedies, International Movies, Romantic Movies",13
s5297,Movie,Ek Jaan Hain Hum,India,1983,TV-14,151 min,"Dramas, International Movies, Music & Musicals",5
s5301,Movie,Khoon Khoon,India,1973,TV-14,132 min,"Action & Adventure, International Movies",13
s5303,Movie,Little Evil,United States,2017,TV-MA,95 min,"Comedies, Horror Movies",1
s5304,Movie,Manoranjan,India,1974,TV-14,162 min,"Comedies, International Movies, Music & Musicals",5
s5305,Movie,Mujrim,India,1989,TV-14,163 min,"Action & Adventure, Dramas, International Movies",5
s5307,Movie,Offline - Das leben ist kein bonuslevel,Germany,2016,TV-MA,89 min,"Action & Adventure, Comedies, International Movies",8
s5308,Movie,Resurface,United States,2017,TV-MA,28 min,"Documentaries, Sports Movies",16
s5309,Movie,Rocco,France,2016,TV-MA,103 min,"Documentaries, International Movies",15
s5310,Movie,Sohni Mahiwal,"India, Soviet Union",1984,TV-14,160 min,"Dramas, International Movies, Romantic Movies",5
s5311,Movie,The Distinguished Citizen,"Argentina, Spain",2016,TV-MA,113 min,"Comedies, Dramas, International Movies",8
s5312,Movie,The Guardian Brothers,China,2016,TV-G,86 min,"Children & Family Movies, Comedies",12
s5313,Movie,The Last Shaman,"United Kingdom, Italy, Israel, Peru, United States",2016,TV-14,83 min,"Documentaries, International Movies",11
s5314,Movie,The Lost Brother,"Argentina, Uruguay, Spain, France",2017,TV-MA,113 min,"Dramas, International Movies",4
s5315,Movie,Todo Sobre El Asado,Argentina,2016,TV-MA,86 min,"Documentaries, International Movies",15
s5316,Movie,Ryan Hamilton: Happy Face,United States,2017,TV-14,57 min,Stand-Up Comedy,7
s5317,Movie,Buster's Mal Heart,United States,2016,TV-MA,98 min,"Independent Movies, Thrillers",1
s5318,Movie,Berlin Syndrome,Australia,2017,R,116 min,"International Movies, Thrillers",14
s5319,Movie,Death Note,United States,2017,TV-MA,100 min,"Horror Movies, Thrillers",1
s5320,Movie,Lynne Koplitz: Hormonal Beast,United States,2017,TV-MA,51 min,Stand-Up Comedy,7
s5323,Movie,Undefeated,United States,2011,PG-13,113 min,"Documentaries, Sports Movies",2
s5324,Movie,What Happened to Monday,"United Kingdom, France, United States, Belgium",2017,TV-MA,124 min,"Action & Adventure, Sci-Fi & Fantasy",2
s5326,Movie,Brad Paisley's Comedy Rodeo,United States,2017,TV-MA,63 min,"Music & Musicals, Stand-Up Comedy",7
s5327,Movie,Colin Quinn: Unconstitutional,United States,2015,TV-MA,56 min,Stand-Up Comedy,7
s5329,Movie,The Outcasts,United States,2017,TV-14,94 min,Comedies,12
s5330,Movie,Chocolate City: Vegas Strip,United States,2017,TV-MA,90 min,Dramas,1
s5331,Movie,Los Herederos,Mexico,2015,TV-MA,71 min,"Dramas, International Movies",4
s5332,Movie,Naked,United States,2017,TV-14,97 min,"Comedies, Romantic Movies",17
s5333,Movie,Demonic,United States,2015,R,83 min,"Horror Movies, Independent Movies",14
s5334,Movie,The Saint,United States,2017,TV-14,92 min,Action & Adventure,14
s5335,Movie,Baahubali 2: The Conclusion (Hindi Version),India,2017,TV-MA,165 min,"Action & Adventure, Dramas, International Movies",6
s5336,Movie,Baahubali 2: The Conclusion (Malayalam Version),Unknown,2017,TV-14,166 min,"Action & Adventure, Dramas, International Movies",19
s5337,Movie,Baahubali 2: The Conclusion (Tamil Version),Unknown,2017,TV-MA,166 min,"Action & Adventure, Dramas, International Movies",6
s5338,Movie,Baahubali: The Beginning (Hindi Version),India,2015,TV-14,159 min,"Action & Adventure, Dramas, International Movies",19
s5339,Movie,Baahubali: The Beginning (Malayalam Version),Unknown,2015,TV-14,160 min,"Action & Adventure, Dramas, International Movies",19
s5340,Movie,Baahubali: The Beginning (Tamil Version),Unknown,2015,TV-14,159 min,"Action & Adventure, Dramas, International Movies",19
s5341,Movie,LEGO Marvel Super Heroes: Avengers Reassembled!,United States,2015,TV-Y7,22 min,Children & Family Movies,9
s5342,Movie,Enter the Warriors Gate,"France, Canada, China, Cambodia",2016,PG-13,105 min,"Action & Adventure, International Movies, Sci-Fi & Fantasy",2
s5343,Movie,Alan Saldaña: Mi vida de pobre,Mexico,2017,TV-MA,54 min,Stand-Up Comedy,7
s5344,Movie,Icarus,United States,2017,TV-MA,121 min,"Documentaries, Sports Movies",11
s5345,Movie,Message from the King,"United Kingdom, France, Belgium, United States",2017,R,103 min,"Independent Movies, Thrillers",14
s5347,Movie,The Invisible Guardian,"Spain, Germany",2017,TV-MA,129 min,"International Movies, Thrillers",6
s5352,Movie,Handsome Devil,Ireland,2016,TV-MA,95 min,"Comedies, Dramas, International Movies",8
s5354,Movie,Jessica Darling's It List,United States,2016,TV-Y,80 min,"Children & Family Movies, Comedies",12
s5358,Movie,Maz Jobrani: Immigrant,Unknown,2017,TV-14,67 min,Stand-Up Comedy,7
s5359,Movie,Opening Night,United States,2016,TV-MA,84 min,"Comedies, Independent Movies, Music & Musicals",1
s5360,Movie,Raising the Bar,Australia,2016,TV-Y,97 min,"Children & Family Movies, Dramas, Sports Movies",12
s5362,Movie,The Blind Christ,"Chile, France",2016,TV-MA,86 min,"Dramas, Independent Movies, International Movies",4
s5365,Movie,Un plus une,France,2015,TV-MA,114 min,"Comedies, Dramas, International Movies",8
s5369,Movie,The Incredible Jessica James,United States,2017,TV-MA,84 min,"Comedies, Independent Movies, Romantic Movies",1
s5370,Movie,Joe Mande’s Award-Winning Comedy Special,United States,2017,TV-MA,67 min,Stand-Up Comedy,7
s5371,Movie,I Called Him Morgan,"Sweden, United States",2016,TV-14,91 min,"Documentaries, Music & Musicals",11
s5372,Movie,Aditi Mittal: Things They Wouldn't Let Me Say,India,2017,TV-MA,63 min,Stand-Up Comedy,7
s5374,Movie,Uncertain Glory,Spain,2017,TV-MA,116 min,"Dramas, International Movies",4
s5375,Movie,Amar,Spain,2017,TV-MA,104 min,"Dramas, International Movies, Romantic Movies",4
s5376,Movie,Buddy Thunderstruck: The Maybe Pile,United States,2017,TV-Y7,14 min,"Children & Family Movies, Comedies",9
s5377,Movie,Chasing Coral,United States,2017,TV-PG,89 min,Documentaries,11
s5378,Movie,To the Bone,United States,2017,TV-MA,108 min,"Dramas, Independent Movies",1
s5379,Movie,D.L. Hughley: Clear,United States,2014,TV-MA,59 min,Stand-Up Comedy,7
s5380,Movie,Tom Segura: Completely Normal,United States,2014,TV-MA,74 min,Stand-Up Comedy,7
s5386,Movie,Take Me,United States,2017,TV-MA,84 min,"Comedies, Independent Movies",1
s5388,Movie,10 jours en or,France,2012,TV-14,97 min,"Comedies, Dramas, International Movies",17
s5390,Movie,A 2nd Chance,Australia,2011,PG,95 min,"Children & Family Movies, Dramas, Sports Movies",12
s5392,Movie,Amrapali,India,1966,TV-PG,116 min,"Dramas, International Movies, Music & Musicals",13
s5395,Movie,Hans Teeuwen: Real Rancour,Netherlands,2018,TV-MA,86 min,Stand-Up Comedy,7
s5397,Movie,Lal Patthar,India,1971,TV-14,153 min,"Classic Movies, Dramas, International Movies",13
s5399,Movie,Liar's Dice,India,2013,TV-MA,104 min,"Dramas, Independent Movies, International Movies",4
s5401,Movie,Professor,India,1962,TV-PG,163 min,"Comedies, Dramas, International Movies",13
s5403,Movie,The Invisible Guest,Spain,2016,TV-14,106 min,"International Movies, Thrillers",17
s5409,Movie,Yaar Gaddar,India,1994,TV-14,148 min,"Dramas, International Movies",5
s5412,Movie,Zipi & Zape y la Isla del Capitan,Spain,2016,TV-PG,105 min,"Children & Family Movies, Comedies",12
s5416,Movie,Okja,"South Korea, United States",2017,TV-MA,121 min,"Action & Adventure, Comedies, Dramas",1
s5417,Movie,Chris D'Elia: Man on Fire,United States,2017,TV-MA,66 min,Stand-Up Comedy,7
s5418,Movie,I Am Michael,United States,2015,TV-MA,102 min,"Dramas, LGBTQ Movies",1
s5419,Movie,Nobody Speak: Trials of the Free Press,"Netherlands, United States",2017,TV-14,96 min,Documentaries,11
s5420,Movie,You Get Me,United States,2017,TV-MA,89 min,"Dramas, Thrillers",1
s5421,Movie,Dangal,India,2016,TV-PG,161 min,"Dramas, International Movies, Sports Movies",6
s5424,Movie,Puss in Book: Trapped in an Epic Tale,United States,2017,TV-Y7,24 min,"Children & Family Movies, Comedies",9
s5425,Movie,Rory Scovel Tries Stand-Up for the First Time,United States,2017,TV-MA,66 min,Stand-Up Comedy,7
s5427,Movie,Counterpunch,United States,2017,TV-MA,91 min,"Documentaries, Sports Movies",11
s5428,Movie,What the Health,United States,2017,TV-PG,92 min,Documentaries,11
s5430,Movie,Kanavu Variyam,India,2017,TV-PG,104 min,"Comedies, Dramas, International Movies",0
s5431,Movie,Marco Luque: Tamo Junto,Brazil,2017,TV-MA,73 min,Stand-Up Comedy,7
s5432,Movie,The Russian Revolution,United Kingdom,2017,TV-PG,47 min,Documentaries,16
s5433,Movie,"Oh, Hello On Broadway",United States,2017,TV-MA,102 min,Stand-Up Comedy,7
s5441,Movie,Shimmer Lake,"Canada, United States",2017,TV-MA,87 min,"Dramas, Independent Movies, Thrillers",1
s5442,Movie,The Wishing Tree,India,2017,TV-14,117 min,"Children & Family Movies, Dramas, Music & Musicals",19
s5443,Movie,Headshot,Indonesia,2016,TV-MA,119 min,"Action & Adventure, International Movies",15
s5444,Movie,1898: Our Last Men in the Philippines,Spain,2016,R,130 min,"Dramas, International Movies",6
s5447,Movie,Lucid Dream,South Korea,2017,TV-MA,102 min,"International Movies, Sci-Fi & Fantasy, Thrillers",15
s5448,Movie,Aashik Awara,India,1993,TV-14,154 min,"Dramas, International Movies, Music & Musicals",5
s5449,Movie,Amelia: A Tale of Two Sisters,United Kingdom,2017,TV-PG,44 min,Documentaries,16
s5450,Movie,Catfight,United States,2016,TV-MA,96 min,"Comedies, Independent Movies",1
s5451,Movie,How to Stage a Coup,United Kingdom,2017,TV-14,47 min,Documentaries,16
s5452,Movie,Jackie: A Tale of Two Sisters,United Kingdom,2017,TV-PG,44 min,Documentaries,16
s5453,Movie,Lens,India,2015,TV-MA,109 min,"Dramas, Independent Movies, International Movies",4
s5454,Movie,Little Boxes,United States,2016,TV-MA,89 min,"Comedies, Dramas, Independent Movies",1
s5455,Movie,Love.com,Brazil,2017,TV-MA,92 min,"Comedies, International Movies, Romantic Movies",8
s5456,Movie,Maya Memsaab,"France, United Kingdom, India",1993,TV-14,122 min,"Dramas, International Movies, Music & Musicals",5
s5457,Movie,Michael Lost and Found,"Canada, United States",2017,TV-PG,19 min,"Documentaries, International Movies, LGBTQ Movies",16
s5461,Movie,Oh Darling Yeh Hai India,India,1995,TV-14,154 min,"Action & Adventure, Comedies, International Movies",5
s5462,Movie,Prince,India,1969,TV-PG,152 min,"Dramas, International Movies, Romantic Movies",13
s5463,Movie,Qila,India,1998,TV-14,161 min,"Dramas, International Movies",5
s5464,Movie,Smoke & Mirrors,Spain,2016,TV-14,123 min,"Dramas, International Movies, Thrillers",17
s5467,Movie,The Mitfords: A Tale of Two Sisters,United Kingdom,2017,TV-PG,44 min,Documentaries,16
s5468,Movie,Without Gorky,United Kingdom,2011,TV-14,80 min,Documentaries,11
s5469,Movie,Sarah Silverman A Speck of Dust,United States,2017,TV-MA,71 min,Stand-Up Comedy,7
s5470,Movie,Rangoon,India,2017,TV-14,153 min,"Action & Adventure, Dramas, International Movies",19
s5472,Movie,Joshua: Teenager vs. Superpower,United States,2017,TV-14,79 min,Documentaries,11
s5473,Movie,Raees,India,2017,TV-14,143 min,"Action & Adventure, Dramas, International Movies",19
s5474,Movie,War Machine,United States,2017,TV-MA,123 min,"Comedies, Dramas",1
s5475,Movie,Arès,France,2016,TV-MA,80 min,"Action & Adventure, International Movies, Sci-Fi & Fantasy",15
s5476,Movie,Hasan Minhaj: Homecoming King,Unknown,2017,TV-MA,73 min,Stand-Up Comedy,7
s5477,Movie,BLAME!,Japan,2017,TV-14,106 min,"Action & Adventure, Anime Features, International Movies",17
s5479,Movie,Laerte-se,Brazil,2017,TV-MA,101 min,"Documentaries, International Movies, LGBTQ Movies",15
s5481,Movie,Tracy Morgan: Staying Alive,United States,2017,TV-MA,59 min,Stand-Up Comedy,7
s5482,Movie,Chamatkar,India,1992,TV-14,164 min,"Comedies, International Movies, Sci-Fi & Fantasy",5
s5483,Movie,Kabhi Haan Kabhi Naa,India,1994,TV-14,151 min,"Comedies, Dramas, International Movies",5
s5484,Movie,Lovesong,United States,2016,TV-MA,84 min,"Dramas, Independent Movies, Romantic Movies",1
s5485,Movie,Natascha Kampusch: The Whole Story,United States,2010,TV-14,51 min,Movies,16
s5486,Movie,Ram Jaane,India,1995,TV-14,142 min,"Dramas, International Movies, Music & Musicals",5
s5487,Movie,The Devil's Mistress,"Czech Republic, Slovakia",2016,TV-MA,110 min,"Dramas, International Movies",4
s5488,Movie,Wild Oats,"Germany, United States",2016,PG-13,86 min,Comedies,2
s5490,Movie,Get Me Roger Stone,United States,2017,TV-MA,101 min,Documentaries,11
s5491,Movie,Mindhorn,United Kingdom,2017,TV-MA,88 min,"Comedies, Cult Movies, Independent Movies",1
s5492,Movie,Sahara,"France, Canada",2017,TV-Y7,86 min,Children & Family Movies,12
s5493,Movie,"Norm Macdonald: Hitler's Dog, Gossip & Trickery",United States,2017,TV-MA,61 min,Stand-Up Comedy,7
s5494,Movie,Handsome: A Netflix Mystery Movie,United States,2017,TV-MA,81 min,Comedies,1
s5496,Movie,Simplemente Manu NNa,Mexico,2017,TV-MA,72 min,Stand-Up Comedy,7
s5497,Movie,The Mars Generation,United States,2017,TV-PG,98 min,"Children & Family Movies, Documentaries",11
s5498,Movie,Maria Bamford: Old Baby,United States,2017,TV-MA,64 min,Stand-Up Comedy,7
s5499,Movie,A Yellow Bird,"Singapore, France",2016,TV-MA,111 min,"Dramas, Independent Movies, International Movies",4
s5500,Movie,Chaahat,India,1996,TV-14,148 min,"Dramas, International Movies, Romantic Movies",5
s5501,Movie,English Babu Desi Mem,India,1996,TV-14,163 min,"Comedies, Dramas, International Movies",5
s5502,Movie,He Even Has Your Eyes,"France, Belgium",2016,TV-MA,95 min,"Comedies, International Movies",8
s5503,Movie,In the Shadow of Iris,"France, Belgium",2016,TV-MA,99 min,"Dramas, International Movies, Thrillers",4
s5504,Movie,JFK: The Making of a President,United Kingdom,2017,TV-PG,44 min,Documentaries,16
s5505,Movie,Kiss & Cry,Canada,2017,TV-MA,93 min,"Dramas, International Movies, Romantic Movies",4
s5506,Movie,Loev,India,2015,TV-MA,89 min,"Dramas, Independent Movies, International Movies",4
s5507,Movie,Mostly Sunny,Canada,2016,TV-MA,83 min,"Documentaries, International Movies",15
s5508,Movie,The Next Skin,"Spain, Switzerland",2016,TV-MA,104 min,"Dramas, International Movies",4
s5509,Movie,Casting JonBenet,"United States, Australia, China",2017,TV-14,81 min,Documentaries,11
s5512,Movie,Rodney King,United States,2017,TV-MA,53 min,Dramas,7
s5513,Movie,Small Crimes,"Canada, United States",2017,TV-MA,95 min,"Dramas, Thrillers",1
s5516,Movie,Dear Zindagi,India,2016,TV-14,149 min,"Comedies, Dramas, International Movies",19
s5517,Movie,Shepherds and Butchers,"South Africa, United States, Germany",2016,R,106 min,"Dramas, International Movies",10
s5518,Movie,The 101-Year-Old Man Who Skipped Out on the Bill and Disappeared,Sweden,2016,TV-MA,108 min,"Comedies, International Movies",8
s5519,Movie,Vir Das: Abroad Understanding,United States,2017,TV-MA,66 min,Stand-Up Comedy,7
s5523,Movie,Sand Castle,United States,2017,TV-MA,113 min,"Action & Adventure, Dramas, Independent Movies",1
s5525,Movie,Tramps,United States,2017,TV-MA,83 min,"Dramas, Independent Movies, Romantic Movies",1
s5526,Movie,Lucas Brothers: On Drugs,United States,2017,TV-MA,50 min,Stand-Up Comedy,7
s5527,Movie,Bibi & Tina,Germany,2014,TV-PG,97 min,"Children & Family Movies, Music & Musicals",12
s5528,Movie,Bibi & Tina II,Germany,2014,TV-14,105 min,"Children & Family Movies, Music & Musicals",17
s5529,Movie,Bibi & Tina: Girls Versus Boys,Germany,2016,TV-14,107 min,"Children & Family Movies, Music & Musicals",17
s5530,Movie,Slam,Italy,2017,TV-MA,99 min,"Comedies, Dramas, International Movies",8
s5531,Movie,The Wedding Party,Nigeria,2016,TV-14,101 min,"Comedies, Dramas, International Movies",17
s5532,Movie,Arctic Heart,"France, Belgium",2016,TV-14,81 min,"Dramas, International Movies, Romantic Movies",17
s5533,Movie,Our Lovers,Spain,2016,TV-MA,92 min,"Comedies, Dramas, International Movies",8
s5534,Movie,Sandy Wexler,United States,2017,TV-14,131 min,Comedies,17
s5535,Movie,Macho,Mexico,2016,TV-MA,101 min,"Comedies, International Movies, LGBTQ Movies",8
s5536,Movie,Kevin Hart: What Now?,United States,2016,R,96 min,Stand-Up Comedy,14
s5537,Movie,Frat Star,United States,2017,TV-MA,85 min,Comedies,1
s5540,Movie,The Lighthouse of the Orcas,"Spain, Argentina",2016,TV-MA,110 min,"Dramas, International Movies, Romantic Movies",4
s5541,Movie,Win It All,United States,2017,TV-MA,89 min,"Comedies, Independent Movies, Romantic Movies",1
s5544,Movie,Couples Counseling,Brazil,2016,TV-MA,88 min,"Comedies, Dramas, International Movies",8
s5545,Movie,Deuces,United States,2016,TV-MA,88 min,Dramas,1
s5546,Movie,Elaan,India,1971,TV-14,143 min,"Action & Adventure, Cult Movies, International Movies",13
s5547,Movie,Five Nights in Maine,United States,2015,TV-MA,83 min,"Dramas, Independent Movies",1
s5548,Movie,Killa,India,2014,TV-14,107 min,"Dramas, International Movies",19
s5549,Movie,Life 2.0,United States,2010,TV-MA,99 min,Documentaries,11
s5550,Movie,Salaakhen,India,1975,TV-14,134 min,"Action & Adventure, International Movies, Music & Musicals",13
s5551,Movie,Skins,Spain,2017,TV-MA,78 min,"Dramas, International Movies",4
s5552,Movie,The Tenth Man,Argentina,2016,TV-MA,81 min,"Dramas, International Movies",4
s5553,Movie,Toro,Spain,2016,TV-MA,106 min,"Dramas, International Movies, Thrillers",4
s5554,Movie,Bridget Christie: Stand Up for Her,United Kingdom,2016,TV-MA,51 min,Stand-Up Comedy,7
s5557,Movie,The Discovery,United States,2017,TV-MA,102 min,"Dramas, Independent Movies, Romantic Movies",1
s5558,Movie,Jo Koy: Live from Seattle,United States,2017,TV-MA,63 min,Stand-Up Comedy,7
s5560,Movie,Felipe Neto: My Life Makes No Sense,Brazil,2017,TV-MA,91 min,Stand-Up Comedy,7
s5561,Movie,The C Word,United States,2016,TV-14,93 min,Documentaries,11
s5562,Movie,The Most Hated Woman in America,United States,2017,TV-MA,93 min,Dramas,1
s5565,Movie,Best Worst Thing That Ever Could Have Happened,United States,2016,TV-MA,97 min,Documentaries,11
s5566,Movie,Deidra & Laney Rob a Train,United States,2017,TV-14,92 min,"Comedies, Dramas, Independent Movies",1
s5569,Movie,Pandora,South Korea,2016,TV-MA,137 min,"Dramas, International Movies, Thrillers",6
s5571,Movie,Howards End,"United Kingdom, Japan, United States",1992,PG,143 min,"Classic Movies, Dramas, Independent Movies",3
s5572,Movie,Asoka,India,2001,R,168 min,"Action & Adventure, Dramas, International Movies",5
s5573,Movie,"Bon Cop, Bad Cop",Canada,2006,TV-MA,117 min,"Action & Adventure, Comedies, International Movies",8
s5574,Movie,Notes on Blindness,United Kingdom,2016,TV-PG,87 min,"Documentaries, Dramas, International Movies",0
s5575,Movie,One 2 Ka 4,India,2001,TV-14,160 min,"Action & Adventure, Comedies, Dramas",5
s5577,Movie,Jim Norton: Mouthful of Shame,United States,2017,TV-MA,62 min,Stand-Up Comedy,7
s5578,Movie,100 Meters,"Portugal, Spain",2016,TV-MA,109 min,"Dramas, International Movies, Sports Movies",4
s5580,Movie,Burning Sands,United States,2017,TV-MA,102 min,"Dramas, Independent Movies",1
s5582,Movie,The Butterfly's Dream,Turkey,2013,TV-PG,118 min,"Dramas, International Movies, Romantic Movies",0
s5583,Movie,Amy Schumer: The Leather Special,United States,2017,TV-MA,57 min,Stand-Up Comedy,7
s5585,Movie,Nila,India,2016,TV-MA,94 min,"Dramas, International Movies, Romantic Movies",4
s5587,Movie,Mike Birbiglia: Thank God for Jokes,United States,2017,TV-MA,71 min,Stand-Up Comedy,7
s5588,Movie,Force 2,India,2016,TV-14,123 min,"Action & Adventure, International Movies",19
s5589,Movie,Jonas,Brazil,2015,TV-MA,97 min,"Dramas, International Movies",4
s5590,Movie,Operações Especiais,Brazil,2015,TV-MA,99 min,"Action & Adventure, International Movies",15
s5591,Movie,I Don't Feel at Home in This World Anymore,United States,2017,TV-MA,97 min,"Dramas, Independent Movies, Thrillers",1
s5595,Movie,Trevor Noah: Afraid of the Dark,United States,2017,TV-14,67 min,Stand-Up Comedy,7
s5596,Movie,Boy Missing,Spain,2016,TV-MA,105 min,"International Movies, Thrillers",15
s5597,Movie,Growing Up Wild,United States,2016,G,78 min,"Children & Family Movies, Documentaries",11
s5598,Movie,Tini: The New Life of Violetta,"Spain, Italy, Argentina",2016,G,99 min,"Children & Family Movies, Music & Musicals",12
s5600,Movie,Rocky Handsome,India,2016,TV-MA,119 min,"Action & Adventure, International Movies",6
s5601,Movie,A Heavy Heart,Germany,2015,TV-MA,109 min,"Dramas, Independent Movies, International Movies",4
s5603,Movie,Rush: Beyond the Lighted Stage,Canada,2010,TV-MA,107 min,"Documentaries, Music & Musicals",11
s5605,Movie,The Fury of a Patient Man,Spain,2016,TV-MA,92 min,"International Movies, Thrillers",15
s5606,Movie,The Memory of Water,"Chile, Spain, Argentina, Germany",2015,TV-MA,88 min,"Dramas, International Movies",4
s5607,Movie,Girlfriend's Day,United States,2017,TV-MA,71 min,"Comedies, Independent Movies",1
s5608,Movie,Katherine Ryan: In Trouble,United Kingdom,2017,TV-MA,64 min,Stand-Up Comedy,7
s5611,Movie,David Brent: Life on the Road,"United Kingdom, United States",2016,TV-MA,97 min,"Comedies, International Movies, Music & Musicals",8
s5612,Movie,Grillo vs Grillo,Italy,2017,TV-MA,96 min,Stand-Up Comedy,7
s5613,Movie,Hitler - A Career,West Germany,1977,TV-MA,150 min,"Documentaries, International Movies",13
s5614,Movie,"Michael Bolton's Big, Sexy Valentine's Day Special",United States,2017,TV-MA,54 min,"Comedies, Music & Musicals, Romantic Movies",7
s5615,Movie,Daniel Sosa: Sosafado,Mexico,2017,TV-MA,78 min,Stand-Up Comedy,7
s5616,Movie,Imperial Dreams,United States,2014,TV-MA,86 min,Dramas,1
s5617,Movie,Dilwale,India,2015,TV-PG,154 min,"Action & Adventure, Dramas, International Movies",6
s5618,Movie,Happy New Year,India,2014,TV-14,179 min,"Action & Adventure, Comedies, Dramas",19
s5619,Movie,Haraamkhor,India,2015,TV-14,93 min,"Dramas, Independent Movies, International Movies",17
s5620,Movie,Heroes Wanted,Spain,2016,TV-MA,97 min,"Action & Adventure, Comedies, International Movies",8
s5621,Movie,The Reconquest,Spain,2016,TV-MA,108 min,"Dramas, International Movies, Romantic Movies",4
s5622,Movie,Zapped,"Canada, United States",2014,TV-Y,92 min,"Children & Family Movies, Comedies",12
s5623,Movie,Bill Burr: Walk Your Way Out,United States,2017,TV-MA,78 min,Stand-Up Comedy,7
s5624,Movie,Semana Santa,Mexico,2015,TV-MA,87 min,"Dramas, International Movies",4
s5625,Movie,Journey to Greenland,France,2016,TV-14,99 min,"Comedies, International Movies",17
s5626,Movie,IBOY,United Kingdom,2017,TV-MA,91 min,"International Movies, Sci-Fi & Fantasy, Thrillers",15
s5627,Movie,O Silêncio do Céu,Brazil,2016,TV-MA,102 min,"Dramas, International Movies",4
s5628,Movie,Cristela Alonzo: Lower Classy,United States,2017,TV-MA,67 min,Stand-Up Comedy,7
s5629,Movie,Gad Gone Wild,France,2017,TV-MA,57 min,Stand-Up Comedy,7
s5630,Movie,Pink,India,2016,TV-14,130 min,"Dramas, International Movies",19
s5631,Movie,Take the 10,United States,2017,TV-MA,80 min,Comedies,1
s5632,Movie,Neal Brennan: 3 Mics,United States,2017,TV-MA,66 min,Stand-Up Comedy,7
s5633,Movie,Berlin Calling,Germany,2008,TV-MA,105 min,"Dramas, International Movies, Music & Musicals",4
s5634,Movie,Sarajevo,"Austria, Czech Republic",2014,TV-PG,98 min,"Dramas, International Movies",0
s5635,Movie,Stereo,Germany,2014,TV-MA,91 min,"International Movies, Thrillers",15
s5636,Movie,We Are Young. We Are Strong.,Germany,2014,TV-MA,123 min,"Dramas, International Movies",6
s5637,Movie,Casablancas: The Man Who Loved Women,France,2016,TV-14,82 min,"Documentaries, International Movies",17
s5638,Movie,Clinical,United States,2017,TV-MA,104 min,"Horror Movies, Thrillers",1
s5639,Movie,Very Big Shot,"Lebanon, Qatar",2015,TV-MA,109 min,"Comedies, Dramas, International Movies",8
s5640,Movie,Jim Gaffigan: Cinco,United States,2017,TV-14,74 min,Stand-Up Comedy,7
s5642,Movie,Under the Shadow,"United Kingdom, Jordan, Qatar, Iran",2016,PG-13,84 min,"Horror Movies, International Movies, Thrillers",15
s5643,Movie,Coin Heist,United States,2017,TV-14,98 min,"Children & Family Movies, Dramas",12
s5644,Movie,LEGO: Marvel Super Heroes: Maximum Overload,United States,2013,TV-Y7,22 min,Children & Family Movies,9
s5645,Movie,Rampage: President Down,Canada,2016,TV-MA,100 min,"Action & Adventure, International Movies",15
s5646,Movie,Marvel's Hulk: Where Monsters Dwell,United States,2016,PG,75 min,"Children & Family Movies, Sci-Fi & Fantasy",12
s5647,Movie,Jen Kirkman: Just Keep Livin’?,United States,2017,TV-MA,69 min,Stand-Up Comedy,7
s5648,Movie,Autohead,India,2016,TV-MA,97 min,"Dramas, International Movies, Thrillers",4
s5649,Movie,Bee Movie,United States,2007,PG,92 min,"Children & Family Movies, Comedies",12
s5650,Movie,Headwinds,"France, Belgium",2011,TV-MA,92 min,"Dramas, Independent Movies, International Movies",4
s5652,Movie,Udta Punjab,India,2016,TV-MA,146 min,"Dramas, International Movies",6
s5653,Movie,Mr. Pig,Mexico,2016,TV-MA,97 min,"Dramas, Independent Movies, International Movies",4
s5657,Movie,7:19,Mexico,2016,TV-MA,93 min,"Dramas, International Movies",4
s5658,Movie,Garfunkel and Oates: Trying to be Special,United States,2016,TV-MA,62 min,"Music & Musicals, Stand-Up Comedy",7
s5660,Movie,A Christmas Special: Miraculous: Tales of Ladybug & Cat Noir,"France, South Korea, Japan",2016,TV-Y7,22 min,Movies,16
s5661,Movie,Gabriel lglesias: I’m Sorry For What I Said When I Was Hungry,United States,2016,TV-14,88 min,Stand-Up Comedy,7
s5662,Movie,Barry,United States,2016,TV-MA,105 min,Dramas,1
s5664,Movie,Sister Cities,United States,2016,TV-MA,88 min,Dramas,1
s5665,Movie,3 Türken & ein Baby,Germany,2015,TV-MA,93 min,"Comedies, International Movies",8
s5667,Movie,Eddie - Strongman,United Kingdom,2015,TV-MA,98 min,"Documentaries, Sports Movies",11
s5677,Movie,Sand Storm,"Israel, Germany, France",2016,TV-PG,88 min,"Dramas, Independent Movies, International Movies",0
s5679,Movie,Ricardo O'Farrill: Abrazo navideño,Mexico,2016,TV-MA,31 min,Stand-Up Comedy,7
s5680,Movie,Asperger's Are Us,United States,2016,TV-MA,83 min,Documentaries,11
s5682,Movie,Mariah Carey's Merriest Christmas,United States,2015,TV-G,38 min,"Children & Family Movies, Music & Musicals",9
s5683,Movie,Spectral,"United States, Hungary",2016,TV-14,108 min,"Action & Adventure, Sci-Fi & Fantasy",14
s5686,Movie,Other People,United States,2016,TV-MA,97 min,"Comedies, Dramas, Independent Movies",1
s5688,Movie,Blue Jay,United States,2016,TV-MA,81 min,"Dramas, Independent Movies, Romantic Movies",1
s5689,Movie,One in a Billion,United States,2016,TV-14,70 min,"Documentaries, Sports Movies",11
s5690,Movie,Reggie Watts: Spatial,United States,2016,TV-MA,62 min,"Music & Musicals, Stand-Up Comedy",7
s5692,Movie,Mercenary,France,2016,TV-MA,99 min,"Dramas, International Movies, Sports Movies",4
s5694,Movie,For the Love of Spock,"Canada, United States",2016,TV-14,112 min,Documentaries,11
s5695,Movie,White Girl,United States,2016,TV-MA,90 min,"Dramas, Independent Movies",1
s5696,Movie,#Rucker50,United States,2016,TV-PG,56 min,"Documentaries, Sports Movies",16
s5697,Movie,1000 Rupee Note,India,2014,TV-14,89 min,"Dramas, International Movies",17
s5698,Movie,Across Grace Alley,United States,2013,TV-PG,24 min,Dramas,16
s5699,Movie,Asu Mare 2,Peru,2015,TV-14,100 min,"Comedies, International Movies",17
s5702,Movie,Interrogation,India,2015,TV-MA,116 min,"Dramas, International Movies, Thrillers",6
s5703,Movie,Rainbow Time,United States,2016,TV-MA,92 min,"Comedies, Dramas, Independent Movies",1
s5705,Movie,Richard Pryor: Live in Concert,United States,1979,TV-MA,79 min,Stand-Up Comedy,18
s5706,Movie,The Violin Player,India,2016,TV-14,72 min,"Dramas, Independent Movies, International Movies",17
s5707,Movie,Beauties of the Night,Mexico,2016,TV-MA,92 min,"Documentaries, International Movies",15
s5709,Movie,Michael Che Matters,United States,2016,TV-MA,61 min,Stand-Up Comedy,7
s5710,Movie,Mercy,United States,2016,TV-MA,88 min,"Dramas, Thrillers",1
s5711,Movie,The Land of Cards,India,2012,TV-14,113 min,"Dramas, Independent Movies, International Movies",19
s5712,Movie,Carlos Ballarta: El amor es de putos,Mexico,2016,TV-MA,67 min,Stand-Up Comedy,7
s5713,Movie,Donald Glover: Weirdo,United States,2012,TV-MA,65 min,Stand-Up Comedy,7
s5714,Movie,Colin Quinn: The New York Story,United States,2016,TV-MA,62 min,Stand-Up Comedy,7
s5715,Movie,Divines,"France, Qatar",2016,TV-MA,107 min,"Dramas, Independent Movies, International Movies",4
s5718,Movie,Dieter Nuhr: Nuhr in Berlin,Germany,2016,TV-MA,69 min,Stand-Up Comedy,7
s5719,Movie,Mumbai Cha Raja,India,2012,TV-MA,77 min,"Dramas, Independent Movies, International Movies",4
s5720,Movie,True Memoirs of an International Assassin,United States,2016,TV-14,98 min,"Action & Adventure, Comedies",14
s5722,Movie,Kathleen Madigan: Bothering Jesus,United States,2016,TV-MA,71 min,Stand-Up Comedy,7
s5725,Movie,"Dana Carvey: Straight White Male, 60",United States,2016,TV-MA,64 min,Stand-Up Comedy,7
s5726,Movie,The Ivory Game,Austria,2016,TV-14,112 min,Documentaries,11
s5727,Movie,A Grand Night In: The Story of Aardman,United Kingdom,2015,TV-PG,59 min,Documentaries,16
s5734,Movie,Norman Lear: Just Another Version of You,United States,2016,TV-MA,91 min,Documentaries,11
s5735,Movie,Santa Pac's Merry Berry Day,Unknown,2016,TV-Y,44 min,Movies,9
s5736,Movie,Spanish Affair 2,Spain,2015,TV-MA,107 min,"Comedies, International Movies, Romantic Movies",8
s5737,Movie,Pup Star,Canada,2016,G,92 min,"Children & Family Movies, Comedies",12
s5738,Movie,I Am the Pretty Thing That Lives in the House,"Canada, United States",2016,TV-14,89 min,"Horror Movies, International Movies, Thrillers",17
s5739,Movie,Into the Inferno,"United Kingdom, Germany, Canada",2016,TV-PG,107 min,Documentaries,11
s5740,Movie,The African Doctor,France,2016,TV-14,94 min,"Comedies, Dramas, International Movies",17
s5741,Movie,They Are Everywhere,"France, Belgium",2016,TV-MA,110 min,"Comedies, International Movies",8
s5743,Movie,West Coast,France,2016,TV-MA,81 min,"Comedies, Dramas, International Movies",8
s5744,Movie,7 años,Spain,2016,TV-MA,77 min,"Dramas, International Movies",4
s5746,Movie,Joe Rogan: Triggered,United States,2016,TV-MA,64 min,Stand-Up Comedy,7
s5747,Movie,A Mighty Team,France,2016,TV-MA,97 min,"Comedies, International Movies, Sports Movies",8
s5748,Movie,Berserk: The Golden Age Arc I - The Egg of the King,Japan,2012,TV-MA,77 min,"Action & Adventure, Anime Features, International Movies",15
s5749,Movie,Bleach The Movie: Fade to Black,Japan,2008,TV-PG,94 min,"Action & Adventure, Anime Features, Sci-Fi & Fantasy",0
s5750,Movie,Bleach the Movie: Hell Verse,Japan,2010,TV-14,94 min,"Action & Adventure, Anime Features, Sci-Fi & Fantasy",17
s5751,Movie,Blind Date,France,2015,TV-14,91 min,"Comedies, International Movies, Music & Musicals",17
s5755,Movie,Sky Ladder: The Art of Cai Guo-Qiang,United States,2016,TV-MA,80 min,Documentaries,11
s5756,Movie,Mascots,United States,2016,TV-MA,95 min,Comedies,1
s5757,Movie,Justin Timberlake + the Tennessee Kids,United States,2016,TV-MA,90 min,Music & Musicals,1
s5758,Movie,13TH,United States,2016,TV-MA,101 min,Documentaries,11
s5759,Movie,Russell Peters: Almost Famous,United States,2016,TV-MA,73 min,Stand-Up Comedy,7
s5761,Movie,The Siege of Jadotville,"Ireland, South Africa",2016,TV-MA,108 min,"Action & Adventure, Dramas, International Movies",4
s5762,Movie,LEGO Jurassic World: The Indominus Escape,United States,2016,TV-Y7,25 min,"Children & Family Movies, Comedies",9
s5765,Movie,Bombshell,New Zealand,2016,TV-MA,86 min,Dramas,4
s5766,Movie,Chatô: The King of Brazil,Brazil,2015,TV-MA,105 min,"Dramas, International Movies",4
s5768,Movie,Harud,India,2010,TV-MA,100 min,"Dramas, International Movies",4
s5771,Movie,Much Ado About Nothing,"Chile, United States, France",2016,TV-MA,96 min,"Dramas, Independent Movies, International Movies",4
s5773,Movie,My Big Night,Spain,2015,TV-MA,97 min,"Comedies, International Movies, Music & Musicals",8
s5774,Movie,My Little Pony Equestria Girls: Legend of Everfree,"United States, Canada",2016,TV-Y7,73 min,"Children & Family Movies, Comedies",12
s5776,Movie,Pac's Scary Halloween,Unknown,2016,TV-Y7,44 min,Movies,9
s5777,Movie,Riphagen - The Untouchable,Netherlands,2016,TV-14,132 min,"Dramas, International Movies",19
s5779,Movie,Umrika,India,2015,TV-MA,96 min,"Dramas, Independent Movies, International Movies",4
s5780,Movie,Unchained: The Untold Story of Freestyle Motocross,United States,2016,TV-MA,92 min,"Documentaries, Sports Movies",11
s5781,Movie,Welcome Mr. President,Italy,2013,TV-MA,99 min,"Comedies, International Movies",8
s5783,Movie,Amanda Knox,"Denmark, United States",2016,TV-MA,92 min,Documentaries,11
s5784,Movie,Audrie & Daisy,United States,2016,TV-MA,99 min,Documentaries,11
s5785,Movie,Iliza Shlesinger: Confirmed Kills,United States,2016,TV-MA,78 min,Stand-Up Comedy,7
s5787,Movie,"Karol Modzelewski, Łukasz „Lotek” Lodkowski No Offense",Unknown,2016,TV-MA,65 min,Stand-Up Comedy,7
s5788,Movie,"Katarzyna Piasecka, Rafał Pacześ Seriously Funny",Unknown,2016,TV-MA,65 min,Stand-Up Comedy,7
s5789,Movie,"Mariusz Kałamaga, Karol Kopiec, Wiolka Walaszczyk Hilarious Trio",Unknown,2016,TV-MA,69 min,Stand-Up Comedy,7
s5790,Movie,"Rafał Banaś, Michał Leja Laugh out Loud",Unknown,2016,TV-MA,64 min,Stand-Up Comedy,7
s5791,Movie,The Best of Rafał Rutkowski Olka Szczęśniak,Unknown,2016,TV-MA,63 min,Stand-Up Comedy,7
s5792,Movie,"Tomasz Jachimek, Jacek Stramik Laugh at Live",Unknown,2016,TV-MA,63 min,Stand-Up Comedy,7
s5793,Movie,ARQ,"Canada, United States",2016,TV-MA,89 min,"International Movies, Sci-Fi & Fantasy, Thrillers",15
s5794,Movie,Cedric the Entertainer: Live from the Ville,United States,2016,TV-MA,60 min,Stand-Up Comedy,7
s5796,Movie,The White Helmets,United Kingdom,2016,TV-PG,41 min,Documentaries,16
s5797,Movie,Sample This,United States,2012,TV-14,83 min,"Documentaries, Music & Musicals",11
s5798,Movie,Extremis,United States,2016,TV-PG,25 min,Documentaries,16
s5799,Movie,Jandino: Whatever it Takes,United Kingdom,2016,TV-MA,94 min,Stand-Up Comedy,7
s5805,Movie,Saudi Arabia Uncovered,United Kingdom,2016,TV-14,52 min,Documentaries,16
s5809,Movie,Jeff Foxworthy and Larry the Cable Guy: We’ve Been Thinking...,United States,2016,TV-14,75 min,Stand-Up Comedy,7
s5810,Movie,XOXO,United States,2016,TV-MA,92 min,"Dramas, Music & Musicals",1
s5811,Movie,I'll Sleep When I'm Dead,United States,2016,TV-MA,80 min,"Documentaries, Music & Musicals",11
s5815,Movie,Real Crime: Supermarket Heist (Tesco Bomber),United Kingdom,2010,TV-14,46 min,Documentaries,16
s5816,Movie,Jim Gaffigan: Beyond the Pale,United States,2005,TV-14,72 min,Stand-Up Comedy,7
s5817,Movie,Jim Gaffigan: King Baby,United States,2009,TV-PG,71 min,Stand-Up Comedy,7
s5818,Movie,Jim Gaffigan: Mr. Universe,United States,2012,TV-14,77 min,Stand-Up Comedy,7
s5819,Movie,Jim Gaffigan: Obsessed,United States,2014,TV-14,70 min,Stand-Up Comedy,7
s5820,Movie,David Cross: Making America Great Again!,United States,2016,TV-MA,73 min,Stand-Up Comedy,7
s5821,Movie,Lavell Crawford: Can a Brother Get Some Love?,United States,2011,TV-MA,81 min,Stand-Up Comedy,7
s5822,Movie,Children of God,United Kingdom,1994,TV-MA,63 min,Documentaries,18
s5825,Movie,Interview with a Serial Killer,United States,2008,TV-MA,45 min,Documentaries,16
s5827,Movie,Real Crime: Diamond Geezers,United Kingdom,2008,TV-14,46 min,Documentaries,16
s5829,Movie,Tallulah,United States,2016,TV-MA,112 min,"Dramas, Independent Movies",1
s5831,Movie,Rebirth,United States,2016,TV-MA,101 min,"Dramas, Thrillers",1
s5832,Movie,Tony Robbins: I Am Not Your Guru,United States,2016,TV-MA,117 min,Documentaries,11
s5833,Movie,Gridlocked,Canada,2015,R,114 min,Action & Adventure,14
s5834,Movie,Brahman Naman,"India, United Kingdom",2016,TV-MA,96 min,"Comedies, Independent Movies, International Movies",8
s5836,Movie,Jim Jefferies: Freedumb,United States,2016,TV-MA,87 min,Stand-Up Comedy,7
s5838,Movie,X: Past Is Present,India,2015,TV-MA,105 min,"Dramas, Independent Movies, International Movies",4
s5840,Movie,Sofía Niño de Rivera: Exposed,Mexico,2016,TV-MA,80 min,Stand-Up Comedy,7
s5841,Movie,The Fundamentals of Caring,United States,2016,TV-MA,97 min,"Comedies, Dramas, Independent Movies",1
s5842,Movie,Ip Man 3,"China, Hong Kong",2015,PG-13,105 min,"Action & Adventure, Dramas, International Movies",2
s5843,Movie,Bo Burnham: Make Happy,United States,2016,TV-MA,60 min,"Music & Musicals, Stand-Up Comedy",7
s5847,Movie,The Do-Over,United States,2016,TV-MA,109 min,"Action & Adventure, Comedies",1
s5848,Movie,Ali Wong: Baby Cobra,United States,2016,TV-MA,60 min,Stand-Up Comedy,7
s5849,Movie,Special Correspondents,"Canada, United Kingdom, United States",2016,TV-MA,101 min,Comedies,1
s5850,Movie,Team Foxcatcher,United States,2016,TV-MA,91 min,"Documentaries, Sports Movies",11
s5851,Movie,Patton Oswalt: Talking for Clapping,United States,2016,TV-MA,66 min,Stand-Up Comedy,7
s5852,Movie,Belgica,"Belgium, France, Netherlands",2016,TV-MA,127 min,"Dramas, International Movies",6
s5853,Movie,Hush,United States,2016,R,82 min,"Horror Movies, Thrillers",14
s5855,Movie,Frank and Cindy,United States,2007,TV-MA,70 min,"Documentaries, Music & Musicals",11
s5858,Movie,Kung Fu Panda: Secrets of the Scroll,United States,2016,TV-PG,23 min,"Children & Family Movies, Comedies",9
s5859,Movie,He Never Died,Canada,2015,R,97 min,"Comedies, Horror Movies",14
s5860,Movie,Jimmy Carr: Funny Business,United Kingdom,2016,TV-MA,62 min,Stand-Up Comedy,7
s5861,Movie,My Beautiful Broken Brain,United Kingdom,2016,TV-14,84 min,"Documentaries, International Movies",17
s5862,Movie,Pee-wee's Big Holiday,United States,2016,TV-PG,90 min,"Children & Family Movies, Comedies, Cult Movies",12
s5865,Movie,"Crouching Tiger, Hidden Dragon: Sword of Destiny","China, United States",2016,PG-13,101 min,"Action & Adventure, Romantic Movies",2
s5866,Movie,Marvel Super Hero Adventures: Frost Fight!,United States,2015,PG,74 min,"Children & Family Movies, Sci-Fi & Fantasy",12
s5869,Movie,Hannibal Buress: Comedy Camisado,United States,2016,TV-MA,68 min,Stand-Up Comedy,7
s5873,Movie,Ricardo O'Farrill Abrazo Genial,Mexico,2016,TV-MA,92 min,Stand-Up Comedy,7
s5874,Movie,Ip Man,"Hong Kong, China",2008,R,107 min,"Action & Adventure, Dramas, International Movies",10
s5875,Movie,Ip Man 2,"Hong Kong, China",2010,R,108 min,"Action & Adventure, International Movies",14
s5876,Movie,Tom Segura: Mostly Stories,United States,2016,TV-MA,74 min,Stand-Up Comedy,7
s5877,Movie,Marco Polo: One Hundred Eyes,United States,2015,TV-MA,29 min,Movies,16
s5879,Movie,Mike Epps: Don't Take It Personal,United States,2015,TV-MA,60 min,Stand-Up Comedy,7
s5880,Movie,The Ridiculous 6,United States,2015,TV-14,120 min,"Action & Adventure, Comedies",2
s5881,Movie,"Trailer Park Boys: Drunk, High and Unemployed: Live in Austin",Canada,2015,TV-MA,74 min,"Comedies, International Movies",8
s5882,Movie,A Very Murray Christmas,United States,2015,TV-14,57 min,"Comedies, Music & Musicals",16
s5884,Movie,Naomi and Ely's No Kiss List,United States,2015,TV-MA,91 min,"Comedies, Dramas, LGBTQ Movies",1
s5885,Movie,John Mulaney: The Comeback Kid,United States,2015,TV-MA,62 min,Stand-Up Comedy,7
s5887,Movie,Manson Family Vacation,United States,2015,TV-MA,85 min,"Comedies, Dramas, Independent Movies",1
s5888,Movie,Walt Disney Animation Studios Short Films Collection,United States,2015,TV-Y,90 min,Children & Family Movies,12
s5890,Movie,Results,United States,2015,R,105 min,"Comedies, Independent Movies",14
s5891,Movie,Anthony Jeselnik: Thoughts and Prayers,United States,2015,TV-MA,59 min,Stand-Up Comedy,7
s5892,Movie,Beasts of No Nation,United States,2015,TV-MA,137 min,"Dramas, Independent Movies",6
s5893,Movie,Circle,United States,2015,TV-MA,86 min,"Dramas, Independent Movies, Sci-Fi & Fantasy",1
s5894,Movie,Winter on Fire: Ukraine's Fight for Freedom,"United Kingdom, Ukraine, United States",2015,TV-MA,99 min,"Documentaries, International Movies",11
s5895,Movie,Anjelah Johnson: Not Fancy,United States,2015,TV-14,64 min,Stand-Up Comedy,7
s5897,Movie,Keith Richards: Under the Influence,United States,2015,TV-14,82 min,"Documentaries, Music & Musicals",11
s5898,Movie,Cowspiracy: The Sustainability Secret,United States,2014,TV-PG,90 min,Documentaries,11
s5899,Movie,6 Years,United States,2015,TV-MA,80 min,"Dramas, Independent Movies, Romantic Movies",1
s5900,Movie,Demetri Martin: Live (At the Time),United States,2015,TV-MA,62 min,Stand-Up Comedy,7
s5902,Movie,Tig,United States,2015,TV-14,92 min,"Documentaries, Stand-Up Comedy",11
s5904,Movie,Creep,United States,2014,R,78 min,"Horror Movies, Independent Movies, Thrillers",14
s5905,Movie,Chris Tucker Live,United States,2015,TV-MA,92 min,Stand-Up Comedy,7
s5906,Movie,Ralphie May: Imperfectly Yours,United States,2015,TV-MA,69 min,Stand-Up Comedy,7
s5907,Movie,"What Happened, Miss Simone?",United States,2015,TV-14,103 min,"Documentaries, Music & Musicals",11
s5908,Movie,Advantageous,United States,2015,TV-MA,92 min,"Dramas, Independent Movies, Sci-Fi & Fantasy",1
s5910,Movie,The Perfect Dictatorship,Mexico,2014,TV-MA,143 min,"Comedies, Dramas, International Movies",6
s5911,Movie,Hot Girls Wanted,United States,2015,TV-MA,83 min,Documentaries,11
s5912,Movie,Jen Kirkman: I'm Gonna Die Alone (And I Feel Fine),United States,2015,TV-MA,78 min,Stand-Up Comedy,7
s5913,Movie,The Other One: The Long Strange Trip of Bob Weir,United States,2015,TV-14,84 min,"Documentaries, Music & Musicals",11
s5914,Movie,Chris D'Elia: Incorrigible,United States,2015,TV-MA,84 min,Stand-Up Comedy,7
s5916,Movie,Aziz Ansari Live at Madison Square Garden,United States,2015,TV-MA,58 min,Stand-Up Comedy,7
s5917,Movie,My Own Man,United States,2015,TV-MA,82 min,Documentaries,11
s5918,Movie,Ralphie May: Unruly,United States,2015,TV-MA,83 min,Stand-Up Comedy,7
s5919,Movie,Virunga: Gorillas in Peril,United States,2015,TV-14,29 min,Documentaries,16
s5920,Movie,Iliza Shlesinger: Freezing Hot,Unknown,2015,TV-MA,72 min,Stand-Up Comedy,7
s5921,Movie,BoJack Horseman Christmas Special: Sabrina's Christmas Wish,United States,2014,TV-MA,26 min,Movies,16
s5922,Movie,Bill Burr: I'm Sorry You Feel That Way,United States,2014,TV-MA,81 min,Stand-Up Comedy,7
s5925,Movie,Chelsea Peretti: One of the Greats,United States,2014,TV-MA,75 min,Stand-Up Comedy,7
s5926,Movie,Virunga,"United Kingdom,",2014,TV-MA,100 min,"Documentaries, International Movies",15
s5927,Movie,E-Team,United States,2014,TV-MA,90 min,Documentaries,11
s5928,Movie,Wyatt Cenac: Brooklyn,United States,2014,TV-MA,68 min,Stand-Up Comedy,7
s5929,Movie,Chelsea Handler: Uganda Be Kidding Me Live,United States,2014,TV-MA,71 min,Stand-Up Comedy,7
s5930,Movie,Print the Legend,United States,2014,TV-14,100 min,Documentaries,11
s5931,Movie,Mission Blue,"United States, Bermuda, Ecuador",2014,TV-PG,94 min,Documentaries,11
s5932,Movie,The Battered Bastards of Baseball,United States,2014,TV-MA,80 min,"Documentaries, Sports Movies",11
s5933,Movie,From One Second to the Next,United States,2013,TV-14,35 min,Documentaries,16
s5935,Movie,Mitt,United States,2014,TV-PG,93 min,Documentaries,11
s5936,Movie,The Square,"United Kingdom, Egypt, United States",2013,TV-MA,105 min,"Documentaries, International Movies",11
s5937,Movie,Shrek the Musical,United States,2013,TV-G,130 min,"Children & Family Movies, Comedies, Music & Musicals",12
s5938,Movie,The Short Game,United States,2013,PG,100 min,"Children & Family Movies, Documentaries, Sports Movies",12
s5939,Movie,Aziz Ansari: Buried Alive,United States,2013,TV-MA,80 min,Stand-Up Comedy,7
s5942,Movie,Being Elmo: A Puppeteer's Journey,United States,2011,PG,76 min,Documentaries,11
s5943,Movie,A Stoning in Fulham County,United States,1988,TV-14,95 min,Dramas,18
s5944,Movie,Adam: His Song Continues,United States,1986,TV-MA,96 min,Dramas,18
s5945,Movie,Hard Lessons,United States,1986,TV-14,94 min,Dramas,18
s5946,Movie,In Defense of a Married Man,United States,1990,TV-14,94 min,Dramas,18
s5947,Movie,Quiet Victory: The Charlie Wedemeyer Story,United States,1988,TV-PG,93 min,"Dramas, Sports Movies",18
s5948,Movie,Strange Voices,United States,1987,TV-PG,96 min,Dramas,18
s5949,Movie,The Ryan White Story,United States,1989,TV-PG,94 min,Dramas,18
s5950,Movie,Too Young the Hero,United States,1988,TV-MA,94 min,Dramas,18
s5951,Movie,Triumph of the Heart,United States,1991,TV-PG,93 min,"Dramas, Sports Movies",18
s5952,Movie,Unspeakable Acts,United States,1990,TV-14,95 min,Dramas,18
s5953,Movie,Victim of Beauty,United States,1991,TV-14,93 min,"Dramas, Thrillers",18
s5954,Movie,Joseph: King of Dreams,"United States, France, United Kingdom",2000,TV-PG,75 min,"Children & Family Movies, Dramas, Faith & Spirituality",3
s5955,Movie,Even the Rain,"Spain, Mexico, France",2010,TV-MA,103 min,"Dramas, International Movies",4
s5956,Movie,Splatter,United States,2009,TV-MA,29 min,Horror Movies,16
s5957,Movie,Just Another Love Story,Denmark,2007,TV-MA,104 min,"Dramas, International Movies",4
s5958,Movie,To and From New York,United States,2006,TV-MA,81 min,"Dramas, Independent Movies, Thrillers",1
s5959,Movie,9,United States,2009,PG-13,80 min,"Action & Adventure, Independent Movies, Sci-Fi & Fantasy",2
s5960,Movie,21,United States,2008,PG-13,123 min,Dramas,2
s5961,Movie,187,United States,1997,R,119 min,Dramas,3
s5962,Movie,706,India,2019,TV-14,118 min,"Horror Movies, International Movies",19
s5963,Movie,1920,India,2008,TV-MA,143 min,"Horror Movies, International Movies, Thrillers",6
s5964,Movie,Oct-01,Nigeria,2014,TV-14,149 min,"Dramas, International Movies, Thrillers",19
s5966,Movie,22-Jul,"Norway, Iceland, United States",2018,R,144 min,"Dramas, Thrillers",10
s5967,Movie,15-Aug,India,2019,TV-14,124 min,"Comedies, Dramas, Independent Movies",19
s5968,Movie,'89,United Kingdom,2017,TV-PG,87 min,Sports Movies,0
s5969,Movie,​Goli Soda 2,India,2018,TV-14,128 min,"Action & Adventure, Dramas, International Movies",19
s5970,Movie,​Maj Rati ​​Keteki,India,2017,TV-14,117 min,"Dramas, International Movies",19
s5971,Movie,​Mayurakshi,India,2017,TV-14,100 min,"Dramas, International Movies",17
s5972,Movie,(T)ERROR,United States,2015,NR,84 min,Documentaries,11
s5973,Movie,#cats_the_mewvie,Canada,2020,TV-14,90 min,"Documentaries, International Movies",17
s5974,Movie,#Roxy,Canada,2018,TV-14,105 min,"Comedies, Romantic Movies",17
s5976,Movie,Ég man þig,Iceland,2017,TV-MA,106 min,"Horror Movies, International Movies",15
s5977,Movie,Çok Filim Hareketler Bunlar,Turkey,2010,TV-MA,99 min,"Comedies, International Movies",8
s5978,Movie,Æon Flux,United States,2005,PG-13,93 min,"Action & Adventure, Sci-Fi & Fantasy",2
s5980,Movie,1 Chance 2 Dance,United States,2014,TV-PG,89 min,"Dramas, Romantic Movies",1
s5981,Movie,1 Mile to You,United States,2017,TV-14,105 min,"Dramas, Romantic Movies, Sports Movies",17
s5982,Movie,"10,000 B.C.","United States, South Africa",2008,PG-13,109 min,Action & Adventure,2
s5983,Movie,100 Days Of Solitude,Spain,2018,TV-MA,93 min,"Documentaries, International Movies",15
s5984,Movie,100 Years: One Woman's Fight for Justice,United States,2016,TV-14,75 min,Documentaries,11
s5986,Movie,12 ROUND GUN,United States,2017,TV-MA,90 min,"Dramas, Independent Movies, Sports Movies",1
s5988,Movie,13 Cameras,United States,2015,NR,90 min,"Horror Movies, Independent Movies, Thrillers",1
s5989,Movie,13 Sins,United States,2014,R,93 min,"Horror Movies, Thrillers",14
s5991,Movie,14 Blades,"Hong Kong, China, Singapore",2010,R,113 min,"Action & Adventure, International Movies",14
s5992,Movie,14 Cameras,United States,2018,TV-MA,89 min,"Horror Movies, Thrillers",1
s5993,Movie,16 Blocks,"United States, Germany",2006,PG-13,102 min,Action & Adventure,2
s5994,Movie,17 Again,United States,2009,PG-13,102 min,Comedies,2
s5995,Movie,1BR,United States,2019,TV-MA,90 min,"Horror Movies, Independent Movies, Thrillers",1
s5996,Movie,1st Summoning,United States,2018,TV-MA,94 min,"Horror Movies, Independent Movies",1
s5997,Movie,20 Feet From Stardom,United States,2013,PG-13,91 min,"Documentaries, Music & Musicals",11
s5998,Movie,2015 Dream Concert,South Korea,2015,TV-PG,107 min,"International Movies, Music & Musicals",0
s5999,Movie,2036 Origin Unknown,United Kingdom,2018,TV-14,95 min,Sci-Fi & Fantasy,17
s6000,Movie,20th Century Women,United States,2016,R,119 min,"Dramas, Independent Movies",10
s6001,Movie,21 & Over,United States,2013,R,93 min,Comedies,14
s6003,Movie,2307: Winter's Dream,United States,2016,TV-MA,101 min,"Action & Adventure, Independent Movies, Sci-Fi & Fantasy",1
s6004,Movie,24 Hours to Live,"South Africa, China, United States",2017,R,93 min,Action & Adventure,14
s6005,Movie,"27, el club de los malditos",Argentina,2018,TV-MA,82 min,"Action & Adventure, Comedies, International Movies",8
s6006,Movie,27: Gone Too Soon,United Kingdom,2017,TV-MA,70 min,Documentaries,11
s6007,Movie,28 Days,United States,2000,PG-13,104 min,"Comedies, Dramas",3
s6008,Movie,3 Deewarein,Unknown,2003,TV-MA,121 min,"Dramas, International Movies, Thrillers",6
s6009,Movie,3 Generations,United States,2015,PG-13,92 min,"Dramas, LGBTQ Movies",2
s6010,Movie,3 Heroines,Indonesia,2016,TV-PG,124 min,"Dramas, International Movies, Sports Movies",0
s6011,Movie,3 Seconds Divorce,Canada,2018,TV-PG,53 min,"Documentaries, Faith & Spirituality",16
s6012,Movie,30 Days of Luxury,Egypt,2016,TV-14,91 min,"Comedies, International Movies",17
s6013,Movie,30 Minutes or Less,United States,2011,R,83 min,"Action & Adventure, Comedies",14
s6014,Movie,300 Miles to Heaven,"Denmark, France, Poland",1989,TV-14,93 min,"Dramas, International Movies",18
s6015,Movie,42 Grams,United States,2017,TV-MA,81 min,Documentaries,11
s6016,Movie,4th Man Out,United States,2015,NR,86 min,"Comedies, LGBTQ Movies",12
s6017,Movie,5 Cowok Jagoan,Unknown,2017,TV-MA,106 min,"Action & Adventure, Comedies, International Movies",8
s6018,Movie,5 to 7,United States,2014,R,97 min,"Comedies, Dramas, Romantic Movies",10
s6019,Movie,50 First Dates,United States,2004,PG-13,99 min,"Comedies, Romantic Movies",2
s6020,Movie,50/50,United States,2011,R,100 min,"Comedies, Dramas, Independent Movies",10
s6021,Movie,5CM,Indonesia,2012,TV-14,126 min,"Dramas, International Movies",19
s6022,Movie,6 Days,"New Zealand, United Kingdom",2017,R,94 min,"Action & Adventure, Dramas, International Movies",10
s6023,Movie,6-5=2,India,2014,TV-MA,103 min,"Horror Movies, International Movies, Thrillers",15
s6024,Movie,68 Kill,United States,2017,R,96 min,"Comedies, Independent Movies, Thrillers",14
s6026,Movie,7 Din Mohabbat In,Pakistan,2018,TV-PG,137 min,"Comedies, International Movies, Music & Musicals",0
s6028,Movie,A Bad Moms Christmas,"United States, China",2017,R,104 min,Comedies,14
s6029,Movie,A Billion Colour Story,India,2016,TV-14,104 min,"Dramas, Independent Movies, International Movies",17
s6030,Movie,A Boy Called Po,United States,2016,PG,94 min,"Dramas, Sci-Fi & Fantasy",1
s6031,Movie,A Bridge Too Far,"United States, United Kingdom",1977,PG,176 min,"Action & Adventure, Classic Movies, Dramas",13
s6032,Movie,A Clockwork Orange,"United Kingdom, United States",1971,R,137 min,"Classic Movies, Cult Movies, Dramas",13
s6033,Movie,A Dangerous Woman,United States,1993,R,101 min,"Dramas, Romantic Movies",3
s6034,Movie,A Family Affair,"Netherlands, Denmark, South Africa",2015,TV-PG,111 min,"Documentaries, International Movies",0
s6035,Movie,A Family Man,"Canada, United States",2016,R,110 min,Dramas,10
s6036,Movie,A Flying Jatt,India,2016,TV-14,142 min,"Action & Adventure, International Movies, Sci-Fi & Fantasy",19
s6037,Movie,A Glimpse Inside the Mind of Charles Swan III,United States,2012,R,86 min,"Comedies, Independent Movies",14
s6039,Movie,A Gray State,United States,2017,TV-MA,93 min,Documentaries,11
s6040,Movie,A Haunted House,United States,2013,R,86 min,"Comedies, Horror Movies",14
s6041,Movie,A Haunting at Silver Falls: The Return,United States,2019,TV-14,80 min,"Horror Movies, Independent Movies",1
s6042,Movie,A Holiday Engagement,United States,2011,TV-G,92 min,"Children & Family Movies, Comedies, Romantic Movies",12
s6043,Movie,A Kind of Murder,United States,2016,R,96 min,Thrillers,14
s6044,Movie,A Leaf of Faith,United States,2018,TV-MA,87 min,Documentaries,11
s6046,Movie,A Mission in an Old Movie,Unknown,2012,TV-MA,98 min,"Comedies, International Movies",8
s6047,Movie,A Most Violent Year,"United Arab Emirates, United States",2014,R,125 min,"Dramas, Thrillers",10
s6048,Movie,A Murder in the Park,United States,2014,PG-13,91 min,Documentaries,11
s6049,Movie,A new Capitalism,Brazil,2017,TV-14,76 min,"Documentaries, International Movies",17
s6050,Movie,A Night at the Roxbury,United States,1998,PG-13,82 min,"Comedies, Cult Movies",3
s6051,Movie,A Noble Intention,Netherlands,2015,TV-MA,111 min,"Dramas, International Movies",4
s6052,Movie,A Patch of Fog,United Kingdom,2015,TV-MA,92 min,"Dramas, Thrillers",4
s6053,Movie,A Perfect Man,United States,2013,R,94 min,"Dramas, Independent Movies, Romantic Movies",10
s6054,Movie,A Princess for Christmas,United States,2011,TV-PG,91 min,"Children & Family Movies, Dramas, Romantic Movies",12
s6055,Movie,A Russell Peters Christmas,Canada,2011,NR,44 min,Stand-Up Comedy,7
s6056,Movie,A Scandall,India,2016,TV-MA,108 min,"International Movies, Thrillers",15
s6057,Movie,A Separation,"Iran, France",2011,PG-13,123 min,"Dramas, International Movies",6
s6058,Movie,A Serious Man,"United States, United Kingdom, France",2009,R,106 min,"Comedies, Independent Movies",14
s6059,Movie,A Sort of Homecoming,United States,2015,TV-PG,89 min,"Dramas, Independent Movies",1
s6060,Movie,A Tale of Love and Darkness,"Israel, United States",2015,PG-13,98 min,"Dramas, International Movies",2
s6061,Movie,A Thin Line Between Love & Hate,United States,1996,R,108 min,"Comedies, Romantic Movies",3
s6062,Movie,A Thousand Words,United States,2012,PG-13,92 min,Comedies,2
s6063,Movie,A Walk to Remember,United States,2002,PG,102 min,"Dramas, Romantic Movies",3
s6064,Movie,A Wednesday,India,2008,TV-MA,103 min,"Action & Adventure, Dramas, International Movies",4
s6065,Movie,A Week in Watts,United States,2017,TV-14,91 min,Documentaries,11
s6066,Movie,A Wrinkle in Time,United States,2018,PG,110 min,Children & Family Movies,12
s6069,Movie,A.M.I.,Canada,2019,TV-MA,77 min,Horror Movies,15
s6070,Movie,A.X.L.,United States,2018,PG,99 min,"Action & Adventure, Children & Family Movies, Independent Movies",12
s6071,Movie,Aşk Tesadüfleri Sever,Turkey,2011,TV-MA,122 min,"Dramas, International Movies, Romantic Movies",6
s6072,Movie,Aadu 2,India,2017,TV-MA,150 min,"Comedies, International Movies",6
s6073,Movie,Aajcha Divas Majha,India,2013,TV-PG,126 min,"Comedies, Dramas, International Movies",0
s6074,Movie,Aarakshan,India,2011,TV-14,164 min,"Dramas, International Movies",19
s6075,Movie,Aashayein,India,2010,TV-14,115 min,"Dramas, International Movies",19
s6076,Movie,Aata Pita,India,2010,TV-14,133 min,"Comedies, Dramas, International Movies",19
s6077,Movie,Abby Sen,India,2015,TV-PG,127 min,"Comedies, Dramas, International Movies",0
s6078,Movie,Abdo Mota,Egypt,2012,TV-MA,100 min,"Action & Adventure, Dramas, International Movies",4
s6079,Movie,Abhinetri,India,2016,TV-14,131 min,"Comedies, International Movies, Sci-Fi & Fantasy",19
s6081,Movie,Abominable Christmas,United States,2012,TV-Y7,44 min,"Children & Family Movies, Comedies",9
s6082,Movie,About a Boy,"United Kingdom, United States, France, Germany",2002,PG-13,101 min,"Comedies, Dramas, International Movies",3
s6083,Movie,Abzurdah,Argentina,2015,TV-MA,90 min,"Dramas, International Movies",4
s6084,Movie,Acapulco La vida va,Mexico,2016,TV-MA,89 min,"Comedies, Dramas, International Movies",8
s6085,Movie,Across The Line,Canada,2015,TV-MA,88 min,"Dramas, Sports Movies",4
s6086,Movie,Across the Universe,"United States, United Kingdom",2007,PG-13,133 min,"Dramas, Music & Musicals, Romantic Movies",2
s6087,Movie,Act of Valor,United States,2012,R,110 min,Action & Adventure,14
s6088,Movie,Act of Vengeance,"Turkey, United States",2010,NR,112 min,"Action & Adventure, International Movies",14
s6089,Movie,Acts of Violence,Canada,2018,R,87 min,Action & Adventure,14
s6091,Movie,Addicted to Life,France,2014,TV-14,91 min,"Action & Adventure, Documentaries, International Movies",17
s6092,Movie,Adore,"Australia, France",2013,R,111 min,"Dramas, Independent Movies, International Movies",10
s6093,Movie,Adrishya,India,2017,TV-14,99 min,"Horror Movies, Independent Movies, International Movies",17
s6094,Movie,Adventures in Public School,"Canada, United States",2018,NR,86 min,Comedies,12
s6096,Movie,After Porn Ends,United States,2012,NR,93 min,Documentaries,11
s6097,Movie,After Porn Ends 3,United States,2018,TV-MA,87 min,Documentaries,11
s6098,Movie,Afterschool,United States,2008,TV-MA,107 min,"Dramas, Independent Movies",1
s6099,Movie,Aftershock,"United States, Chile",2012,R,89 min,"Action & Adventure, Horror Movies",14
s6100,Movie,Agatha and the Truth of Murder,United Kingdom,2018,TV-MA,92 min,Dramas,4
s6104,Movie,Ahista Ahista,India,2006,TV-14,122 min,"Dramas, International Movies, Romantic Movies",19
s6105,Movie,Ai Weiwei: Never Sorry,United States,2012,R,91 min,Documentaries,14
s6107,Movie,Aisa Yeh Jahaan,India,2015,TV-14,127 min,"Dramas, Independent Movies, International Movies",19
s6108,Movie,Aitraaz,India,2004,TV-14,153 min,"International Movies, Music & Musicals, Romantic Movies",5
s6109,Movie,Alarmoty in the Land of Fire,Egypt,2017,TV-MA,94 min,"Comedies, International Movies",8
s6110,Movie,Albion: The Enchanted Stallion,"United States, Bulgaria",2016,TV-PG,106 min,Children & Family Movies,12
s6111,Movie,Alejandro Sanz: What I Was Is What I Am,Spain,2018,TV-MA,102 min,"Documentaries, International Movies, Music & Musicals",15
s6112,Movie,Alice Doesn't Live Here Anymore,United States,1974,PG,112 min,"Classic Movies, Comedies, Dramas",13
s6113,Movie,Alien Contact: Outer Space,United States,2017,TV-PG,63 min,Documentaries,16
s6114,Movie,Aliens Ate My Homework,United States,2018,PG,90 min,"Children & Family Movies, Comedies, Sci-Fi & Fantasy",12
s6115,Movie,Alive and Kicking,"Sweden, United States",2016,TV-14,89 min,Documentaries,11
s6116,Movie,All About Nina,United States,2018,R,101 min,"Comedies, Dramas, Independent Movies",10
s6117,Movie,All Dogs Go to Heaven,"Ireland, United Kingdom, United States",1989,G,85 min,Children & Family Movies,18
s6118,Movie,All Good Ones Get Away,"Spain, Italy",2019,TV-MA,83 min,"International Movies, Thrillers",15
s6119,Movie,All Hallows' Eve,United States,2016,TV-G,92 min,"Children & Family Movies, Independent Movies",12
s6120,Movie,All Light Will End,United States,2018,TV-MA,84 min,"Horror Movies, Thrillers",1
s6121,Movie,All the Boys Love Mandy Lane,United States,2006,R,91 min,Horror Movies,14
s6122,Movie,All the Devil's Men,United Kingdom,2018,R,100 min,Action & Adventure,14
s6123,Movie,Alone in Berlin,"United Kingdom, France, Germany",2016,R,103 min,Dramas,10
s6124,Movie,Along Came a Spider,"United States, Germany, Canada",2001,R,103 min,Thrillers,3
s6125,Movie,Alpha and Omega 2: A Howl-iday Adventure,United States,2013,TV-G,45 min,Children & Family Movies,9
s6126,Movie,Alpha and Omega: The Legend of the Saw Tooth Cave,"United States, India",2014,TV-Y7,45 min,Children & Family Movies,9
s6128,Movie,AlphaGo,United States,2017,TV-G,90 min,Documentaries,11
s6129,Movie,Always a Bridesmaid,United States,2019,TV-14,98 min,"Comedies, Romantic Movies",17
s6130,Movie,Amar Akbar & Tony,United Kingdom,2015,TV-MA,92 min,"Comedies, Dramas, International Movies",8
s6131,Movie,Amar Akbar Anthony,India,1977,TV-14,172 min,"Action & Adventure, Classic Movies, Comedies",5
s6132,Movie,Amar's Hands,Egypt,2011,TV-14,125 min,"Dramas, International Movies",19
s6134,Movie,American Anarchist,United States,2016,TV-MA,81 min,Documentaries,11
s6135,Movie,American Assassin,United States,2017,R,112 min,Action & Adventure,14
s6136,Movie,American Beauty,United States,1999,R,122 min,Dramas,3
s6137,Movie,American Circumcision,United States,2017,TV-14,101 min,Documentaries,11
s6139,Movie,American Experience: Ruby Ridge,United States,2017,TV-MA,53 min,Documentaries,16
s6141,Movie,American Experience: The Island Murder,United States,2018,TV-14,53 min,Documentaries,16
s6142,Movie,American Hangman,Canada,2019,TV-MA,99 min,Thrillers,15
s6143,Movie,American Heist,"Canada, Luxembourg",2014,R,95 min,"Action & Adventure, Dramas",14
s6144,Movie,American History X,United States,1998,R,119 min,Dramas,3
s6145,Movie,American Honey,"United Kingdom, United States",2016,R,163 min,"Dramas, Independent Movies",10
s6146,Movie,American Masters: Ted Williams,United States,2018,TV-MA,55 min,"Documentaries, Sports Movies",16
s6148,Movie,American Psycho,"United States, Canada",2000,R,102 min,"Comedies, Cult Movies, Dramas",3
s6149,Movie,American Warfighter,United States,2019,TV-MA,106 min,Dramas,1
s6150,Movie,Amy,United Kingdom,2015,R,128 min,"Documentaries, International Movies, Music & Musicals",15
s6151,Movie,An American in Madras,India,2013,TV-PG,80 min,"Documentaries, International Movies",0
s6152,Movie,An American Tail,United States,1986,G,80 min,Children & Family Movies,18
s6153,Movie,An American Tail: Fievel Goes West,United States,1991,G,75 min,Children & Family Movies,18
s6154,Movie,An American Tail: The Mystery of the Night Monster,United States,1999,G,75 min,Children & Family Movies,3
s6155,Movie,An American Tail: The Treasures of Manhattan Island,United States,2000,G,79 min,Children & Family Movies,3
s6156,Movie,An Hour and a Half,Egypt,2012,TV-14,87 min,"Dramas, International Movies",17
s6158,Movie,An Interview with God,United States,2018,TV-PG,97 min,"Dramas, Faith & Spirituality",1
s6159,Movie,An Upper Egyptian,Egypt,2014,TV-MA,85 min,"Comedies, Dramas, International Movies",8
s6160,Movie,Anarkali of Aarah,India,2017,TV-MA,111 min,"Dramas, Independent Movies, International Movies",4
s6161,Movie,Anchor and Hope,Spain,2017,TV-MA,113 min,"Comedies, Dramas, LGBTQ Movies",8
s6163,Movie,Anesthesia,United States,2015,R,90 min,"Dramas, Independent Movies",10
s6164,Movie,Angel Eyes,United States,2001,R,103 min,"Dramas, Romantic Movies",3
s6165,Movie,Anger Management,United States,2003,PG-13,105 min,Comedies,3
s6166,Movie,Angry Indian Goddesses,"India, Germany",2015,TV-MA,104 min,"Dramas, Independent Movies, International Movies",4
s6169,Movie,Ankur Arora Murder Case,India,2013,TV-14,127 min,"Dramas, International Movies, Thrillers",19
s6170,Movie,Annabelle Hooper and the Ghosts of Nantucket,United States,2016,TV-PG,92 min,Children & Family Movies,12
s6171,Movie,Another Forever,"Brazil, Netherlands, United States, Colombia, Austria, Germany",2016,TV-PG,72 min,"Dramas, Independent Movies, International Movies",0
s6172,Movie,Ant-Man and the Wasp,United States,2018,PG-13,118 min,"Action & Adventure, Comedies, Sci-Fi & Fantasy",2
s6173,Movie,Antar: Son of Shadad,Egypt,2017,TV-MA,110 min,"Comedies, International Movies",8
s6174,Movie,Antariksha Ke Rakhwale,Unknown,2018,TV-Y7,65 min,Children & Family Movies,9
s6176,Movie,Antidote,United States,2018,TV-MA,90 min,"Action & Adventure, Horror Movies",1
s6177,Movie,Anwar,India,2007,TV-14,134 min,"Dramas, Independent Movies, International Movies",19
s6179,Movie,Apache Warrior,United States,2017,TV-MA,89 min,Documentaries,11
s6180,Movie,APEX: The Story of the Hypercar,United States,2016,NR,86 min,Documentaries,11
s6181,Movie,Apollo 18,"United States, Canada",2011,PG-13,87 min,"Horror Movies, Sci-Fi & Fantasy, Thrillers",2
s6182,Movie,April and the Extraordinary World,"France, Canada, Belgium",2015,PG,107 min,"Action & Adventure, Comedies, International Movies",8
s6183,Movie,"Aram, Aram",United States,2015,TV-14,79 min,"Dramas, Independent Movies",1
s6184,Movie,Are We Done Yet?,Egypt,2018,TV-14,87 min,"Comedies, Dramas, International Movies",17
s6185,Movie,Arisan 2,Indonesia,2011,TV-14,113 min,"Comedies, Dramas, International Movies",17
s6186,Movie,Arthur,United States,2011,PG-13,110 min,"Comedies, Romantic Movies",2
s6187,Movie,Arthur Christmas,"United Kingdom, United States",2011,PG,98 min,"Children & Family Movies, Comedies",12
s6188,Movie,"As Above, So Below",United States,2014,R,93 min,"Horror Movies, Thrillers",14
s6189,Movie,As Good as It Gets,United States,1997,PG-13,139 min,"Comedies, Romantic Movies",3
s6190,Movie,Assimilate,United States,2019,TV-MA,94 min,"Horror Movies, Sci-Fi & Fantasy, Thrillers",1
s6191,Movie,Asura: The City of Madness,South Korea,2016,NR,133 min,"Action & Adventure, Dramas, International Movies",6
s6192,Movie,At All Costs,United States,2016,TV-MA,81 min,"Documentaries, Sports Movies",11
s6193,Movie,At First Light,Canada,2018,TV-14,91 min,"Dramas, Sci-Fi & Fantasy",17
s6194,Movie,ATM,"United States, Canada",2012,TV-14,122 min,"Comedies, International Movies, Romantic Movies",17
s6196,Movie,Attacking the Devil: Harold Evans and the Last Nazi War Crime,United Kingdom,2014,TV-14,102 min,"Documentaries, International Movies",17
s6197,Movie,Attitude Test,Chile,2016,TV-14,88 min,"Comedies, Independent Movies, International Movies",17
s6198,Movie,Auschwitz: Blueprints of Genocide,United Kingdom,1994,TV-PG,49 min,Documentaries,18
s6200,Movie,Automata,"Bulgaria, United States, Spain, Canada",2014,R,110 min,"International Movies, Sci-Fi & Fantasy, Thrillers",14
s6201,Movie,Avengers: Infinity War,United States,2018,PG-13,150 min,"Action & Adventure, Sci-Fi & Fantasy",2
s6202,Movie,Avicii: True Stories,"Sweden, Netherlands",2017,TV-MA,97 min,"Documentaries, International Movies, Music & Musicals",15
s6203,Movie,Azhar,India,2016,TV-14,129 min,"Dramas, International Movies, Sports Movies",19
s6204,Movie,B.A. Pass,India,2013,TV-14,99 min,"Dramas, Independent Movies, International Movies",17
s6205,Movie,Babam ve Oğlum,Turkey,2005,TV-14,112 min,"Dramas, International Movies",17
s6206,Movie,Babel,"France, United States, Mexico",2006,R,143 min,"Dramas, Independent Movies",10
s6207,Movie,Bachelor Girls,India,2016,TV-MA,61 min,"Documentaries, International Movies",16
s6208,Movie,Back and Forth,Brazil,2016,NR,95 min,"Comedies, Dramas, International Movies",8
s6209,Movie,Backcountry,Canada,2014,NR,92 min,"Horror Movies, Independent Movies, Thrillers",1
s6210,Movie,Backfire,United States,2019,TV-MA,97 min,"Dramas, Independent Movies, Thrillers",1
s6211,Movie,Backtrack,"Australia, United Kingdom, United Arab Emirates, Canada",2015,R,90 min,"Dramas, Thrillers",10
s6212,Movie,Bad Boys,United States,1995,R,119 min,"Action & Adventure, Comedies",3
s6213,Movie,Bad Boys II,United States,2003,R,147 min,"Action & Adventure, Comedies",3
s6215,Movie,Bad Match,"Singapore, United States",2017,TV-MA,83 min,Thrillers,1
s6216,Movie,Bad Rap,"United States, Canada",2016,TV-MA,83 min,"Documentaries, Music & Musicals",11
s6218,Movie,Badha,India,2006,TV-14,91 min,"Dramas, International Movies",17
s6219,Movie,Badland,United States,2019,TV-14,117 min,Dramas,10
s6221,Movie,Balto,United States,1995,G,78 min,"Children & Family Movies, Dramas",18
s6222,Movie,Balto 2: Wolf Quest,United States,2001,G,75 min,Children & Family Movies,3
s6223,Movie,Balto 3: Wings of Change,United States,2004,G,78 min,Children & Family Movies,12
s6224,Movie,Balu Mahi,Pakistan,2017,TV-MA,149 min,"International Movies, Romantic Movies",6
s6225,Movie,Bana Masal Anlatma,Turkey,2015,TV-14,103 min,"Comedies, International Movies, Romantic Movies",17
s6226,Movie,Band Aid,United States,2017,R,94 min,"Comedies, Dramas, Independent Movies",10
s6227,Movie,Band of Robbers,United States,2015,NR,95 min,"Action & Adventure, Comedies, Independent Movies",1
s6228,Movie,Bang Rajan 2,Thailand,2010,TV-MA,122 min,"Action & Adventure, International Movies",15
s6230,Movie,Bangkok Hell,Thailand,2002,TV-MA,107 min,"Dramas, International Movies",4
s6231,Movie,Bangkok Traffic (Love) Story,Thailand,2009,TV-14,126 min,"Comedies, International Movies, Romantic Movies",17
s6232,Movie,Barça Dreams,Spain,2015,TV-MA,122 min,"Documentaries, International Movies, Sports Movies",15
s6233,Movie,Barah Aana,India,2009,TV-14,95 min,"Dramas, International Movies",17
s6234,Movie,Barbecue,"Australia, Armenia, Japan, Jordan, Mexico, Mongolia, New Zealand, Philippines, South Africa, Sweden, United States, Uruguay",2017,TV-MA,101 min,"Documentaries, International Movies",11
s6235,Movie,Barbie & Her Sisters in a Pony Tale,United States,2013,TV-Y,74 min,Children & Family Movies,9
s6236,Movie,Barbie in A Mermaid Tale,United States,2010,TV-Y,74 min,Children & Family Movies,9
s6237,Movie,Barbie in Princess Power,United States,2015,TV-Y,74 min,Children & Family Movies,9
s6238,Movie,Barbie in Rock 'N Royals,United States,2015,TV-Y,83 min,Children & Family Movies,12
s6239,Movie,Barbie Star Light Adventure,United States,2016,TV-Y,79 min,Children & Family Movies,9
s6240,Movie,Barbie: A Fairy Secret,United States,2010,TV-Y7,72 min,Children & Family Movies,9
s6241,Movie,Barbie: Princess Charm School,"United States, Canada",2011,TV-Y,80 min,Children & Family Movies,12
s6242,Movie,Barbie: Spy Squad,"United States, Canada",2016,TV-Y,75 min,Children & Family Movies,9
s6243,Movie,Barbie: The Princess & the Popstar,United States,2012,TV-Y,75 min,Children & Family Movies,9
s6244,Movie,Barbie: Video Game Hero,United States,2017,TV-Y,72 min,Children & Family Movies,9
s6245,Movie,Barely Lethal,United States,2015,PG-13,99 min,"Action & Adventure, Comedies",2
s6246,Movie,Barrio Universitario,Chile,2013,TV-14,91 min,"Comedies, International Movies",17
s6247,Movie,Barsaat,India,1995,TV-PG,166 min,"Action & Adventure, International Movies, Music & Musicals",5
s6248,Movie,BASEketball,United States,1998,R,103 min,"Comedies, Sports Movies",3
s6249,Movie,Basic Instinct,"United States, France",1992,R,128 min,"Classic Movies, Thrillers",3
s6252,Movie,Bathtubs Over Broadway,United States,2018,PG-13,87 min,"Documentaries, Music & Musicals",11
s6255,Movie,Bawarchi,India,1972,TV-PG,125 min,"Classic Movies, Comedies, Dramas",13
s6256,Movie,Bazaar,India,1982,TV-14,121 min,"Dramas, Independent Movies, International Movies",18
s6257,Movie,Be Here Now,"United States, Australia",2015,TV-MA,110 min,Documentaries,11
s6258,Movie,Be Somebody,United States,2016,PG,88 min,"Comedies, Dramas, Romantic Movies",12
s6260,Movie,Beak & Brain: Genius Birds From Down Under,Germany,2013,TV-G,52 min,"Documentaries, International Movies",16
s6261,Movie,Bean: The Ultimate Disaster Movie,"United Kingdom, United States",1997,PG-13,89 min,"Comedies, International Movies",3
s6262,Movie,Beary Tales,United States,2013,TV-G,52 min,"Children & Family Movies, Documentaries, International Movies",16
s6267,Movie,Beavis and Butt-head Do America,United States,1996,PG-13,81 min,"Comedies, Cult Movies",3
s6268,Movie,Bebe's Kids,United States,1992,PG-13,73 min,Comedies,18
s6269,Movie,Because of Soccer,Indonesia,2008,TV-14,75 min,"Comedies, Dramas, International Movies",17
s6270,Movie,Because We're Heading Out,Egypt,2016,TV-14,99 min,"Comedies, International Movies",17
s6271,Movie,Becoming Jane,"United Kingdom, Ireland",2007,PG-13,121 min,"Dramas, Romantic Movies",2
s6272,Movie,Bedtime Stories,United States,2008,PG,100 min,"Children & Family Movies, Comedies",12
s6273,Movie,Before the Flood,United States,2016,PG,97 min,Documentaries,11
s6274,Movie,"Behind ""The Cove"": The Quiet Japanese Speak Out","Japan, United States",2015,TV-14,105 min,"Documentaries, International Movies",11
s6275,Movie,Behind the Curtain: Todrick Hall,United States,2017,TV-MA,100 min,"Documentaries, LGBTQ Movies, Music & Musicals",11
s6278,Movie,Beiimaan Love,India,2016,TV-MA,115 min,"Dramas, International Movies, Romantic Movies",6
s6279,Movie,Being AP,United Kingdom,2015,TV-14,99 min,"Documentaries, International Movies, Sports Movies",17
s6281,Movie,Below Her Mouth,Canada,2016,TV-MA,91 min,"Dramas, Independent Movies, International Movies",4
s6283,Movie,Beneath the Leaves,United States,2019,TV-MA,90 min,"Independent Movies, Thrillers",1
s6284,Movie,Benji: Off the Leash,United States,2004,PG,100 min,"Children & Family Movies, Dramas",12
s6285,Movie,Benji's Very Own Christmas Story,United States,1978,TV-G,25 min,Children & Family Movies,18
s6286,Movie,Berlin Kaplani,Turkey,2012,TV-14,99 min,"Comedies, International Movies, Sports Movies",17
s6287,Movie,"Berlin, I Love You",Germany,2019,R,120 min,"Dramas, International Movies, Romantic Movies",10
s6288,Movie,Best Neighbors,Unknown,2014,TV-14,98 min,"Comedies, International Movies",17
s6289,Movie,Betting on Zero,United States,2017,TV-PG,104 min,Documentaries,11
s6290,Movie,Bewafaa,India,2005,TV-PG,149 min,"Dramas, International Movies, Romantic Movies",5
s6291,Movie,Bewildered Bolbol,Egypt,2010,TV-14,112 min,"Comedies, International Movies, Romantic Movies",17
s6293,Movie,Beyond All Boundaries,"United States, India",2013,TV-14,98 min,"Documentaries, International Movies, Sports Movies",11
s6294,Movie,Beyond the Clouds,"India, Iran",2018,TV-14,120 min,"Dramas, Independent Movies, International Movies",19
s6297,Movie,Bhagam Bhag,India,2006,TV-14,151 min,"Comedies, International Movies, Romantic Movies",19
s6298,Movie,Bheemayan,Unknown,2018,TV-Y,63 min,Children & Family Movies,9
s6299,Movie,Bhool Bhulaiyaa,India,2007,TV-14,148 min,"Dramas, International Movies, Thrillers",19
s6300,Movie,Bhoot,India,2003,TV-MA,114 min,"Horror Movies, International Movies, Thrillers",15
s6301,Movie,Bhouri,India,2017,TV-14,123 min,"Dramas, Independent Movies, International Movies",19
s6303,Movie,Big Bear,United States,2017,TV-MA,87 min,Comedies,1
s6304,Movie,Big Daddy,United States,1999,PG-13,93 min,Comedies,3
s6306,Movie,Big Fat Liar,"United States, Germany",2002,PG,88 min,"Children & Family Movies, Comedies",12
s6307,Movie,Big Kill,United States,2018,R,126 min,Action & Adventure,14
s6308,Movie,Big Time,Denmark,2017,TV-MA,90 min,Documentaries,11
s6309,Movie,Bigger Fatter Liar,United States,2017,PG,95 min,"Children & Family Movies, Comedies",12
s6310,Movie,Biggie & Tupac,United Kingdom,2002,R,108 min,"Documentaries, Music & Musicals",3
s6311,Movie,Bill Burr: Let It Go,United States,2010,NR,65 min,Stand-Up Comedy,7
s6312,Movie,Billy Elliot,"United Kingdom, France",2000,R,110 min,"Dramas, Independent Movies, International Movies",10
s6313,Movie,Billy Graham: An Extraordinary Journey,United States,2018,TV-PG,66 min,"Documentaries, Faith & Spirituality",16
s6314,Movie,Bilu Rakkhosh,India,2017,TV-MA,127 min,"Dramas, International Movies",6
s6315,Movie,Bioscope,India,2015,TV-14,131 min,"Dramas, International Movies, LGBTQ Movies",19
s6316,Movie,Birthmarked,Canada,2018,TV-MA,88 min,"Comedies, Independent Movies, International Movies",8
s6317,Movie,Bitch,United States,2017,R,97 min,"Comedies, Dramas, Independent Movies",10
s6318,Movie,Bitcoin Heist,Vietnam,2016,TV-14,116 min,"Action & Adventure, Comedies, International Movies",17
s6321,Movie,Bittoo Boss,India,2012,TV-14,117 min,"Comedies, Dramas, International Movies",19
s6322,Movie,Black & Privileged: Volume 1,United States,2019,TV-MA,79 min,Dramas,1
s6323,Movie,Black Hawk Down,"United States, United Kingdom",2001,R,144 min,"Action & Adventure, Dramas",3
s6325,Movie,Black Man White Skin,Spain,2015,TV-PG,79 min,"Documentaries, International Movies",0
s6326,Movie,Black Panther,United States,2018,PG-13,135 min,"Action & Adventure, Sci-Fi & Fantasy",2
s6327,Movie,Black Site Delta,United States,2017,TV-MA,88 min,Action & Adventure,1
s6328,Movie,Black Snake Moan,United States,2007,R,116 min,"Dramas, Independent Movies",10
s6329,Movie,Black Snow,"Argentina, Spain",2017,TV-MA,91 min,"Dramas, International Movies, Thrillers",4
s6330,Movie,Blackfish,United States,2013,PG-13,83 min,Documentaries,11
s6331,Movie,Blackway,United States,2015,PG-13,90 min,Thrillers,2
s6332,Movie,Blaze,United States,2018,R,129 min,"Dramas, Independent Movies, Music & Musicals",10
s6333,Movie,Bleed for This,United States,2016,R,120 min,"Dramas, Sports Movies",10
s6334,Movie,Blinky Bill: The Movie,"Australia, United States",2015,PG,91 min,Children & Family Movies,12
s6335,Movie,Blockbuster,France,2017,TV-MA,85 min,"Comedies, Independent Movies, International Movies",8
s6337,Movie,Blood Father,France,2016,R,88 min,"Action & Adventure, International Movies",14
s6338,Movie,Blow,United States,2001,R,123 min,Dramas,3
s6339,Movie,Blue Is the Warmest Color,"France, Belgium, Spain",2013,NC-17,180 min,"Dramas, Independent Movies, International Movies",6
s6340,Movie,Blue Jasmine,United States,2013,PG-13,98 min,"Comedies, Dramas, Independent Movies",2
s6341,Movie,Blue Mountain State: The Rise of Thadland,United States,2016,R,90 min,Comedies,14
s6343,Movie,Blue Ruin,"United States, France",2013,R,90 min,"Independent Movies, Thrillers",14
s6344,Movie,Blue Streak,"Germany, United States",1999,PG-13,94 min,"Action & Adventure, Comedies",3
s6345,Movie,Blue Valentine,United States,2010,R,112 min,"Dramas, Independent Movies, Romantic Movies",10
s6346,Movie,Blurred Lines: Inside the Art World,Canada,2017,TV-MA,85 min,Documentaries,11
s6347,Movie,Bob Lazar: Area 51 & Flying Saucers,United States,2018,TV-MA,97 min,Documentaries,11
s6349,Movie,Bob's Broken Sleigh,Canada,2015,TV-G,47 min,Children & Family Movies,9
s6350,Movie,Bobbi Jene,"Denmark, Sweden, Israel, United States",2017,TV-MA,99 min,Documentaries,11
s6351,Movie,Bobby,India,1973,TV-14,168 min,"Classic Movies, Dramas, International Movies",13
s6352,Movie,Bobby Robson: More Than a Manager,United Kingdom,2018,TV-14,99 min,"Documentaries, International Movies, Sports Movies",17
s6353,Movie,Bobby Sands: 66 Days,"Ireland, United Kingdom",2016,TV-14,106 min,Documentaries,11
s6354,Movie,Bokeh,"United States, Iceland",2017,TV-14,92 min,"Dramas, Independent Movies, Sci-Fi & Fantasy",1
s6355,Movie,Bolt,United States,2008,PG,99 min,"Children & Family Movies, Comedies",12
s6356,Movie,Bombshell: The Hedy Lamarr Story,United States,2017,TV-14,89 min,Documentaries,11
s6357,Movie,Bon Bini Holland,Netherlands,2015,TV-MA,88 min,"Comedies, International Movies",8
s6359,Movie,Bonnie and Clyde,United States,1967,R,111 min,"Action & Adventure, Classic Movies, Dramas",13
s6360,Movie,Boom,India,2003,TV-MA,79 min,"Action & Adventure, Dramas, International Movies",4
s6363,Movie,Born Strong,United States,2017,TV-MA,86 min,"Documentaries, Sports Movies",11
s6364,Movie,Born to Be Free,"United Kingdom, Russia",2016,TV-14,74 min,"Documentaries, International Movies",17
s6366,Movie,Bottom of the World,"Canada, United States",2017,TV-MA,84 min,"Dramas, Independent Movies, Thrillers",1
s6367,Movie,Boy and the World,Brazil,2013,PG,80 min,Children & Family Movies,12
s6368,Movie,Boy Bye,United States,2016,TV-MA,86 min,"Comedies, Romantic Movies",1
s6370,Movie,Brampton's Own,United States,2018,TV-MA,90 min,"Dramas, Romantic Movies, Sports Movies",1
s6371,Movie,Bratz: The Movie,United States,2007,PG,102 min,"Children & Family Movies, Comedies",12
s6373,Movie,Brave New Jersey,United States,2016,TV-MA,92 min,"Comedies, Independent Movies",1
s6375,Movie,Breaking Free,India,2015,TV-MA,81 min,"Documentaries, International Movies, LGBTQ Movies",15
s6376,Movie,Breath,Australia,2018,TV-MA,116 min,"Dramas, Sports Movies",4
s6377,Movie,Brick,United States,2005,R,110 min,"Independent Movies, Thrillers",10
s6378,Movie,Bring It On: Worldwide Showdown,United States,2017,PG-13,95 min,Comedies,2
s6380,Movie,Brooklyn's Finest,United States,2009,R,133 min,"Dramas, Thrillers",10
s6381,Movie,Brotherhood of Blades II: The Infernal Battlefield,China,2017,TV-MA,120 min,"Action & Adventure, International Movies",15
s6383,Movie,Bruno and Boots: Go Jump in the Pool,Canada,2016,TV-PG,91 min,"Children & Family Movies, Comedies",12
s6384,Movie,Bruno and Boots: The Wizzle War,Canada,2017,TV-PG,90 min,"Children & Family Movies, Comedies",12
s6385,Movie,Bruno and Boots: This Can't Be Happening at Macdonald Hall,Canada,2017,TV-PG,90 min,"Children & Family Movies, Comedies",12
s6387,Movie,Buffalo Boys,"Indonesia, Singapore",2018,TV-MA,103 min,"Action & Adventure, International Movies",15
s6388,Movie,Bugs,"Netherlands, Denmark, France, Germany",2016,TV-G,73 min,"Documentaries, International Movies",16
s6389,Movie,Bullitt County,United States,2018,TV-MA,98 min,"Independent Movies, Thrillers",1
s6391,Movie,Burlesque,United States,2010,PG-13,119 min,"Dramas, Romantic Movies",2
s6392,Movie,Burlesque: Heart of the Glitter Tribe,United States,2017,TV-MA,76 min,Documentaries,11
s6393,Movie,Burning,"South Korea, Japan",2018,TV-MA,148 min,"Dramas, Independent Movies, International Movies",6
s6395,Movie,Bushwick,United States,2017,TV-MA,94 min,"Action & Adventure, Independent Movies",1
s6396,Movie,Butterfield 8,United States,1960,TV-14,108 min,"Classic Movies, Dramas, Romantic Movies",13
s6397,Movie,Cézanne et moi,"Belgium, France",2016,R,114 min,"Dramas, Independent Movies, International Movies",10
s6398,Movie,Cabin Fever,United States,2016,R,98 min,"Horror Movies, Thrillers",14
s6400,Movie,Cahaya Dari Timur Beta Maluku,Indonesia,2014,TV-14,151 min,"Dramas, International Movies, Sports Movies",19
s6401,Movie,Caida del Cielo,Argentina,2016,TV-MA,78 min,"Comedies, International Movies, Romantic Movies",8
s6403,Movie,Cake,"United Kingdom, Pakistan",2018,TV-MA,125 min,"Comedies, Dramas, International Movies",8
s6404,Movie,Calendar Girls,India,2015,TV-14,126 min,"Dramas, International Movies",19
s6406,Movie,Calico Critters: A Town of Dreams,Unknown,2017,TV-Y,11 min,Children & Family Movies,9
s6407,Movie,Calico Critters: The Treasure of Calico Village,Unknown,2017,TV-Y,22 min,Children & Family Movies,9
s6410,Movie,Camera Store,United States,2016,TV-MA,104 min,"Comedies, Dramas",1
s6411,Movie,Camp Cool Kids,United States,2017,TV-G,104 min,"Children & Family Movies, Comedies, Dramas",12
s6413,Movie,Camp X-Ray,United States,2014,R,117 min,"Dramas, Independent Movies",10
s6415,Movie,Can't Hardly Wait,United States,1998,PG-13,101 min,"Comedies, Romantic Movies",3
s6416,Movie,Candyman,"United States, United Kingdom",1992,R,99 min,"Cult Movies, Horror Movies",3
s6418,Movie,Capital in the Twenty-First Century,"France, New Zealand",2019,TV-14,103 min,Documentaries,11
s6419,Movie,Cappuccino,India,2017,TV-PG,126 min,"Comedies, Dramas, International Movies",0
s6420,Movie,Cardboard Gangsters,Ireland,2016,TV-MA,92 min,"Dramas, International Movies",4
s6422,Movie,Caregiver,Philippines,2008,TV-14,131 min,"Dramas, International Movies",19
s6423,Movie,Carol,"United Kingdom, United States, Australia",2015,R,119 min,"Dramas, LGBTQ Movies, Romantic Movies",10
s6424,Movie,Carrie,United States,1976,R,98 min,"Classic Movies, Cult Movies, Horror Movies",13
s6425,Movie,Carriers,United States,2009,PG-13,85 min,"Horror Movies, Sci-Fi & Fantasy, Thrillers",2
s6426,Movie,Casa de mi Padre,"United States, Mexico",2012,R,84 min,Comedies,14
s6428,Movie,Casino Royale,"United Kingdom, Czech Republic, United States, Germany, Bahamas",2006,PG-13,145 min,Action & Adventure,2
s6429,Movie,Casino Tycoon,Hong Kong,1992,TV-MA,125 min,"Action & Adventure, Dramas, International Movies",18
s6430,Movie,Casino Tycoon 2,Hong Kong,1992,TV-MA,108 min,"Action & Adventure, Dramas, International Movies",18
s6432,Movie,Cat on a Hot Tin Roof,United States,1958,NR,108 min,"Classic Movies, Dramas",13
s6433,Movie,Catching the Sun,"China, Germany, India, United States",2015,TV-14,74 min,Documentaries,11
s6434,Movie,Cats & Dogs: The Revenge of Kitty Galore,"United States, Australia",2010,PG,82 min,"Children & Family Movies, Comedies",12
s6435,Movie,Catwalk: Tales from the Cat Show Circuit,Canada,2018,TV-PG,75 min,"Documentaries, International Movies",16
s6436,Movie,Cave,Norway,2016,TV-MA,77 min,"Action & Adventure, International Movies, Thrillers",15
s6437,Movie,Celluloid Man,India,2012,TV-PG,156 min,"Documentaries, International Movies",6
s6438,Movie,Center Stage,United States,2000,PG-13,116 min,Dramas,3
s6439,Movie,Chaar Sahibzaade,India,2014,TV-PG,126 min,"Dramas, Faith & Spirituality, International Movies",0
s6440,Movie,Chal Dhar Pakad,India,2010,TV-14,129 min,"Comedies, Dramas, International Movies",19
s6441,Movie,Chal Mere Bhai,India,2000,TV-14,132 min,"Comedies, International Movies, Romantic Movies",19
s6442,Movie,Chalay Thay Saath,Pakistan,2017,TV-14,118 min,"Comedies, Dramas, International Movies",17
s6443,Movie,Chandani: The Daughter of the Elephant Whisperer,"Germany, Sri Lanka",2010,TV-G,87 min,"Documentaries, International Movies",15
s6444,Movie,Change in the Air,United States,2018,PG,95 min,Dramas,1
s6445,Movie,Chaotic Love Poems,Indonesia,2016,TV-14,86 min,"Dramas, International Movies, Romantic Movies",17
s6446,Movie,Chappaquiddick,"United States, Sweden",2017,PG-13,106 min,Dramas,2
s6447,Movie,Charlie and the Chocolate Factory,"United Kingdom, United States",2005,PG,115 min,"Children & Family Movies, Comedies",12
s6448,Movie,Charlie's Angels: Full Throttle,United States,2003,PG-13,106 min,"Action & Adventure, Comedies",3
s6449,Movie,Charlotte's Web,United States,1973,G,94 min,"Children & Family Movies, Classic Movies",13
s6450,Movie,Chashme Buddoor,India,2013,TV-PG,121 min,"Comedies, International Movies, Music & Musicals",0
s6451,Movie,Chasing Amy,United States,1997,R,113 min,"Comedies, Cult Movies, Dramas",3
s6453,Movie,Chasing the Dragon,"Hong Kong, China",2017,TV-MA,129 min,"Action & Adventure, Dramas, International Movies",6
s6454,Movie,Chasing Trane,United States,2016,TV-PG,99 min,"Documentaries, Music & Musicals",11
s6455,Movie,Chauthi Koot,"India, France",2015,TV-14,116 min,"Dramas, Independent Movies, International Movies",19
s6459,Movie,Chernobyl Diaries,United States,2012,R,88 min,"Horror Movies, Thrillers",14
s6462,Movie,Chhota Bheem Aur Kaala Yodha,Unknown,2018,TV-Y7,63 min,Movies,9
s6463,Movie,Chhota Bheem Ka Romani Adventure,Unknown,2018,TV-Y7,62 min,Children & Family Movies,9
s6464,Movie,Chhota Bheem Ka Troll Se Takkar,Unknown,2018,TV-Y7,62 min,Movies,9
s6465,Movie,Chhota Bheem Kungfu Dhamaka,India,2019,TV-Y7,112 min,Children & Family Movies,12
s6466,Movie,Chicken Kokkachi,India,2017,TV-14,113 min,"Comedies, International Movies",19
s6467,Movie,Chicken Little,United States,2005,G,82 min,"Children & Family Movies, Comedies",12
s6468,Movie,Chief Daddy,Nigeria,2018,TV-MA,98 min,"Comedies, Dramas, International Movies",8
s6469,Movie,Child's Play,United States,1988,R,87 min,"Cult Movies, Horror Movies",18
s6471,Movie,China Salesman,China,2017,TV-MA,111 min,"Action & Adventure, International Movies",15
s6472,Movie,Chingo Bling: They Can't Deport Us All,Unknown,2017,TV-MA,63 min,Stand-Up Comedy,7
s6473,Movie,Chittagong,"United States, India, Bangladesh",2012,NR,105 min,"Dramas, Independent Movies, International Movies",10
s6474,Movie,Chitty Chitty Bang Bang,"United Kingdom, United States",1968,G,146 min,"Children & Family Movies, Classic Movies, Comedies",13
s6475,Movie,Chloe,"United States, Canada, France",2009,R,96 min,"Independent Movies, Thrillers",14
s6476,Movie,Chris Brown: Welcome to My Life,United States,2017,TV-MA,80 min,"Documentaries, Music & Musicals",11
s6477,Movie,Christian Mingle,United States,2014,PG,99 min,"Comedies, Faith & Spirituality, Romantic Movies",12
s6479,Movie,Christmas Crush,"Canada, United States",2012,TV-PG,87 min,"Comedies, Romantic Movies",12
s6480,Movie,Christmas in the Smokies,United States,2015,TV-G,88 min,"Children & Family Movies, Dramas, Romantic Movies",12
s6481,Movie,Christmas with the Kranks,United States,2004,PG,99 min,"Children & Family Movies, Comedies",12
s6482,Movie,Christopher Robin,United States,2018,PG,104 min,"Children & Family Movies, Comedies, Dramas",12
s6483,Movie,Chronicle of an Escape,Argentina,2006,R,104 min,"Dramas, International Movies, Thrillers",10
s6485,Movie,Chupan Chupai,Pakistan,2017,TV-14,118 min,"Comedies, International Movies",17
s6486,Movie,Chupke Chupke,India,1975,TV-PG,127 min,"Classic Movies, Comedies, International Movies",13
s6487,Movie,Cirque du Freak: The Vampire's Assistant,United States,2009,PG-13,109 min,"Action & Adventure, Horror Movies, Sci-Fi & Fantasy",2
s6489,Movie,City of God,"Brazil, France, Germany",2002,R,130 min,"Dramas, Independent Movies, International Movies",10
s6490,Movie,City of Tiny Lights,United Kingdom,2016,TV-MA,110 min,"Dramas, International Movies, Thrillers",4
s6492,Movie,Clarence Clemons: Who Do I Think I Am?,United States,2019,TV-MA,88 min,"Documentaries, Music & Musicals",11
s6493,Movie,Clash of the Titans,"United States, United Kingdom, Australia",2010,PG-13,106 min,"Action & Adventure, Sci-Fi & Fantasy",2
s6494,Movie,Class of '61,United States,1993,TV-PG,91 min,Dramas,18
s6495,Movie,Class Rank,United States,2018,TV-MA,103 min,Comedies,1
s6497,Movie,Cleopatra Jones,United States,1973,PG,89 min,"Action & Adventure, Classic Movies",13
s6498,Movie,Click,United States,2006,PG-13,108 min,"Comedies, Sci-Fi & Fantasy",2
s6500,Movie,Clive Davis: The Soundtrack of Our Lives,United States,2017,TV-MA,124 min,"Documentaries, Music & Musicals",11
s6501,Movie,Closed Circuit,"United Kingdom, United States",2013,R,96 min,"Dramas, Thrillers",10
s6502,Movie,Cloud Atlas,"Germany, United States, Hong Kong, Singapore",2012,R,172 min,"Action & Adventure, Cult Movies, Dramas",10
s6503,Movie,Clouds of Sils Maria,"France, Germany, Switzerland",2014,R,124 min,"Dramas, International Movies",10
s6504,Movie,Cloverfield,United States,2008,PG-13,85 min,"Action & Adventure, Horror Movies, Sci-Fi & Fantasy",2
s6511,Movie,Coach Carter,"United States, Germany",2005,PG-13,137 min,"Dramas, Sports Movies",2
s6512,Movie,Code Name: The Cleaner,United States,2007,PG-13,91 min,"Action & Adventure, Comedies",2
s6513,Movie,Coffee with D,India,2017,TV-PG,120 min,"Comedies, Independent Movies, International Movies",0
s6516,Movie,Colkatay Columbus,India,2016,TV-14,118 min,"Comedies, Dramas, Independent Movies",19
s6517,Movie,Colonia,"Germany, France, Luxembourg, United Kingdom, United States",2015,R,110 min,"Dramas, Independent Movies, International Movies",10
s6518,Movie,Colours of Passion,India,2008,TV-14,114 min,"Dramas, International Movies",19
s6519,Movie,Come and Find Me,"Canada, United States, United Kingdom",2016,R,112 min,"Dramas, Thrillers",10
s6522,Movie,Command and Control,United States,2017,TV-PG,92 min,Documentaries,11
s6523,Movie,Company,India,2002,TV-MA,137 min,"Action & Adventure, Dramas, International Movies",6
s6524,Movie,Compulsion,"United Kingdom, Canada, Italy",2016,TV-MA,84 min,"Dramas, Thrillers",4
s6526,Movie,Concrete Football,"Czech Republic, France",2016,TV-MA,52 min,"Documentaries, International Movies, Sports Movies",16
s6527,Movie,Concussion,United States,2013,R,96 min,"Dramas, Independent Movies, LGBTQ Movies",10
s6528,Movie,Conjuring Spirit,Vietnam,2014,TV-MA,112 min,"Horror Movies, International Movies, Thrillers",15
s6529,Movie,Conor McGregor: Notorious,Ireland,2017,R,90 min,"Documentaries, Sports Movies",11
s6530,Movie,Consequences ,Turkey,2014,TV-MA,106 min,"Dramas, International Movies, Thrillers",4
s6531,Movie,Contract,India,2008,TV-14,116 min,"Action & Adventure, Dramas, Independent Movies",19
s6532,Movie,Convict,Unknown,2014,TV-14,97 min,"Dramas, International Movies",17
s6534,Movie,Cool Hand Luke,United States,1967,TV-14,127 min,"Classic Movies, Dramas",13
s6535,Movie,Cop and a Half: New Recruit,Canada,2017,PG,96 min,"Children & Family Movies, Comedies",12
s6536,Movie,Cop Watchers,Unknown,2016,TV-MA,45 min,"Documentaries, International Movies",16
s6537,Movie,Coraline,United States,2009,PG,101 min,Children & Family Movies,12
s6538,Movie,Counterfeiting in Suburbia,Canada,2018,TV-14,88 min,"Dramas, Thrillers",17
s6540,Movie,Covered: Alive in Asia,United States,2016,TV-G,75 min,"Documentaries, Faith & Spirituality, Music & Musicals",11
s6541,Movie,Crash,"United States, Germany",2004,R,112 min,"Dramas, Independent Movies",10
s6542,Movie,CRD,India,2016,TV-MA,110 min,"Comedies, Dramas, Independent Movies",1
s6544,Movie,"Crouching Tiger, Hidden Dragon","Taiwan, Hong Kong, United States, China",2000,PG-13,120 min,"Action & Adventure, International Movies, Romantic Movies",3
s6545,Movie,Cult of Chucky,United States,2017,R,90 min,Horror Movies,14
s6546,Movie,Cutie and the Boxer,United States,2013,R,82 min,Documentaries,11
s6547,Movie,Daagdi Chaawl,India,2015,TV-14,118 min,"Action & Adventure, Dramas, International Movies",19
s6548,Movie,Dabbe 6: The Return,Turkey,2015,TV-MA,153 min,"Horror Movies, International Movies",6
s6549,Movie,Dad,United States,1989,PG,117 min,Dramas,3
s6551,Movie,Daddy Day Care,United States,2003,PG,93 min,"Children & Family Movies, Comedies",12
s6552,Movie,Daddy Issues,United States,2019,TV-MA,82 min,"Dramas, Independent Movies, LGBTQ Movies",1
s6553,Movie,Daemonium,Argentina,2015,NR,115 min,"Action & Adventure, Horror Movies, International Movies",15
s6554,Movie,Daffedar,India,2017,TV-14,151 min,"Dramas, International Movies",19
s6555,Movie,Dagh Ujala,"United States, India",2015,TV-MA,103 min,"Dramas, Independent Movies, International Movies",4
s6556,Movie,Dallas Buyers Club,United States,2013,R,117 min,"Dramas, Independent Movies, LGBTQ Movies",10
s6558,Movie,Dance Academy: The Comeback,"Germany, Australia",2017,TV-PG,100 min,"Dramas, International Movies",0
s6559,Movie,Dancing Quietly,Germany,2016,TV-MA,70 min,"Dramas, Independent Movies, International Movies",4
s6562,Movie,Danny Says,United States,2015,TV-MA,103 min,"Documentaries, Music & Musicals",11
s6563,Movie,Dante's Peak,United States,1997,PG-13,108 min,Action & Adventure,3
s6564,Movie,Dare to Be Wild,Ireland,2015,TV-PG,100 min,"Dramas, Independent Movies, Romantic Movies",0
s6565,Movie,Dark Chocolate (Bengali Version),India,2016,TV-MA,91 min,"Dramas, International Movies, Thrillers",4
s6566,Movie,Dark Crimes,"United Kingdom, Poland, United States",2016,R,93 min,"Dramas, Thrillers",10
s6567,Movie,Dark Places,"United States, United Kingdom, France",2015,R,113 min,"Dramas, International Movies, Thrillers",10
s6568,Movie,Darna Mana Hai,India,2003,TV-MA,116 min,"Horror Movies, International Movies, Thrillers",15
s6570,Movie,Darra,India,2016,TV-14,121 min,"Dramas, International Movies",19
s6571,Movie,Daughters of the Dust,"United Kingdom, United States",1991,NR,112 min,"Classic Movies, Dramas, Independent Movies",3
s6574,Movie,Dayveon,United States,2017,TV-MA,76 min,"Dramas, Independent Movies",1
s6575,Movie,De Film van Dylan Haegens,Netherlands,2018,TV-PG,81 min,"Comedies, International Movies",0
s6576,Movie,De Palma,United States,2015,R,110 min,Documentaries,14
s6577,Movie,Dead in a Week (Or Your Money Back),United Kingdom,2018,TV-MA,90 min,Comedies,8
s6578,Movie,Deadline: Sirf 24 Ghante,India,2006,TV-14,97 min,"Independent Movies, International Movies, Thrillers",17
s6579,Movie,Deadly Scholars,United States,2018,TV-14,86 min,"Dramas, Thrillers",1
s6580,Movie,Dean,United States,2016,PG-13,94 min,"Comedies, Dramas, Independent Movies",2
s6581,Movie,Dear Dad,India,2016,TV-14,83 min,"Comedies, Dramas, Independent Movies",17
s6582,Movie,Dear Dracula,United States,2012,TV-Y7-FV,43 min,"Children & Family Movies, Comedies",9
s6583,Movie,Dear Santa,Canada,2011,TV-PG,92 min,"Comedies, Romantic Movies",0
s6584,Movie,Death at a Funeral,United States,2010,R,93 min,Comedies,14
s6585,Movie,Death House,United States,2017,R,88 min,Horror Movies,14
s6586,Movie,Deathgrip,United Kingdom,2017,TV-MA,53 min,"International Movies, Sports Movies",16
s6589,Movie,Deewangee,India,2002,TV-MA,156 min,"International Movies, Thrillers",5
s6590,Movie,Defying the Nazis: The Sharps' War,United States,2016,TV-14,79 min,Documentaries,11
s6591,Movie,Delirium,United States,2018,R,96 min,"Horror Movies, Thrillers",14
s6592,Movie,Democrats,"Denmark, Zimbabwe",2014,NR,99 min,"Documentaries, International Movies",15
s6593,Movie,Den of Thieves,United States,2018,R,140 min,Action & Adventure,14
s6594,Movie,Denis Leary: No Cure For Cancer,United States,1992,R,62 min,Stand-Up Comedy,18
s6595,Movie,Desolate,Unknown,2018,TV-MA,88 min,"Dramas, Thrillers",4
s6596,Movie,Desolation,United States,2017,TV-MA,76 min,"Horror Movies, Thrillers",1
s6597,Movie,Detention Letter,Egypt,2017,TV-14,99 min,"Action & Adventure, International Movies",17
s6598,Movie,Detour,"United Kingdom, South Africa",2016,R,97 min,Thrillers,14
s6599,Movie,Deviant Love,United States,2019,TV-14,87 min,Thrillers,11
s6600,Movie,Devil's Bride,"Finland, Sweden, Norway, Latvia, Germany",2016,TV-MA,108 min,"Dramas, International Movies",4
s6601,Movie,Devil's Gate,Canada,2017,TV-MA,94 min,"Horror Movies, Sci-Fi & Fantasy, Thrillers",15
s6603,Movie,Devrai,India,2004,TV-PG,123 min,"Dramas, International Movies",0
s6605,Movie,Dhamaal,India,2007,TV-14,128 min,"Action & Adventure, Comedies, International Movies",19
s6606,Movie,Di Renjie zhi Sidatianwang,"China, Hong Kong",2018,TV-14,132 min,"Action & Adventure, International Movies, Sci-Fi & Fantasy",19
s6607,Movie,Diana: 7 Days That Shook the World,United Kingdom,2017,TV-PG,93 min,Documentaries,11
s6608,Movie,Diana: In Her Own Words,United Kingdom,2017,TV-PG,113 min,"Documentaries, International Movies",0
s6609,Movie,Diary of a Chambermaid,"France, Belgium",2015,NR,96 min,"Dramas, International Movies",4
s6610,Movie,Die Another Day,"United Kingdom, United States",2002,PG-13,133 min,Action & Adventure,3
s6611,Movie,Dil Hai Tumhaara,India,2002,TV-14,176 min,"Dramas, International Movies, Music & Musicals",5
s6613,Movie,Dinner for Schmucks,United States,2010,PG-13,115 min,Comedies,2
s6615,Movie,Disciples Of The 36th Chamber,Hong Kong,1985,TV-14,90 min,"Action & Adventure, International Movies",18
s6616,Movie,Discovering Bigfoot,United States,2017,TV-MA,111 min,Documentaries,11
s6617,Movie,Dismissed,United States,2017,TV-14,87 min,Thrillers,11
s6618,Movie,District 9,"South Africa, United States, New Zealand, Canada",2009,R,112 min,"Action & Adventure, International Movies, Sci-Fi & Fantasy",14
s6620,Movie,Doctor Zhivago,"United States, Italy, United Kingdom, Liechtenstein",1965,PG-13,200 min,"Classic Movies, Dramas, Romantic Movies",13
s6621,Movie,Dog Eat Dog,United States,2016,TV-MA,93 min,"Dramas, Thrillers",1
s6622,Movie,Dolphin Kick,United States,2019,TV-PG,90 min,Children & Family Movies,12
s6623,Movie,Dolphin Tale 2,United States,2014,PG,107 min,"Children & Family Movies, Dramas",12
s6624,Movie,Domino,"Denmark, France, Belgium, Italy, Netherlands, United States, United Kingdom",2019,R,89 min,"International Movies, Thrillers",14
s6625,Movie,Don Quixote: The Ingenious Gentleman of La Mancha,United States,2015,TV-14,83 min,"Comedies, Independent Movies",1
s6626,Movie,Don Verdean,United States,2015,PG-13,96 min,Comedies,2
s6627,Movie,Don't Be Afraid of the Dark,"United States, Australia, Mexico",2010,R,99 min,Horror Movies,14
s6628,Movie,Don't Crack Under Pressure,France,2015,TV-MA,95 min,"Action & Adventure, Documentaries, International Movies",15
s6629,Movie,Don't Crack Under Pressure II,France,2016,TV-MA,88 min,"Action & Adventure, Documentaries, International Movies",15
s6630,Movie,Don't Crack Under Pressure III,France,2017,TV-14,94 min,"Action & Adventure, Documentaries, International Movies",17
s6631,Movie,Don't Knock Twice,United Kingdom,2016,R,93 min,"Horror Movies, International Movies",14
s6632,Movie,Don't Look Down,United Kingdom,2016,TV-MA,93 min,"Documentaries, International Movies",15
s6633,Movie,Don't Think Twice,United States,2016,R,92 min,"Comedies, Dramas, Independent Movies",10
s6634,Movie,Donnie Brasco,United States,1997,R,127 min,"Dramas, Thrillers",3
s6635,Movie,Doom,"United Kingdom, Czech Republic, Germany, United States",2005,R,105 min,"Action & Adventure, Horror Movies, Sci-Fi & Fantasy",14
s6637,Movie,Doubles Cause Troubles,Hong Kong,1989,TV-14,94 min,"Action & Adventure, Comedies, International Movies",18
s6638,Movie,Doubt,United States,2008,PG-13,104 min,"Dramas, Faith & Spirituality",2
s6639,Movie,Down The Fence,United States,2017,TV-PG,94 min,Documentaries,11
s6640,Movie,Dr. Seuss' The Cat in the Hat,United States,2003,PG,82 min,"Children & Family Movies, Comedies",12
s6641,Movie,Dr. Seuss' The Grinch,"France, China, Japan, United States",2018,PG,86 min,"Children & Family Movies, Comedies",12
s6642,Movie,Dragonheart,United States,1996,PG-13,103 min,"Action & Adventure, Sci-Fi & Fantasy",3
s6643,Movie,Dragonheart 3: The Sorcerer,United States,2015,PG-13,97 min,"Action & Adventure, Sci-Fi & Fantasy",2
s6644,Movie,Dragonheart: A New Beginning,United States,2000,PG,84 min,"Action & Adventure, Sci-Fi & Fantasy",3
s6645,Movie,Dragonheart: Battle for the Heartfire,United States,2017,PG-13,98 min,"Action & Adventure, Sci-Fi & Fantasy",2
s6646,Movie,Dragonkala Ka Rahasya,Unknown,2018,TV-Y,68 min,Children & Family Movies,9
s6648,Movie,Dream Big: Engineering Our World,United States,2017,TV-G,42 min,Documentaries,16
s6649,Movie,Dream Boat,Germany,2017,TV-MA,92 min,"Documentaries, International Movies, LGBTQ Movies",15
s6650,Movie,Dries,"Germany, Belgium",2017,TV-PG,89 min,"Documentaries, International Movies",0
s6651,Movie,Driven to Dance,United States,2018,TV-PG,99 min,Dramas,1
s6654,Movie,Dukhtar,"Pakistan, Norway, United States",2014,TV-14,93 min,"Dramas, Independent Movies, International Movies",17
s6655,Movie,Dum,India,2003,TV-14,162 min,"Action & Adventure, Dramas, International Movies",5
s6656,Movie,Dumb and Dumberer: When Harry Met Lloyd,United States,2003,PG-13,85 min,Comedies,3
s6657,Movie,E-Cigarettes: Miracle or Menace?,United Kingdom,2016,TV-14,52 min,Documentaries,16
s6658,Movie,Earth to Echo,United States,2014,PG,91 min,"Children & Family Movies, Sci-Fi & Fantasy",12
s6662,Movie,East Side Sushi,United States,2015,PG,106 min,Dramas,10
s6663,Movie,Easy A,United States,2010,PG-13,92 min,"Comedies, Romantic Movies",2
s6665,Movie,Eat Pray Love,United States,2010,PG-13,140 min,"Dramas, Romantic Movies",2
s6666,Movie,Eddie Murphy: Delirious,United States,1983,TV-MA,69 min,Stand-Up Comedy,18
s6667,Movie,Eeda,India,2018,TV-14,153 min,"Dramas, International Movies, Romantic Movies",19
s6668,Movie,Eh Janam Tumhare Lekhe,India,2015,TV-14,124 min,"Dramas, International Movies",19
s6669,Movie,Ek Cup Chya,India,2009,TV-PG,120 min,"Dramas, Independent Movies, International Movies",0
s6670,Movie,Ek Hasina Thi,India,2004,TV-MA,134 min,"Dramas, International Movies, Thrillers",6
s6671,Movie,El último testigo,"United States, Canada, Belgium, United Kingdom",2012,R,105 min,Action & Adventure,14
s6676,Movie,El Che,Venezuela,2017,TV-14,119 min,"Documentaries, International Movies",17
s6678,Movie,El fin de ETA,Spain,2017,TV-14,106 min,"Documentaries, International Movies",17
s6680,Movie,El Viaje: Márama y Rombai,Unknown,2016,TV-PG,79 min,"Children & Family Movies, Documentaries, International Movies",0
s6681,Movie,Elephants Dream 4 Hour,Netherlands,2006,TV-MA,196 min,"International Movies, Sci-Fi & Fantasy",5
s6682,Movie,Elizabeth at 90: A Family Tribute,United Kingdom,2016,TV-G,90 min,Documentaries,11
s6683,Movie,Elizabeth Harvest,United States,2019,R,109 min,"Dramas, Sci-Fi & Fantasy",10
s6684,Movie,Elles étaient en guerre (1914-1918),France,2014,TV-14,93 min,"Documentaries, International Movies",17
s6685,Movie,Elles étaient en guerre 1939-1945,Unknown,2015,TV-MA,92 min,"Documentaries, International Movies",15
s6686,Movie,Elles ont toutes une histoire,Unknown,2016,TV-PG,49 min,"Documentaries, International Movies",16
s6687,Movie,Elstree 1976,United Kingdom,2015,TV-PG,102 min,Documentaries,11
s6688,Movie,Emelie,United States,2016,TV-MA,82 min,"Horror Movies, Thrillers",1
s6689,Movie,Emma' (Mother),Indonesia,2016,TV-PG,74 min,"Dramas, International Movies",0
s6690,Movie,Emo the Musical,Australia,2016,TV-MA,94 min,"Dramas, International Movies, Music & Musicals",4
s6692,Movie,Empire of Scents,"Canada, France, Italy, Morocco, United States",2014,TV-14,87 min,"Documentaries, International Movies",11
s6693,Movie,Employee of the Month,United States,2006,PG-13,108 min,"Comedies, Romantic Movies",2
s6695,Movie,Encounter: The Killing,India,2002,TV-14,151 min,"Dramas, Independent Movies, International Movies",5
s6697,Movie,End of Watch,United States,2012,R,109 min,Action & Adventure,14
s6699,Movie,Enemy,"Canada, Spain, France",2013,R,91 min,"Independent Movies, Thrillers",14
s6700,Movie,Enlighten Us,United States,2016,TV-14,93 min,Documentaries,11
s6701,Movie,Entanglement,Canada,2018,TV-MA,85 min,"Dramas, Independent Movies, Romantic Movies",1
s6702,Movie,Enter the Dragon,"Hong Kong, United States",1973,R,103 min,"Action & Adventure, Classic Movies",13
s6703,Movie,Equals,"United States, Indonesia",2015,PG-13,102 min,"Dramas, Romantic Movies, Sci-Fi & Fantasy",2
s6704,Movie,Equilibrium,United States,2002,R,107 min,"Action & Adventure, Dramas, Sci-Fi & Fantasy",3
s6705,Movie,"Escape from the ""Liberty"" Cinema",Poland,1990,TV-MA,88 min,"Comedies, Dramas, Independent Movies",18
s6706,Movie,Esperando La Carroza,Argentina,1985,NR,95 min,"Comedies, Cult Movies, International Movies",18
s6707,Movie,Estar o no estar,Mexico,2016,TV-14,100 min,"Dramas, International Movies, Romantic Movies",17
s6708,Movie,Ethirmarai,India,2018,TV-14,91 min,"International Movies, Music & Musicals, Thrillers",17
s6709,Movie,Euphoria,Italy,2018,R,110 min,"Dramas, International Movies, LGBTQ Movies",10
s6711,Movie,Evan Almighty,United States,2007,PG,96 min,"Children & Family Movies, Comedies, Faith & Spirituality",12
s6712,Movie,Event Horizon,"United Kingdom, United States",1997,R,96 min,"Horror Movies, Sci-Fi & Fantasy",3
s6713,Movie,Every Time I Die,United States,2019,TV-MA,98 min,"Dramas, Independent Movies, Thrillers",1
s6714,Movie,Everybody Knows,"Spain, France, Italy",2019,R,133 min,"Dramas, International Movies, Thrillers",6
s6716,Movie,Evolution,United States,2001,PG-13,102 min,"Comedies, Sci-Fi & Fantasy",3
s6717,Movie,Ex Machina,United Kingdom,2015,R,108 min,"Dramas, Independent Movies, International Movies",10
s6720,Movie,Executive Decision,United States,1996,R,133 min,Action & Adventure,3
s6721,Movie,Exit Afghanistan,Norway,2013,TV-MA,58 min,"Documentaries, International Movies",16
s6722,Movie,Exit Strategy,United States,2012,NR,79 min,"Comedies, Romantic Movies",12
s6723,Movie,Exit Wounds,United States,2001,R,101 min,Action & Adventure,3
s6724,Movie,Expo,United States,2019,TV-14,81 min,"Action & Adventure, Dramas, Independent Movies",1
s6726,Movie,Eyyvah Eyyvah,Turkey,2010,TV-MA,99 min,"Comedies, International Movies",8
s6727,Movie,Eyyvah Eyyvah 2,Turkey,2011,TV-PG,106 min,"Comedies, International Movies, Romantic Movies",0
s6728,Movie,Eyyvah Eyyvah 3,Turkey,2014,TV-PG,103 min,"Comedies, International Movies",0
s6730,Movie,F the Prom,United States,2017,TV-MA,92 min,"Comedies, Romantic Movies",1
s6731,Movie,Face 2 Face,United States,2017,TV-MA,89 min,"Dramas, Independent Movies",1
s6734,Movie,Fakta Ladh Mhana,India,2011,TV-14,150 min,"Action & Adventure, Dramas, International Movies",19
s6735,Movie,Fall Girls,United States,2019,TV-14,80 min,Comedies,12
s6736,Movie,Fallen,United States,1998,R,124 min,Thrillers,3
s6737,Movie,Familiye,Germany,2017,TV-MA,99 min,"Dramas, Independent Movies, International Movies",4
s6738,Movie,Famous in Ahmedabad,India,2015,TV-14,29 min,"Documentaries, International Movies",16
s6739,Movie,Fanatic,United States,2019,TV-14,91 min,Thrillers,11
s6740,Movie,Fandry,India,2014,NR,102 min,"Dramas, Independent Movies, International Movies",4
s6741,Movie,Farce,Egypt,2017,TV-MA,94 min,"Comedies, International Movies",8
s6744,Movie,Fear and Loathing in Las Vegas,United States,1998,R,118 min,"Comedies, Cult Movies, Dramas",3
s6746,Movie,Feel Rich,United States,2017,TV-MA,70 min,Documentaries,11
s6747,Movie,Fiddler on the Roof,United States,1971,G,181 min,"Classic Movies, Dramas, Music & Musicals",13
s6748,Movie,Fifty,Nigeria,2015,NR,101 min,"Dramas, International Movies",4
s6749,Movie,Figaro Pho,United Kingdom,2008,TV-Y7,29 min,"Children & Family Movies, Comedies",9
s6750,Movie,Figures of Speech,United States,2016,TV-PG,92 min,Documentaries,11
s6752,Movie,Filmworker,United States,2017,TV-MA,94 min,Documentaries,11
s6753,Movie,Filosofi Kopi The Movie,Indonesia,2015,TV-PG,118 min,"Dramas, International Movies",0
s6754,Movie,Final Destination,United States,2000,R,98 min,"Cult Movies, Horror Movies, Thrillers",3
s6755,Movie,Final Destination 2,"United States, Canada",2003,R,90 min,"Horror Movies, Thrillers",14
s6756,Movie,Final Destination 3,"United States, Germany",2006,R,93 min,Horror Movies,14
s6757,Movie,Fire at Sea,"Italy, France",2016,TV-14,114 min,"Documentaries, International Movies",17
s6758,Movie,Fireflies,India,2013,TV-MA,99 min,"Dramas, Independent Movies, International Movies",4
s6759,Movie,First Impression,United States,2018,TV-14,96 min,"Comedies, Romantic Movies",17
s6760,Movie,First Kill,"United Kingdom, Canada, United States",2017,R,102 min,Action & Adventure,14
s6761,Movie,FirstBorn,United Kingdom,2016,TV-MA,90 min,"Horror Movies, International Movies",15
s6762,Movie,Fishpeople,Unknown,2017,TV-14,49 min,"Documentaries, Sports Movies",16
s6763,Movie,Fishtail,United States,2015,NR,61 min,Documentaries,16
s6765,Movie,Fittest in Dubai,United Arab Emirates,2019,TV-14,60 min,"Documentaries, International Movies, Sports Movies",16
s6766,Movie,Five Elements Ninjas,Hong Kong,1982,R,104 min,"Action & Adventure, International Movies",18
s6768,Movie,Flash of Genius,"Canada, United States",2008,PG-13,119 min,Dramas,2
s6769,Movie,Flimflam,Egypt,2016,TV-14,102 min,"Comedies, International Movies",17
s6770,Movie,Flock of Four,United States,2018,TV-MA,83 min,"Dramas, Independent Movies, Music & Musicals",1
s6772,Movie,Flying Guillotine 2,Hong Kong,1978,TV-MA,88 min,"Action & Adventure, International Movies",18
s6773,Movie,Follow Me,"United Arab Emirates, United States, United Kingdom",2017,TV-MA,86 min,"Documentaries, International Movies",11
s6776,Movie,Footprints: The Path of Your Life,Spain,2015,PG,90 min,"Documentaries, Faith & Spirituality, International Movies",15
s6777,Movie,For Colored Girls,United States,2010,R,134 min,Dramas,10
s6778,Movie,For Grace,United States,2015,TV-PG,92 min,Documentaries,11
s6779,Movie,For Greater Glory,Mexico,2012,R,145 min,"Dramas, International Movies",6
s6780,Movie,For Love or Money,United Kingdom,2019,TV-MA,95 min,Comedies,8
s6781,Movie,For the Birds,United States,2018,TV-MA,93 min,Documentaries,11
s6782,Movie,For the Love of Benji,United States,1977,G,84 min,Children & Family Movies,18
s6784,Movie,Forbidden Games: The Justin Fashanu Story,United Kingdom,2017,TV-14,81 min,"Documentaries, International Movies, LGBTQ Movies",17
s6785,Movie,Forbidden Planet,United States,1956,G,98 min,"Action & Adventure, Classic Movies, Sci-Fi & Fantasy",13
s6787,Movie,Forever Chape,Brazil,2018,TV-MA,74 min,"Documentaries, International Movies, Sports Movies",15
s6788,Movie,Forever Pure,"United Kingdom, Israel, Russia",2016,TV-MA,87 min,"Documentaries, International Movies, Sports Movies",15
s6790,Movie,Forks Over Knives,United States,2011,PG,96 min,Documentaries,11
s6791,Movie,Four Christmases,"Germany, United States",2008,PG-13,88 min,"Comedies, Romantic Movies",2
s6793,Movie,Four Weddings and a Funeral,United Kingdom,1994,R,118 min,"Classic Movies, Comedies, International Movies",3
s6794,Movie,Fracture,"United States, Germany",2007,R,113 min,"Dramas, Thrillers",10
s6795,Movie,Frances Ha,"United States, Brazil",2012,R,86 min,"Comedies, Dramas, Independent Movies",10
s6797,Movie,Freak Show,United States,2018,TV-MA,91 min,"Comedies, Dramas, Independent Movies",1
s6798,Movie,Fred Claus,United States,2007,PG,115 min,"Children & Family Movies, Comedies",12
s6799,Movie,Free Willy,"United States, France, Mexico",1993,PG,112 min,"Children & Family Movies, Dramas",3
s6800,Movie,Freeway: Crack in the System,"United States, Nicaragua",2015,R,103 min,Documentaries,14
s6801,Movie,Freezer's Campaign,Egypt,2016,TV-MA,116 min,"Comedies, International Movies",8
s6802,Movie,French Dirty,United States,2015,TV-MA,72 min,"Dramas, Independent Movies",1
s6803,Movie,Freshman Year,United States,2019,TV-PG,104 min,"Dramas, Faith & Spirituality",0
s6805,Movie,Friday the 13th,United States,2009,R,97 min,Horror Movies,14
s6806,Movie,Friend Request,Germany,2016,R,92 min,"Horror Movies, International Movies",14
s6808,Movie,From Japan to Egypt,Egypt,2017,TV-14,93 min,"Children & Family Movies, Comedies, Dramas",17
s6809,Movie,From Paris with Love,"France, United Kingdom, United States",2010,R,93 min,"Action & Adventure, International Movies",14
s6810,Movie,Froning: The Fittest Man in History,United States,2016,PG,99 min,"Documentaries, International Movies, Sports Movies",11
s6812,Movie,Frozen Planet: On Thin Ice,"United Kingdom, United States, Spain, Germany, Greece, Canada",2011,TV-PG,47 min,Movies,16
s6813,Movie,Frozen Planet: The Epic Journey,"United Kingdom, United States, Spain, Germany, Greece, Canada",2011,TV-PG,52 min,Movies,16
s6814,Movie,Frozen River,United States,2008,R,97 min,"Dramas, Independent Movies",10
s6815,Movie,Full Out,"Canada, United States",2015,TV-PG,88 min,"Children & Family Movies, Dramas, Sports Movies",12
s6816,Movie,Functional Fitness,United States,2016,TV-MA,106 min,Documentaries,11
s6817,Movie,Furie,Vietnam,2019,TV-MA,97 min,"Action & Adventure, Dramas, International Movies",4
s6818,Movie,Furthest Witness,"United States, United Kingdom",2017,TV-MA,88 min,"Dramas, Thrillers",1
s6819,Movie,G-Force,United States,2009,PG,88 min,"Children & Family Movies, Comedies",12
s6820,Movie,Gabriel and the Mountain,"Brazil, France",2017,TV-MA,132 min,"Dramas, Independent Movies, International Movies",6
s6822,Movie,Gagarin: First in Space,Russia,2013,TV-14,108 min,"Dramas, International Movies",17
s6824,Movie,Galih dan Ratna,Indonesia,2017,TV-PG,111 min,"Dramas, International Movies, Romantic Movies",0
s6827,Movie,Gangs of New York,"United States, Italy",2002,R,167 min,Dramas,5
s6829,Movie,Garuda Di Dadaku,Indonesia,2009,TV-PG,96 min,"Children & Family Movies, Dramas, Sports Movies",0
s6830,Movie,Garuda in My Heart 2,Indonesia,2011,TV-PG,95 min,"Children & Family Movies, Dramas, Sports Movies",0
s6831,Movie,Gehenna: Where Death Lives,"Japan, United States",2016,TV-MA,107 min,"Horror Movies, Thrillers",1
s6832,Movie,Gelo,India,2016,TV-MA,118 min,"Dramas, International Movies",6
s6833,Movie,Gemini,India,2018,TV-PG,130 min,Dramas,0
s6834,Movie,Gender Revolution: A Journey with Katie Couric,United States,2017,TV-PG,90 min,"Documentaries, LGBTQ Movies",11
s6838,Movie,George of the Jungle 2,"United States, Australia",2003,PG,87 min,"Children & Family Movies, Comedies",12
s6840,Movie,Get Him to the Greek,United States,2010,R,109 min,"Comedies, Music & Musicals",14
s6841,Movie,Get Santa,"United Kingdom, United States",2014,PG,103 min,"Children & Family Movies, Comedies",12
s6843,Movie,Get Smart,United States,2008,PG-13,110 min,"Action & Adventure, Comedies",2
s6844,Movie,Getting Played,United States,2005,PG-13,85 min,"Comedies, Romantic Movies",2
s6845,Movie,Ghayal,India,1990,TV-14,163 min,"Action & Adventure, Dramas, International Movies",5
s6846,Movie,Ghost House,"Thailand, United States",2017,TV-MA,100 min,Horror Movies,1
s6847,Movie,Ghost Pain,Japan,2013,TV-MA,58 min,"Action & Adventure, Anime Features, International Movies",15
s6848,Movie,Ghost Rider,"United States, Australia",2007,PG-13,110 min,"Action & Adventure, Sci-Fi & Fantasy",2
s6849,Movie,Ghost Tears,Japan,2014,TV-MA,58 min,"Action & Adventure, Anime Features, International Movies",15
s6851,Movie,Ghost Whispers,Japan,2013,TV-14,56 min,"Action & Adventure, Anime Features, International Movies",16
s6852,Movie,Ghulam-E-Musthafa,India,1997,TV-MA,161 min,"Action & Adventure, Dramas, International Movies",5
s6853,Movie,Gie,Indonesia,2005,TV-14,141 min,"Dramas, International Movies",19
s6854,Movie,Gigi,United States,1958,G,115 min,"Classic Movies, Comedies, Music & Musicals",13
s6855,Movie,Ginger & Rosa,"United Kingdom, Denmark, Canada, Croatia",2012,PG-13,90 min,"Dramas, Independent Movies",2
s6856,Movie,"Girl, Boy, Bakla, Tomboy",Philippines,2013,TV-14,103 min,"Comedies, International Movies",17
s6857,Movie,GLOW: The Story of the Gorgeous Ladies of Wrestling,United States,2012,NR,77 min,"Documentaries, Sports Movies",11
s6859,Movie,God Bless the Broken Road,United States,2018,PG,111 min,"Children & Family Movies, Dramas, Faith & Spirituality",12
s6860,Movie,God Knows Where I Am,United States,2016,TV-PG,103 min,Documentaries,11
s6861,Movie,God of War,"China, Hong Kong",2017,NR,129 min,"Action & Adventure, International Movies",6
s6862,Movie,God's Not Dead,United States,2014,PG,113 min,"Dramas, Faith & Spirituality",10
s6863,Movie,God's Not Dead: A Light in Darkness,United States,2018,PG,106 min,"Dramas, Faith & Spirituality",10
s6864,Movie,God's Own Country,United Kingdom,2017,TV-MA,105 min,"Dramas, Independent Movies, International Movies",4
s6865,Movie,Gol Maal,India,1979,TV-PG,137 min,"Classic Movies, Comedies, International Movies",13
s6866,Movie,Golden Time,Japan,2013,TV-Y,22 min,"International Movies, Sci-Fi & Fantasy",16
s6867,Movie,GoldenEye,"United Kingdom, United States",1995,PG-13,130 min,Action & Adventure,3
s6868,Movie,Goldie,United States,2019,TV-MA,89 min,Dramas,1
s6870,Movie,Goldstone,Australia,2016,R,110 min,Thrillers,14
s6871,Movie,Golmaal: Fun Unlimited,India,2006,TV-14,148 min,"Comedies, International Movies",19
s6873,Movie,Gone are the Days,United States,2018,R,100 min,Independent Movies,14
s6875,Movie,Good Kids,United States,2016,R,90 min,"Comedies, Independent Movies",14
s6876,Movie,Good Kill,United States,2014,R,103 min,Dramas,10
s6877,Movie,Good Kisser,United States,2019,TV-MA,75 min,"Comedies, Dramas, Independent Movies",1
s6878,Movie,Good Luck,Egypt,2012,TV-MA,99 min,"Dramas, International Movies",4
s6879,Movie,"Good Night, and Good Luck","United States, France, United Kingdom, Japan",2005,PG,93 min,Dramas,3
s6880,Movie,Good People,"United States, United Kingdom, Denmark, Sweden",2014,R,90 min,"Action & Adventure, Thrillers",14
s6881,Movie,GoodFellas,United States,1990,R,145 min,"Classic Movies, Dramas",3
s6882,Movie,Gook,United States,2017,TV-MA,95 min,"Dramas, Independent Movies",1
s6883,Movie,Goon,"United States, Canada",2011,R,92 min,"Comedies, Sports Movies",14
s6884,Movie,Goosebumps 2: Haunted Halloween,"United States, United Kingdom",2018,PG,90 min,"Children & Family Movies, Comedies",12
s6885,Movie,Gosford Park,"United States, United Kingdom, Italy",2001,R,137 min,"Comedies, Dramas, International Movies",3
s6887,Movie,Gothika,"United States, France, Canada, Spain",2003,R,98 min,"Horror Movies, Thrillers",14
s6888,Movie,Gour Hari Dastaan: The Freedom File,India,2015,TV-14,109 min,"Dramas, Independent Movies, International Movies",19
s6889,Movie,Gran Torino,"Germany, United States",2008,R,117 min,Dramas,10
s6892,Movie,Grand Masti,India,2013,TV-MA,93 min,"Comedies, International Movies, Music & Musicals",8
s6893,Movie,Grass,United States,2017,TV-MA,57 min,"Comedies, Independent Movies",1
s6894,Movie,Grease,United States,1978,PG,110 min,"Classic Movies, Comedies, Music & Musicals",13
s6897,Movie,Green Room,United States,2015,R,95 min,"Horror Movies, Thrillers",14
s6898,Movie,Green White Green (And All the Beautiful Colours in My Mosaic of Madness),Nigeria,2016,TV-MA,102 min,"Comedies, Independent Movies, International Movies",8
s6899,Movie,Gringo: The Dangerous Life of John McAfee,United States,2016,TV-MA,97 min,Documentaries,11
s6900,Movie,Growing Up Coy,United States,2016,TV-PG,82 min,"Documentaries, LGBTQ Movies",11
s6901,Movie,Gun Runners,Canada,2015,TV-PG,90 min,"Documentaries, International Movies, Sports Movies",0
s6903,Movie,Guy Martin: Last Flight of the Vulcan Bomber,United Kingdom,2015,TV-G,57 min,"Documentaries, International Movies",16
s6904,Movie,Héroes,Chile,2015,TV-MA,91 min,"Comedies, International Movies",8
s6905,Movie,Hükümet Kadin,Turkey,2013,TV-MA,100 min,"Comedies, International Movies",8
s6906,Movie,Hükümet Kadin 2,Turkey,2013,TV-14,101 min,"Comedies, International Movies",17
s6908,Movie,Haapus,India,2010,TV-14,138 min,"Comedies, Dramas, International Movies",19
s6909,Movie,Hadi İnşallah,Turkey,2014,TV-14,95 min,"Comedies, International Movies, Romantic Movies",17
s6910,Movie,Hairspray,"United States, United Kingdom, Canada",2007,PG,116 min,"Children & Family Movies, Comedies, Music & Musicals",12
s6911,Movie,HALO Legends,"United States, Japan",2009,PG-13,117 min,"Action & Adventure, Anime Features, Sci-Fi & Fantasy",2
s6912,Movie,Halo: The Fall of Reach,United States,2015,TV-14,65 min,"Action & Adventure, Sci-Fi & Fantasy",16
s6913,Movie,Hamara Dil Aapke Paas Hai,India,2000,TV-14,158 min,"Dramas, International Movies, Music & Musicals",5
s6914,Movie,Hamburger Hill,United States,1987,R,110 min,"Action & Adventure, Dramas",18
s6915,Movie,Hamza's Suitcase,Egypt,2017,TV-14,79 min,"Comedies, International Movies",17
s6916,Movie,Hangman,United States,2017,R,99 min,Thrillers,14
s6917,Movie,Hank: Five Years from the Brink,United States,2013,TV-14,86 min,Documentaries,11
s6919,Movie,Hans Zimmer: Live in Prague,United Kingdom,2017,TV-G,138 min,"International Movies, Music & Musicals",6
s6921,Movie,Happy Hunting,United States,2017,TV-MA,91 min,"Horror Movies, Independent Movies",1
s6922,Movie,Happy Times,Mexico,2014,NR,79 min,"Comedies, International Movies, Romantic Movies",8
s6925,Movie,Hard Tide,United Kingdom,2015,TV-MA,79 min,"Dramas, Independent Movies",1
s6926,Movie,Hardcore Henry,"Russia, United States, China",2015,R,96 min,"Action & Adventure, International Movies, Sci-Fi & Fantasy",14
s6927,Movie,Harlem Globetrotters: The Team That Changed the World,Unknown,2005,TV-14,55 min,"Documentaries, Sports Movies",16
s6928,Movie,Harold & Kumar Escape from Guantanamo Bay,United States,2008,R,101 min,"Comedies, Cult Movies",14
s6929,Movie,Harold & Kumar Go to White Castle,"United States, Canada, Germany",2004,R,88 min,"Comedies, Cult Movies",3
s6930,Movie,Harold and Lillian: A Hollywood Love Story,United States,2015,TV-14,95 min,Documentaries,11
s6932,Movie,Harriet the Spy: Blog Wars,"United States, Canada",2010,TV-G,87 min,"Children & Family Movies, Comedies",12
s6934,Movie,Harry and Snowman,United States,2015,TV-PG,83 min,"Documentaries, Sports Movies",11
s6935,Movie,Harry Benson: Shoot First,United States,2016,NR,90 min,Documentaries,11
s6937,Movie,Haseena Maan Jaayegi,India,1999,TV-PG,151 min,"Action & Adventure, Comedies, Dramas",5
s6939,Movie,Haunters: The Art of the Scare,United States,2017,TV-MA,89 min,"Documentaries, Horror Movies",11
s6940,Movie,Haunting on Fraternity Row,United States,2018,TV-MA,99 min,"Horror Movies, Independent Movies",1
s6941,Movie,Have You Seen the Listers?,Australia,2017,TV-MA,86 min,"Documentaries, International Movies",15
s6943,Movie,Havenhurst,United States,2016,TV-MA,85 min,"Horror Movies, Thrillers",1
s6944,Movie,Haywire,"Ireland, United States",2011,R,93 min,Action & Adventure,14
s6945,Movie,He Named Me Malala,"United States, United Arab Emirates",2015,PG-13,89 min,Documentaries,11
s6946,Movie,He's Out There,United States,2018,R,89 min,"Horror Movies, Thrillers",14
s6947,Movie,Head Count,United States,2018,TV-MA,90 min,"Horror Movies, Independent Movies",1
s6948,Movie,Head On,Australia,1998,TV-MA,104 min,"Dramas, Independent Movies, LGBTQ Movies",3
s6949,Movie,Heal,United States,2017,TV-14,107 min,Documentaries,11
s6950,Movie,Heartbreakers,United States,2001,PG-13,124 min,"Comedies, Romantic Movies",3
s6951,Movie,Heartthrob,United States,2017,TV-MA,87 min,Thrillers,1
s6953,Movie,Hedgehogs,"United States, China",2016,PG,94 min,Children & Family Movies,12
s6955,Movie,Hell and Back,United States,2015,R,86 min,"Action & Adventure, Comedies, Independent Movies",14
s6957,Movie,Hell or High Water,United States,2016,R,102 min,"Dramas, Independent Movies",10
s6958,Movie,Hellboy,United States,2004,PG-13,122 min,"Action & Adventure, Cult Movies, Sci-Fi & Fantasy",2
s6959,Movie,Her,United States,2013,R,126 min,"Dramas, Romantic Movies, Sci-Fi & Fantasy",10
s6960,Movie,Her Only Choice,United States,2018,TV-14,87 min,Dramas,1
s6961,Movie,Hera Pheri,India,1976,TV-14,156 min,"Action & Adventure, Comedies, Dramas",13
s6962,Movie,Here Alone,United States,2016,TV-MA,97 min,Horror Movies,1
s6963,Movie,Hero,"Hong Kong, China",1997,TV-MA,89 min,"Action & Adventure, International Movies",18
s6965,Movie,Hickok,United States,2017,TV-MA,88 min,Action & Adventure,1
s6967,Movie,Hide & Seek,India,2010,TV-14,96 min,"Horror Movies, International Movies, Thrillers",17
s6968,Movie,Hide and Seek,China,2016,TV-14,104 min,"International Movies, Thrillers",17
s6969,Movie,Highly Strung,Australia,2015,TV-14,80 min,"Documentaries, International Movies, Music & Musicals",17
s6973,Movie,Hiroshima: The Real History,United Kingdom,2015,TV-PG,95 min,Documentaries,11
s6974,Movie,Hisss,"India, United States",2010,TV-MA,97 min,"Horror Movies, International Movies, Thrillers",15
s6976,Movie,History of Joy,India,2017,TV-14,118 min,"Dramas, International Movies",19
s6978,Movie,Hitch,United States,2005,PG-13,118 min,"Comedies, Romantic Movies",2
s6979,Movie,Hitler's Olympics,United Kingdom,2016,TV-PG,44 min,"Documentaries, Sports Movies",16
s6980,Movie,Hitler's Steel Beast,France,2017,TV-14,54 min,"Documentaries, International Movies",16
s6981,Movie,Ho Mann Jahaan,Pakistan,2015,TV-PG,170 min,"Dramas, International Movies, Romantic Movies",6
s6983,Movie,Hokkabaz,Turkey,2006,TV-MA,118 min,"Comedies, Dramas, International Movies",8
s6984,Movie,Holding the Man,Australia,2015,TV-MA,128 min,"Dramas, International Movies, LGBTQ Movies",6
s6985,Movie,Holidays,"United States, Ireland",2016,TV-MA,106 min,"Comedies, Horror Movies",1
s6986,Movie,Holy Hell,United States,2016,NR,103 min,Documentaries,11
s6987,Movie,Holy Man 2,Thailand,2008,TV-14,92 min,"Comedies, Faith & Spirituality, International Movies",17
s6988,Movie,Holy Man 3,Thailand,2010,TV-MA,102 min,"Comedies, Faith & Spirituality, International Movies",8
s6989,Movie,Hombanna,India,2017,TV-14,126 min,"Dramas, International Movies",19
s6990,Movie,Homeland,Unknown,2019,TV-PG,73 min,"Dramas, Independent Movies, International Movies",0
s6991,Movie,Honey 2,United States,2011,PG-13,111 min,"Dramas, Romantic Movies",2
s6992,Movie,Honey: Rise Up and Dance,United States,2018,PG-13,100 min,Dramas,2
s6993,Movie,Hoodwinked Too! Hood vs. Evil,United States,2011,PG,86 min,"Children & Family Movies, Comedies",12
s6994,Movie,Hope Aur Hum,India,2018,TV-14,95 min,"Children & Family Movies, Comedies, Dramas",17
s6995,Movie,Hope Springs Eternal,United States,2018,PG,79 min,Dramas,1
s6996,Movie,Hope: One in a Billion,"United States, South Africa",2017,TV-14,81 min,"Documentaries, International Movies, Sports Movies",11
s6998,Movie,Horns,"United States, Canada",2013,R,120 min,"Dramas, Horror Movies, Sci-Fi & Fantasy",10
s7000,Movie,Horror Story,India,2013,TV-14,85 min,"Horror Movies, International Movies",17
s7001,Movie,Hostage to the Devil,"Ireland, United Kingdom, Italy, United States",2016,TV-14,96 min,"Documentaries, International Movies",11
s7002,Movie,Hostages,Unknown,2017,TV-PG,91 min,"Documentaries, International Movies",0
s7003,Movie,Hostiles,United States,2017,R,134 min,Dramas,10
s7004,Movie,Hot Bot,United States,2016,NR,93 min,Comedies,12
s7005,Movie,Hot Property,United Kingdom,2016,TV-MA,82 min,"Comedies, Independent Movies",1
s7006,Movie,Hot Rod,United States,2007,PG-13,88 min,"Comedies, Sports Movies",2
s7008,Movie,Hotel Pacific,"Poland,",1975,TV-MA,96 min,"Classic Movies, Dramas, International Movies",13
s7009,Movie,Hotel Transylvania 3: Summer Vacation,United States,2018,PG,97 min,"Children & Family Movies, Comedies",12
s7010,Movie,House at the End of the Street,"United States, Canada",2012,PG-13,101 min,"Horror Movies, Thrillers",2
s7011,Movie,House of Z,"United States, Canada",2016,TV-14,88 min,Documentaries,11
s7012,Movie,"Houston, We Have a Problem!","Slovenia, Croatia, Germany, Czech Republic, Qatar",2016,TV-14,84 min,"Comedies, Independent Movies, International Movies",17
s7013,Movie,How the Beatles Changed the World,"United States, United Kingdom",2017,TV-PG,110 min,"Documentaries, Music & Musicals",11
s7014,Movie,How the Grinch Stole Christmas,United States,2000,PG,105 min,"Children & Family Movies, Comedies",3
s7015,Movie,How to Be a Latin Lover,"Mexico, United States",2017,PG-13,116 min,Comedies,2
s7016,Movie,How to Be a Player,United States,1997,R,94 min,Comedies,3
s7017,Movie,How to Change the World,"Canada, United Kingdom, Netherlands",2015,NR,110 min,"Documentaries, International Movies",15
s7019,Movie,How to Make an American Quilt,United States,1995,PG-13,116 min,"Dramas, Romantic Movies",3
s7020,Movie,How to Win the US Presidency,United States,2016,TV-PG,51 min,Documentaries,16
s7021,Movie,Hridaynath,India,2012,TV-14,103 min,"Dramas, International Movies",19
s7022,Movie,Hulk Vs.,United States,2009,PG-13,83 min,"Action & Adventure, Sci-Fi & Fantasy",2
s7023,Movie,Hum Saath-Saath Hain,India,1999,TV-G,176 min,"Dramas, International Movies, Music & Musicals",5
s7024,Movie,Humko Deewana Kar Gaye,India,2006,TV-PG,149 min,"International Movies, Music & Musicals, Romantic Movies",5
s7026,Movie,Hungerford,United Kingdom,2014,TV-MA,79 min,"Horror Movies, Independent Movies, International Movies",15
s7027,Movie,Hunt to Kill,Canada,2010,R,97 min,Action & Adventure,14
s7028,Movie,Hunter's Prayer,"United States, Spain, Germany",2015,R,91 min,"Action & Adventure, Independent Movies",14
s7031,Movie,Hurricane Bianca,United States,2016,TV-MA,85 min,"Comedies, Independent Movies, LGBTQ Movies",1
s7032,Movie,Hurricane Bianca: From Russia With Hate,United States,2018,TV-MA,85 min,"Comedies, Independent Movies, LGBTQ Movies",1
s7033,Movie,Hustle & Flow,United States,2005,R,117 min,"Dramas, Independent Movies, Music & Musicals",10
s7035,Movie,Hypersomnia,Argentina,2016,TV-MA,84 min,"Horror Movies, International Movies, Thrillers",15
s7036,Movie,I Am,"India, Japan",2010,TV-MA,106 min,"Dramas, Independent Movies, International Movies",4
s7037,Movie,I Am Bolt,United Kingdom,2016,PG,107 min,"Documentaries, Sports Movies",11
s7038,Movie,I Am Jane Doe,United States,2017,TV-14,98 min,Documentaries,11
s7039,Movie,I Am Maris,United States,2018,TV-14,54 min,Documentaries,16
s7041,Movie,I Am Not Madame Bovary,China,2016,TV-14,139 min,"Comedies, Dramas, International Movies",19
s7042,Movie,I Am Sun Mu,"China, South Korea, United States",2015,NR,88 min,"Documentaries, International Movies",11
s7043,Movie,I Am Vengeance,United Kingdom,2018,R,93 min,Action & Adventure,14
s7044,Movie,I Am Wrath,United States,2016,R,91 min,"Action & Adventure, Dramas",14
s7045,Movie,I Don't Know How She Does It,United States,2011,PG-13,89 min,Comedies,2
s7046,Movie,I Dream Of Dance,Unknown,2017,TV-14,106 min,"Children & Family Movies, Documentaries",11
s7047,Movie,I Fine... Thank You... Love You,Thailand,2014,TV-14,116 min,"Comedies, International Movies, Romantic Movies",17
s7048,Movie,"I, Daniel Blake","United Kingdom, France, Belgium",2016,R,100 min,"Dramas, Independent Movies",10
s7049,Movie,I'll See You in My Dreams,United States,2015,PG-13,96 min,"Comedies, Dramas, Independent Movies",2
s7050,Movie,I'm in Love with a Church Girl,United States,2013,PG,119 min,"Dramas, Faith & Spirituality, Romantic Movies",10
s7052,Movie,Ice Guardians,"Canada, Ireland, United States",2016,TV-MA,108 min,"Documentaries, International Movies, Sports Movies",11
s7053,Movie,Iceman,"China, Hong Kong",2014,R,104 min,"Action & Adventure, International Movies, Sci-Fi & Fantasy",14
s7054,Movie,Ideachi Kalpana,India,2010,TV-14,124 min,"Comedies, International Movies, Romantic Movies",19
s7056,Movie,Igor,"United States, France",2008,PG,87 min,Children & Family Movies,12
s7057,Movie,Iliza Shlesinger: War Paint,United States,2013,NR,75 min,Stand-Up Comedy,7
s7058,Movie,Imagine That,"United States, Germany",2009,PG,108 min,"Children & Family Movies, Comedies, Sci-Fi & Fantasy",12
s7059,Movie,Immoral Tales,France,1974,UR,103 min,"Dramas, International Movies, Romantic Movies",13
s7061,Movie,In Search of Fellini,United States,2017,R,103 min,"Action & Adventure, Dramas",10
s7062,Movie,In The Deep,"United Kingdom, United States, Dominican Republic",2017,PG-13,89 min,"Horror Movies, International Movies, Thrillers",2
s7063,Movie,Incir Receli 2,Turkey,2014,TV-14,103 min,"Dramas, International Movies, Romantic Movies",17
s7064,Movie,Incoming,"Serbia, United States",2019,TV-MA,89 min,"Action & Adventure, Sci-Fi & Fantasy",1
s7065,Movie,Incomplete,India,2017,TV-MA,119 min,"Dramas, International Movies, Romantic Movies",6
s7066,Movie,Inconceivable,"United Kingdom, United States",2017,R,106 min,Thrillers,14
s7067,Movie,Incorruptible,"United States, Senegal",2015,TV-MA,90 min,Documentaries,11
s7068,Movie,Incredibles 2 (Spanish Version),United States,2018,PG,118 min,"Children & Family Movies, Comedies",12
s7069,Movie,INDIA,India,2014,NR,95 min,"Dramas, Independent Movies, International Movies",4
s7071,Movie,Indiana Jones and the Kingdom of the Crystal Skull,United States,2008,PG-13,123 min,"Action & Adventure, Children & Family Movies, Sci-Fi & Fantasy",2
s7072,Movie,Indiana Jones and the Last Crusade,United States,1989,PG-13,127 min,"Action & Adventure, Children & Family Movies, Classic Movies",3
s7073,Movie,Indiana Jones and the Raiders of the Lost Ark,United States,1981,PG,116 min,"Action & Adventure, Children & Family Movies, Classic Movies",18
s7074,Movie,Indiana Jones and the Temple of Doom,United States,1984,PG,119 min,"Action & Adventure, Children & Family Movies, Classic Movies",18
s7075,Movie,Indiscretion,United States,2016,TV-MA,99 min,"Dramas, Thrillers",1
s7076,Movie,Inequality for All,United States,2013,PG,90 min,Documentaries,11
s7077,Movie,Influx,United Kingdom,2016,TV-PG,90 min,"Documentaries, International Movies",0
s7078,Movie,Inglourious Basterds,"Germany, United States",2009,R,153 min,Action & Adventure,10
s7079,Movie,Inkheart,"Germany, United Kingdom, United States",2008,PG,106 min,"Action & Adventure, Children & Family Movies, Sci-Fi & Fantasy",12
s7080,Movie,Insan,India,2005,TV-14,141 min,"Action & Adventure, Dramas, International Movies",19
s7085,Movie,Instructions Not Included,Mexico,2013,PG-13,122 min,"Comedies, Dramas, International Movies",2
s7087,Movie,Internet Famous,United States,2016,TV-14,87 min,Comedies,12
s7088,Movie,Into the Forest,Canada,2015,R,102 min,"Dramas, International Movies, Sci-Fi & Fantasy",10
s7089,Movie,Inuyasha the Movie - L'isola del fuoco scarlatto,Japan,2004,TV-PG,88 min,"Action & Adventure, Anime Features, International Movies",0
s7090,Movie,Inuyasha the Movie - La spada del dominatore del mondo,Japan,2003,TV-14,99 min,"Action & Adventure, Anime Features, International Movies",17
s7091,Movie,InuYasha: The Movie 2: The Castle Beyond the Looking Glass,Japan,2002,TV-14,99 min,"Action & Adventure, Anime Features, International Movies",17
s7092,Movie,Invictus,United States,2009,PG-13,134 min,"Dramas, Sports Movies",2
s7093,Movie,Invisible Essence: The Little Prince,Canada,2018,TV-PG,91 min,Documentaries,11
s7094,Movie,Inxeba,"South Africa, Germany, Netherlands, France",2017,TV-MA,88 min,"Dramas, Independent Movies, International Movies",4
s7095,Movie,Iqbal,India,2006,TV-Y7,127 min,"Dramas, Independent Movies, International Movies",19
s7096,Movie,Irada Pakka,India,2010,TV-14,137 min,"Comedies, Dramas, International Movies",19
s7097,Movie,Iron Cowboy: The Story of the 50.50.50,United States,2018,TV-14,77 min,"Documentaries, Sports Movies",11
s7098,Movie,Iron Man & Captain America: Heroes United,United States,2014,PG,71 min,"Children & Family Movies, Sci-Fi & Fantasy",12
s7100,Movie,Ishqedarriyaan,India,2015,TV-14,130 min,"Dramas, International Movies, Romantic Movies",19
s7103,Movie,Issaq,India,2013,TV-MA,140 min,"Dramas, International Movies, Music & Musicals",6
s7104,Movie,It Takes Two,United States,1995,PG,101 min,"Children & Family Movies, Comedies",3
s7105,Movie,It's Fine,Unknown,2012,TV-14,101 min,"Comedies, International Movies, Music & Musicals",17
s7106,Movie,It's Now or Never,Spain,2015,TV-MA,91 min,"Comedies, International Movies, Romantic Movies",8
s7107,Movie,"It's Okay, Buddy",Egypt,2017,TV-14,84 min,"Comedies, International Movies, Music & Musicals",17
s7108,Movie,Iverson,United States,2014,NR,88 min,"Documentaries, Sports Movies",11
s7109,Movie,최강전사 미니특공대 : 영웅의 탄생,Unknown,2018,TV-Y7,68 min,Children & Family Movies,9
s7110,Movie,Jaan-E-Mann: Let's Fall in Love... Again,India,2006,TV-14,163 min,"Dramas, International Movies, Romantic Movies",5
s7111,Movie,Jack and the Cuckoo-Clock Heart,"France, Belgium",2013,PG,93 min,"Children & Family Movies, Music & Musicals",12
s7112,Movie,Jack of all Trades,Canada,2018,TV-MA,86 min,"Documentaries, Sports Movies",11
s7114,Movie,Jackie Brown,United States,1997,R,154 min,"Dramas, Thrillers",3
s7115,Movie,Jackpot,Vietnam,2015,TV-14,92 min,"Comedies, Dramas, International Movies",17
s7116,Movie,Jail,India,2009,TV-14,132 min,"Dramas, International Movies",19
s7117,Movie,Jake's Buccaneer Blast,Unknown,2014,TV-Y,22 min,Movies,16
s7118,Movie,Jal,India,2013,TV-14,132 min,"Dramas, Independent Movies, International Movies",19
s7119,Movie,Jalpari: The Desert Mermaid,India,2012,TV-14,94 min,"Dramas, Independent Movies, International Movies",17
s7120,Movie,Janaan,Pakistan,2016,TV-14,132 min,"Comedies, Dramas, International Movies",19
s7122,Movie,Jay and Silent Bob Strike Back,United States,2001,R,105 min,"Comedies, Cult Movies",3
s7123,Movie,Jealousy and medicine,Poland,1973,TV-MA,97 min,"Dramas, International Movies, Romantic Movies",13
s7125,Movie,Jeremy Scott: The People's Designer,United States,2015,PG-13,109 min,Documentaries,2
s7127,Movie,Jersey Boys,United States,2014,R,134 min,"Dramas, Music & Musicals",10
s7128,Movie,Jesus: Countdown to Calvary,"Ireland, United States, France",2018,TV-14,53 min,"Documentaries, Faith & Spirituality",16
s7129,Movie,Jewel's Catch One,United States,2016,TV-MA,84 min,"Documentaries, LGBTQ Movies",11
s7131,Movie,Jimi Hendrix,United States,1973,R,102 min,"Documentaries, Music & Musicals",13
s7133,Movie,Jiro Dreams of Sushi,United States,2011,PG,79 min,Documentaries,11
s7134,Movie,Jis Desh Men Ganga Behti Hai,Unknown,1960,TV-14,181 min,"Action & Adventure, Dramas, International Movies",13
s7135,Movie,Joe Cocker: Mad Dog with Soul,United Kingdom,2017,TV-14,90 min,"Documentaries, International Movies, Music & Musicals",17
s7136,Movie,John & Jane,India,2005,TV-14,79 min,"Documentaries, International Movies",17
s7137,Movie,John Carter,United States,2012,PG-13,133 min,"Action & Adventure, Sci-Fi & Fantasy",2
s7138,Movie,John Day,India,2013,TV-MA,125 min,"International Movies, Thrillers",6
s7139,Movie,John Mellencamp: Plain Spoken,Unknown,2017,TV-MA,80 min,"Documentaries, Music & Musicals",11
s7140,Movie,Jonathan,United States,2018,TV-MA,101 min,"Dramas, Independent Movies, Sci-Fi & Fantasy",1
s7142,Movie,Jora 10 Numbaria,India,2017,TV-MA,135 min,"Action & Adventure, International Movies",6
s7145,Movie,Judwaa,India,1997,TV-14,133 min,"Comedies, International Movies, Romantic Movies",5
s7146,Movie,Judy Moody and the Not Bummer Summer,United States,2011,PG,91 min,"Children & Family Movies, Comedies",12
s7147,Movie,Jugaad,Unknown,2017,TV-14,52 min,Documentaries,16
s7148,Movie,Julie & Julia,United States,2009,PG-13,123 min,"Comedies, Dramas",2
s7150,Movie,Jumping the Broom,United States,2011,PG-13,113 min,"Comedies, Romantic Movies",2
s7151,Movie,Junebug,United States,2005,R,107 min,"Comedies, Dramas, Independent Movies",10
s7152,Movie,Jupiter Ascending,"United States, Australia",2015,PG-13,128 min,"Action & Adventure, Sci-Fi & Fantasy",2
s7153,Movie,Just Friends,"Germany, United States, Canada",2005,PG-13,94 min,"Comedies, Romantic Movies",2
s7154,Movie,"Justice, My Foot!",Hong Kong,1992,TV-14,95 min,"Action & Adventure, Comedies, International Movies",18
s7155,Movie,Justin Bieber: Never Say Never,United States,2011,G,106 min,"Documentaries, Music & Musicals",11
s7157,Movie,K-19: The Widowmaker,"United Kingdom, Germany, Canada, United States",2002,PG-13,138 min,"Action & Adventure, Dramas",3
s7159,Movie,Kaabil,India,2017,TV-14,139 min,"Dramas, International Movies",19
s7160,Movie,Kaakan,India,2015,TV-PG,132 min,"Dramas, International Movies, Romantic Movies",0
s7161,Movie,Kaalia,India,1981,TV-14,173 min,"Action & Adventure, Dramas, International Movies",5
s7162,Movie,Kaaliyan,India,2017,TV-PG,105 min,"Dramas, International Movies",0
s7163,Movie,Kabali (Hindi Version),India,2016,TV-MA,148 min,"Action & Adventure, Dramas, International Movies",6
s7164,Movie,Kacche Dhaagey,India,2016,TV-14,120 min,"Dramas, International Movies, Romantic Movies",19
s7165,Movie,Kahlil Gibran's The Prophet,"United States, France, Canada, Lebanon, Qatar",2014,PG,85 min,"Children & Family Movies, Dramas",12
s7166,Movie,Kajraare,India,2010,TV-14,113 min,"Dramas, International Movies, Music & Musicals",19
s7167,Movie,Kaleidoscope,United Kingdom,2016,TV-MA,99 min,Thrillers,15
s7168,Movie,Kalki,India,2017,TV-14,41 min,"Dramas, Independent Movies, International Movies",16
s7169,Movie,Kanika,India,2017,TV-14,110 min,"Horror Movies, International Movies, Thrillers",17
s7170,Movie,Karzzzz,India,2008,TV-14,137 min,"International Movies, Music & Musicals, Romantic Movies",19
s7171,Movie,Kate & Leopold,United States,2001,PG-13,118 min,"Comedies, Romantic Movies",3
s7172,Movie,Katha,India,1982,TV-PG,140 min,"Comedies, Dramas, Independent Movies",5
s7173,Movie,Katt Williams: Live,United States,2006,NR,85 min,Stand-Up Comedy,7
s7174,Movie,Kaviyude Osyath,India,2017,TV-14,116 min,"Dramas, International Movies",19
s7175,Movie,Kay Dyache Bola,India,2005,TV-14,133 min,"Comedies, Dramas, International Movies",19
s7179,Movie,Kevin Hart: Laugh at My Pain,United States,2011,R,89 min,Stand-Up Comedy,14
s7180,Movie,Kevin Hart: Let Me Explain,United States,2013,R,75 min,Stand-Up Comedy,14
s7181,Movie,Kevin Hart: Seriously Funny,United States,2010,TV-MA,67 min,Stand-Up Comedy,7
s7182,Movie,Kevyn Aucoin: Beauty & the Beast in Me,United States,2017,TV-MA,90 min,"Documentaries, LGBTQ Movies",11
s7184,Movie,Khalnayak,India,1993,TV-14,170 min,"Action & Adventure, Dramas, International Movies",5
s7187,Movie,Khosla Ka Ghosla,India,2006,TV-14,124 min,"Comedies, Dramas, International Movies",19
s7189,Movie,Khubsoorat,India,1980,TV-PG,120 min,"Classic Movies, Comedies, Dramas",13
s7190,Movie,Khushi,India,2003,TV-14,157 min,"Comedies, International Movies, Music & Musicals",5
s7191,Movie,Kia and Cosmos,India,2018,TV-14,124 min,"Dramas, Independent Movies, International Movies",19
s7192,Movie,Kickboxer: Retaliation,United States,2017,R,110 min,Action & Adventure,14
s7193,Movie,Kickboxer: Vengeance,United States,2016,TV-MA,90 min,Action & Adventure,1
s7194,Movie,Kicking and Screaming,United States,1995,R,97 min,"Comedies, Independent Movies, Romantic Movies",3
s7195,Movie,Kid Kulafu,Philippines,2015,TV-14,108 min,"Dramas, International Movies, Sports Movies",17
s7196,Movie,Kidnapping Mr. Heineken,"Netherlands, Belgium, United Kingdom, United States",2015,R,95 min,"Action & Adventure, Dramas, International Movies",10
s7198,Movie,Kill Bill: Vol. 1,"United States, Japan",2003,R,111 min,Action & Adventure,3
s7199,Movie,Kill Bill: Vol. 2,United States,2004,R,137 min,Action & Adventure,3
s7200,Movie,Kill Command,United Kingdom,2016,TV-MA,100 min,"Action & Adventure, Independent Movies, Sci-Fi & Fantasy",1
s7201,Movie,Kill Hitler! The Luck of the Devil,France,2015,TV-14,53 min,"Documentaries, International Movies",16
s7202,Movie,Kill Ratio,United States,2016,TV-MA,87 min,Action & Adventure,1
s7203,Movie,Kill the Irishman,United States,2011,R,106 min,"Action & Adventure, Dramas, Independent Movies",10
s7204,Movie,Killer Klowns from Outer Space,United States,1988,PG-13,86 min,"Comedies, Cult Movies, Horror Movies",18
s7205,Movie,Killers,United States,2010,PG-13,100 min,"Action & Adventure, Comedies, Romantic Movies",2
s7206,Movie,Kills on Wheels,Hungary,2016,TV-MA,103 min,"Action & Adventure, Dramas, International Movies",4
s7207,Movie,Kilo Two Bravo,United Kingdom,2014,R,109 min,"Dramas, Independent Movies, Thrillers",10
s7208,Movie,King Jack,United States,2015,NR,81 min,"Dramas, Independent Movies",1
s7209,Movie,King's Ransom,"United States, Canada",2005,PG-13,98 min,"Action & Adventure, Comedies",2
s7211,Movie,Kingpin,United States,1996,PG-13,114 min,"Comedies, Cult Movies, Sports Movies",3
s7212,Movie,Kings,"France, Belgium, China, United States",2017,R,87 min,Dramas,10
s7213,Movie,Kis Kisko Pyaar Karoon,India,2015,TV-PG,132 min,"Comedies, International Movies",0
s7214,Movie,Kiss the Girls,United States,1997,R,116 min,Thrillers,3
s7217,Movie,KL Zombi,Malaysia,2013,TV-14,92 min,"Comedies, Horror Movies, International Movies",17
s7219,Movie,Knock Knock,"United States, Chile, Israel",2015,R,99 min,"Horror Movies, Thrillers",14
s7220,Movie,Know Your Enemy - Japan,United States,1945,TV-14,63 min,"Classic Movies, Documentaries",13
s7221,Movie,Knowing,"United States, United Kingdom, Australia",2009,PG-13,121 min,"Sci-Fi & Fantasy, Thrillers",2
s7222,Movie,Koko: The Gorilla Who Talks,United Kingdom,2016,TV-G,56 min,Documentaries,16
s7224,Movie,Kon-Tiki,"United Kingdom, Norway, Denmark, Germany, Sweden",2012,PG-13,96 min,"Action & Adventure, Dramas, International Movies",2
s7225,Movie,Koshish,India,1972,TV-14,115 min,"International Movies, Romantic Movies",13
s7226,Movie,Kraftidioten,"Norway, Denmark, Sweden",2014,TV-MA,117 min,"Comedies, International Movies, Thrillers",8
s7227,Movie,Krish Trish and Baltiboy,Unknown,2009,TV-Y7,58 min,Children & Family Movies,9
s7228,Movie,Krish Trish and Baltiboy: Battle of Wits,Unknown,2013,TV-Y7,62 min,Children & Family Movies,9
s7229,Movie,Krish Trish and Baltiboy: Best Friends Forever,Unknown,2016,TV-Y,65 min,Children & Family Movies,9
s7230,Movie,Krish Trish and Baltiboy: Comics of India,Unknown,2012,TV-Y7,61 min,Children & Family Movies,9
s7231,Movie,Krish Trish and Baltiboy: Face Your Fears,India,2017,TV-Y7,65 min,Children & Family Movies,9
s7232,Movie,Krish Trish and Baltiboy: Oversmartness Never Pays,Unknown,2017,TV-Y7,65 min,Children & Family Movies,9
s7233,Movie,Krish Trish and Baltiboy: Part II,Unknown,2010,TV-Y7,58 min,Children & Family Movies,9
s7234,Movie,Krish Trish and Baltiboy: The Greatest Trick,Unknown,2013,TV-Y7,60 min,Children & Family Movies,9
s7235,Movie,Krisha,United States,2015,R,81 min,"Dramas, Independent Movies",10
s7237,Movie,Kristy,United States,2013,NR,85 min,Horror Movies,14
s7238,Movie,Krystal,United States,2017,R,93 min,"Comedies, Dramas",10
s7239,Movie,Kuldip Patwal: I Didn't Do It!,India,2017,TV-MA,126 min,"Dramas, Independent Movies, International Movies",6
s7240,Movie,Kung Fu Hustle,"Hong Kong, China, United States",2004,R,99 min,"Action & Adventure, Comedies, Cult Movies",3
s7241,Movie,Kung Fu Magoo,"Mexico, United States",2010,TV-Y7,79 min,"Children & Family Movies, Comedies",12
s7242,Movie,Kung Fu Panda: Holiday,United States,2010,TV-PG,26 min,"Children & Family Movies, Comedies",9
s7243,Movie,Kung Fu Yoga,"China, India, Nepal",2017,TV-PG,107 min,"Action & Adventure, Comedies, International Movies",0
s7244,Movie,Kuppivala,Unknown,2017,TV-14,133 min,"Dramas, International Movies, Romantic Movies",19
s7245,Movie,Kurt & Courtney,United Kingdom,1998,R,95 min,"Documentaries, Music & Musicals",3
s7247,Movie,Kurtulus Son Durak,Turkey,2012,TV-MA,100 min,"Comedies, Dramas, International Movies",8
s7248,Movie,Kya Kehna,India,2000,TV-PG,149 min,"Dramas, International Movies, Romantic Movies",5
s7249,Movie,Kygo: Live at the Hollywood Bowl,United States,2017,TV-MA,52 min,Music & Musicals,7
s7250,Movie,Kyun! Ho Gaya Na,India,2004,TV-PG,165 min,"International Movies, Romantic Movies",5
s7251,Movie,La Última Fiesta,Argentina,2016,TV-MA,104 min,"Comedies, International Movies",8
s7252,Movie,LA 92,United States,2017,R,114 min,Documentaries,14
s7253,Movie,La Bamba,United States,1987,PG-13,109 min,"Classic Movies, Dramas, Music & Musicals",18
s7254,Movie,La Coppia dei Campioni,Italy,2016,TV-MA,88 min,"Comedies, International Movies",8
s7260,Movie,Laal Rang,India,2016,TV-14,143 min,"Dramas, International Movies, Thrillers",19
s7261,Movie,Laddaland,Thailand,2011,TV-MA,112 min,"Horror Movies, International Movies",15
s7262,Movie,Lady Bloodfight,Hong Kong,2016,R,101 min,Action & Adventure,14
s7263,Movie,Lady in the Water,United States,2006,PG-13,110 min,"Sci-Fi & Fantasy, Thrillers",2
s7264,Movie,Lady-Like,United States,2018,NC-17,83 min,"Comedies, Independent Movies",1
s7266,Movie,Lalbaug Parel: Zali Mumbai Sonyachi,India,2010,TV-MA,145 min,"Dramas, International Movies",6
s7268,Movie,Larceny,"United States, Mexico",2017,TV-14,87 min,Action & Adventure,14
s7270,Movie,Last Ferry,United States,2019,TV-MA,86 min,"Dramas, Independent Movies, LGBTQ Movies",1
s7271,Movie,Last Knights,"United Kingdom, South Korea",2015,R,115 min,Action & Adventure,14
s7272,Movie,Last Night,"United States, France",2010,R,93 min,"Dramas, Independent Movies, Romantic Movies",10
s7273,Movie,Le K Benzema,France,2017,TV-14,121 min,"Documentaries, International Movies, Sports Movies",17
s7274,Movie,Le serment des Hitler,France,2014,TV-PG,54 min,"Documentaries, International Movies",16
s7275,Movie,Leap Year,"United States, Ireland",2010,PG,100 min,"Comedies, Romantic Movies",12
s7276,Movie,LeapFrog: Letter Factory,United States,2003,TV-Y,37 min,Children & Family Movies,9
s7277,Movie,LeapFrog: Numberland,United States,2011,TV-Y,33 min,Movies,16
s7278,Movie,LeapFrog: Phonics Farm,United States,2011,TV-Y,35 min,Movies,16
s7279,Movie,"LeapFrog: Sing-along, Read-along",Unknown,2011,TV-Y,32 min,Children & Family Movies,9
s7281,Movie,Lechmi,India,2017,TV-MA,147 min,"Comedies, Horror Movies, International Movies",6
s7282,Movie,Left Behind,"United States, Canada",2014,PG-13,110 min,"Action & Adventure, Faith & Spirituality, Sci-Fi & Fantasy",2
s7283,Movie,Legend of the Guardians: The Owls of Ga'Hoole,"United States, Australia",2010,PG,97 min,Children & Family Movies,12
s7284,Movie,Legend of the Naga Pearls,China,2017,TV-MA,108 min,"Action & Adventure, International Movies, Sci-Fi & Fantasy",15
s7285,Movie,Legendary Weapons of China,Hong Kong,1982,TV-14,101 min,"Action & Adventure, Cult Movies, International Movies",18
s7287,Movie,Legion,United States,2010,R,100 min,"Action & Adventure, Horror Movies, Sci-Fi & Fantasy",14
s7290,Movie,LEGO House - Home of the Brick,Unknown,2018,TV-G,48 min,"Documentaries, International Movies",16
s7291,Movie,LEGO Ninjago: Masters of Spinjitzu: Day of the Departed,"Denmark, China",2016,TV-Y7-FV,44 min,"Action & Adventure, Children & Family Movies",9
s7293,Movie,Leo the Lion,"United States, Italy",2013,TV-Y7-FV,78 min,"Children & Family Movies, Comedies",12
s7294,Movie,"Les Bleus - Une autre histoire de France, 1996-2016",France,2016,TV-MA,103 min,"Documentaries, International Movies, Sports Movies",15
s7295,Movie,Let There Be Light,United States,1946,TV-PG,58 min,"Classic Movies, Documentaries",13
s7297,Movie,Lez Bomb,United States,2018,TV-14,90 min,"Comedies, LGBTQ Movies",12
s7299,Movie,Life After Beth,United States,2014,R,89 min,"Comedies, Horror Movies, Independent Movies",14
s7300,Movie,Life in the Doghouse,United States,2018,TV-PG,83 min,"Documentaries, LGBTQ Movies",11
s7303,Movie,Lifechanger,Canada,2018,TV-MA,84 min,"Horror Movies, Independent Movies, Thrillers",1
s7304,Movie,Lifeline,Hong Kong,1997,TV-14,104 min,"Action & Adventure, International Movies",18
s7305,Movie,Like Arrows,United States,2018,TV-PG,99 min,"Dramas, Faith & Spirituality",1
s7306,Movie,Like Water for Chocolate,Mexico,1992,R,105 min,"Classic Movies, Dramas, International Movies",18
s7307,Movie,Lila & Eve,United States,2015,R,94 min,"Dramas, Thrillers",10
s7309,Movie,Lincoln,"United States, India",2012,PG-13,150 min,Dramas,2
s7310,Movie,Lion's Heart,Egypt,2013,TV-14,111 min,"Action & Adventure, International Movies",17
s7311,Movie,Listen Up! The Lives of Quincy Jones,Unknown,1990,TV-14,116 min,"Documentaries, Music & Musicals",18
s7312,Movie,Little Dragon Maiden,Hong Kong,1983,TV-14,92 min,"Action & Adventure, International Movies, Romantic Movies",18
s7314,Movie,Little Lunch: The Halloween Horror Story,Australia,2016,TV-Y7,23 min,"Children & Family Movies, Comedies",9
s7315,Movie,Little Lunch: The Nightmare Before Graduation,Australia,2016,TV-Y7,25 min,"Children & Family Movies, Comedies",9
s7316,Movie,Little Men,"United States, Greece, Brazil",2016,PG,85 min,"Dramas, Independent Movies",1
s7317,Movie,Little Nicky,United States,2000,PG-13,90 min,Comedies,3
s7318,Movie,Little Singham aur Kaal ka Mahajaal,Unknown,2018,TV-Y7-FV,68 min,"Children & Family Movies, Comedies",9
s7319,Movie,Little Singham Bandarpur Mein Hu Ha Hu,Unknown,2019,TV-Y7,67 min,"Children & Family Movies, Comedies",9
s7320,Movie,Little Singham in London,Unknown,2019,TV-Y7,66 min,"Children & Family Movies, Comedies",9
s7321,Movie,Little Sister,United States,2016,NR,91 min,"Comedies, Dramas, Independent Movies",1
s7323,Movie,Lizzie Borden Took an Ax,United States,2014,TV-14,87 min,Thrillers,11
s7324,Movie,Lo and Behold: Reveries of the Connected World,United States,2016,PG-13,98 min,Documentaries,11
s7327,Movie,"Lock, Stock and Two Smoking Barrels",United Kingdom,1998,R,108 min,"Action & Adventure, Comedies, Independent Movies",3
s7328,Movie,Locke,"United Kingdom, United States",2013,R,85 min,"Dramas, Independent Movies",10
s7329,Movie,Lockout,"France, United States",2012,PG-13,95 min,"Action & Adventure, International Movies, Sci-Fi & Fantasy",2
s7330,Movie,Loco Love,Mexico,2017,TV-MA,103 min,"Dramas, Independent Movies, International Movies",4
s7331,Movie,Logan's Run,United States,1976,PG,118 min,"Action & Adventure, Classic Movies, Cult Movies",13
s7333,Movie,Lolita,"United Kingdom, United States",1962,R,153 min,"Classic Movies, Dramas, Romantic Movies",13
s7335,Movie,Long Time Running,Canada,2017,TV-14,96 min,"Documentaries, International Movies, Music & Musicals",17
s7336,Movie,"Look Out, Officer",Hong Kong,1990,TV-14,88 min,"Action & Adventure, Comedies, International Movies",18
s7337,Movie,Look Who's Back,Germany,2015,NR,116 min,"Comedies, International Movies",8
s7338,Movie,Lorai: Play to Live,India,2015,TV-14,155 min,"Dramas, International Movies, Sports Movies",19
s7340,Movie,Los Niños Héroes de Chapultepec,Unknown,2017,TV-14,88 min,"Documentaries, International Movies",17
s7342,Movie,Losing Sight of Shore,"United States, Australia, Samoa, United Kingdom",2017,TV-14,92 min,"Documentaries, Sports Movies",11
s7345,Movie,Love Dot Com: The Social Experiment,United States,2019,TV-MA,98 min,"Comedies, Romantic Movies",1
s7346,Movie,Love In A Puff,Hong Kong,2010,TV-MA,103 min,"Comedies, Dramas, International Movies",8
s7347,Movie,Love Ni Bhavai,India,2017,TV-14,163 min,"Comedies, International Movies, Romantic Movies",19
s7348,Movie,Love on Delivery,Hong Kong,1994,TV-14,93 min,"Action & Adventure, Comedies, International Movies",18
s7351,Movie,Love Shot,United States,2018,TV-MA,77 min,"Dramas, Thrillers",1
s7352,Movie,Love Station,Egypt,2011,TV-14,97 min,"Comedies, International Movies, Romantic Movies",17
s7353,Movie,Love You... Love You Not,Indonesia,2015,TV-14,115 min,"Comedies, International Movies, Romantic Movies",17
s7355,Movie,"Love, Rosie","Germany, United Kingdom",2014,R,103 min,"Comedies, International Movies, Romantic Movies",8
s7356,Movie,LoveTrue,United States,2016,TV-MA,82 min,Documentaries,11
s7357,Movie,Loving Annabelle,United States,2006,TV-MA,77 min,"Dramas, Independent Movies, LGBTQ Movies",1
s7358,Movie,Loving You,Hong Kong,1995,TV-14,79 min,"Dramas, International Movies",18
s7359,Movie,Lucha: Playing the Impossible,Argentina,2016,TV-PG,98 min,"Documentaries, International Movies, Sports Movies",0
s7361,Movie,Lucky: No Time for Love,India,2005,TV-14,131 min,"Dramas, International Movies, Romantic Movies",19
s7362,Movie,Lupt,India,2018,TV-14,110 min,"Horror Movies, International Movies, Thrillers",17
s7363,Movie,Lusers,"Argentina, Chile, Peru",2015,TV-MA,100 min,"Comedies, International Movies, Sports Movies",8
s7364,Movie,Ma Chu Ka,India,2017,TV-14,117 min,"International Movies, Thrillers",19
s7365,Movie,Maacher Jhol,"India, France",2017,TV-PG,107 min,"Dramas, International Movies",0
s7366,Movie,Mac & Devin Go to High School,United States,2012,R,76 min,Comedies,14
s7367,Movie,Macchli Jal Ki Rani Hai,India,2014,TV-MA,118 min,"Horror Movies, International Movies",15
s7368,Movie,Mad Max,"Australia, United States",1979,R,93 min,"Action & Adventure, Classic Movies, Cult Movies",18
s7370,Movie,Mad Money,United States,2008,PG-13,99 min,Comedies,2
s7371,Movie,Mad Ron's Prevues from Hell,United States,1987,NR,84 min,"Cult Movies, Horror Movies",18
s7372,Movie,Mad World,Hong Kong,2016,TV-MA,102 min,"Dramas, International Movies",4
s7373,Movie,Madaari,India,2016,TV-14,134 min,"Dramas, Independent Movies, International Movies",19
s7374,Movie,Maddman: The Steve Madden Story,United States,2017,TV-MA,78 min,Documentaries,11
s7375,Movie,Madre,Chile,2016,TV-MA,95 min,"International Movies, Thrillers",15
s7378,Movie,Magic Snowflake,"France, Belgium",2013,TV-Y,73 min,Children & Family Movies,9
s7379,Movie,Magnetic,France,2018,TV-14,110 min,"Action & Adventure, Documentaries, International Movies",17
s7380,Movie,Magnus,Norway,2016,TV-PG,75 min,"Children & Family Movies, Documentaries, International Movies",16
s7381,Movie,Mahabharat,India,2013,TV-14,119 min,"Action & Adventure, Dramas, International Movies",19
s7385,Movie,Mahjong Heroes,Hong Kong,1981,TV-PG,92 min,"Comedies, International Movies",18
s7387,Movie,Maine Pyaar Kyun Kiya,India,2005,TV-14,137 min,"Comedies, International Movies, Music & Musicals",19
s7388,Movie,Maine Pyar Kiya,India,1989,TV-PG,192 min,"Dramas, International Movies, Music & Musicals",5
s7389,Movie,Mala Kahich Problem Nahi,India,2017,TV-PG,132 min,"Dramas, International Movies",0
s7390,Movie,Malicious,United States,2018,TV-MA,91 min,Horror Movies,1
s7391,Movie,Man of Tai Chi,"United States, China, Hong Kong",2013,R,105 min,"Action & Adventure, Dramas",10
s7392,Movie,Man Up,"United Kingdom, France",2015,R,88 min,"Comedies, International Movies, Romantic Movies",8
s7394,Movie,Mandi,India,1983,TV-MA,155 min,"Dramas, Independent Movies, International Movies",5
s7395,Movie,Mandobasar Galpo,India,2017,TV-14,103 min,"Dramas, International Movies, Romantic Movies",17
s7396,Movie,Manglehorn,United States,2014,PG-13,97 min,"Dramas, Independent Movies",2
s7397,Movie,Mango Dreams,United States,2016,TV-14,92 min,"Dramas, Independent Movies",1
s7398,Movie,Manhattan Romance,United States,2014,TV-14,98 min,"Comedies, Independent Movies, Romantic Movies",1
s7399,Movie,Manolo: The Boy Who Made Shoes for Lizards,United Kingdom,2017,TV-MA,89 min,"Documentaries, International Movies",15
s7400,Movie,Mansfield Park,United Kingdom,1999,PG-13,112 min,"Comedies, Dramas, International Movies",3
s7401,Movie,Mantostaan,India,2017,TV-MA,75 min,"Dramas, Independent Movies, International Movies",4
s7402,Movie,Mantra,India,2017,TV-14,89 min,"Dramas, Independent Movies, International Movies",17
s7403,Movie,Mara,United Kingdom,2017,TV-MA,99 min,"Horror Movies, Thrillers",15
s7404,Movie,Marauders,"Canada, United States",2016,R,107 min,Action & Adventure,14
s7406,Movie,Mark Gatiss: A Study in Sherlock,Unknown,2016,TV-14,29 min,Movies,16
s7408,Movie,Maroon,India,2016,TV-MA,94 min,"Dramas, Independent Movies, International Movies",4
s7411,Movie,Martial Arts of Shaolin,"Hong Kong, China",1986,R,90 min,"Action & Adventure, International Movies",18
s7412,Movie,Martin Lawrence Live: Runteldat,United States,2002,R,104 min,Stand-Up Comedy,3
s7413,Movie,Martin Luther: The Idea that Changed the World,United States,2017,TV-PG,55 min,"Documentaries, Faith & Spirituality",16
s7414,Movie,Martyrs of Marriage,India,2016,TV-14,83 min,"Documentaries, International Movies",17
s7415,Movie,Marvel & ESPN Films Present: 1 of 1: Genesis,Unknown,2014,TV-PG,77 min,"Documentaries, Sports Movies",11
s7416,Movie,Marvel's Iron Man & Hulk: Heroes United,United States,2013,PG,72 min,"Action & Adventure, Sci-Fi & Fantasy",12
s7417,Movie,Mary and the Witch's Flower,Japan,2017,PG,103 min,"Anime Features, Children & Family Movies",12
s7418,Movie,Mary Poppins Returns,"United States, United Kingdom",2018,PG,131 min,"Children & Family Movies, Music & Musicals",12
s7420,Movie,Masoom,India,1983,TV-14,138 min,"Dramas, Independent Movies, International Movies",5
s7421,Movie,Master,South Korea,2016,NR,143 min,"Action & Adventure, International Movies",6
s7422,Movie,Mater,Argentina,2017,TV-MA,80 min,"Dramas, Independent Movies, International Movies",4
s7423,Movie,Matichya Chuli,India,2006,TV-14,132 min,"Comedies, Dramas, International Movies",19
s7424,Movie,Max Rose,United States,2013,TV-14,84 min,"Dramas, Independent Movies",1
s7425,Movie,May We Chat,Hong Kong,2014,TV-MA,99 min,"Dramas, International Movies",4
s7426,Movie,May You Prosper,Egypt,2017,TV-14,93 min,"Comedies, International Movies, Music & Musicals",17
s7427,Movie,Maya Angelou: And Still I Rise,United States,2016,TV-PG,114 min,Documentaries,11
s7428,Movie,Maynard,United States,2017,TV-PG,100 min,Documentaries,11
s7429,Movie,Maza Pati Karodpati,India,1988,TV-PG,132 min,"Comedies, International Movies, Romantic Movies",5
s7430,Movie,Me and the Alien,Mexico,2016,TV-MA,83 min,"Comedies, Dramas, International Movies",8
s7431,Movie,Mean Dreams,Canada,2016,R,105 min,"Dramas, Independent Movies, Thrillers",10
s7432,Movie,Mean Streets,United States,1973,R,112 min,"Classic Movies, Dramas, Independent Movies",13
s7433,Movie,Meditation Park,Canada,2017,TV-PG,94 min,Dramas,0
s7434,Movie,Medium,"Poland, West Germany",1985,TV-MA,90 min,"Horror Movies, International Movies, Thrillers",18
s7435,Movie,Meet the Trumps: From Immigrant to President,United Kingdom,2017,TV-14,48 min,Documentaries,16
s7438,Movie,Melle,India,2017,TV-PG,110 min,"Dramas, International Movies, Romantic Movies",0
s7440,Movie,Melvin Goes to Dinner,United States,2003,R,84 min,"Comedies, Dramas, Independent Movies",3
s7441,Movie,Memoir of a Murderer,South Korea,2017,TV-MA,118 min,"Dramas, International Movies, Thrillers",4
s7442,Movie,Memory Games,"Germany, United States, Sweden",2018,TV-14,86 min,Documentaries,11
s7443,Movie,Men in Black,United States,1997,PG-13,98 min,"Action & Adventure, Comedies, Sci-Fi & Fantasy",3
s7444,Movie,Men in Black II,United States,2002,PG-13,88 min,"Action & Adventure, Comedies, Sci-Fi & Fantasy",3
s7445,Movie,Menorca,"Canada, Spain",2016,TV-MA,81 min,"Dramas, Independent Movies",1
s7446,Movie,Merantau,Indonesia,2009,R,112 min,"Action & Adventure, Dramas, International Movies",10
s7449,Movie,Merry Men: The Real Yoruba Demons,Nigeria,2018,TV-MA,106 min,"Comedies, International Movies",8
s7451,Movie,Mi Shivajiraje Bhosale Boltoy,India,2009,TV-14,148 min,"Comedies, International Movies, Sci-Fi & Fantasy",19
s7452,Movie,MI-5,United Kingdom,2015,R,105 min,"Action & Adventure, Dramas, International Movies",10
s7453,Movie,Middle School: The Worst Years of My Life,"United States, Cambodia",2016,PG,92 min,"Children & Family Movies, Comedies",12
s7455,Movie,Midnight Special,"United States, Greece",2016,PG-13,112 min,"Action & Adventure, Sci-Fi & Fantasy",2
s7457,Movie,Milk,United States,2008,R,128 min,"Dramas, Independent Movies, LGBTQ Movies",10
s7459,Movie,Minnaminugu the FireFly,India,2017,TV-14,128 min,"Dramas, International Movies",19
s7461,Movie,Miracle,"Canada, United States",2004,PG,136 min,"Children & Family Movies, Dramas, Sports Movies",3
s7462,Movie,Mirror Mirror,"United States, Canada",2012,PG,106 min,"Children & Family Movies, Comedies",12
s7463,Movie,Mirzya,India,2016,TV-MA,129 min,"Dramas, International Movies, Music & Musicals",6
s7465,Movie,Miss Hokusai,Japan,2015,PG-13,90 min,Anime Features,2
s7466,Movie,Miss Julie,"Norway, United Kingdom, France, Ireland",2014,PG-13,130 min,"Dramas, International Movies",6
s7467,Movie,Miss Me This Christmas,United States,2017,TV-14,85 min,Romantic Movies,11
s7468,Movie,Miss Representation,United States,2011,NR,90 min,Documentaries,11
s7470,Movie,Miss Sharon Jones!,United States,2015,TV-MA,94 min,"Documentaries, Music & Musicals",11
s7471,Movie,Miss Stevens,United States,2016,NR,86 min,"Dramas, Independent Movies",1
s7472,Movie,Mission Control: The Unsung Heroes of Apollo,"United States, United Kingdom",2017,TV-14,100 min,Documentaries,11
s7473,Movie,Mission of Honor,"United Kingdom, Poland",2018,TV-MA,107 min,"Action & Adventure, Dramas",4
s7474,Movie,Mission: Destroy Love,Malaysia,2014,TV-PG,93 min,"Comedies, International Movies, Romantic Movies",0
s7475,Movie,Mississippi Grind,United States,2015,R,109 min,"Dramas, Independent Movies",10
s7476,Movie,Moh Maya Money,India,2016,TV-MA,109 min,"Dramas, Independent Movies, International Movies",4
s7477,Movie,Mohawk,United States,2017,TV-MA,92 min,"Action & Adventure, Horror Movies, Independent Movies",1
s7478,Movie,Mojave,United States,2015,R,93 min,"Dramas, Independent Movies, Thrillers",10
s7479,Movie,Mokalik (Mechanic),Nigeria,2019,TV-14,100 min,"Dramas, International Movies",17
s7480,Movie,Molly's Game,"China, Canada, United States",2017,R,141 min,Dramas,10
s7482,Movie,Mona Lisa Smile,United States,2003,PG-13,119 min,Dramas,2
s7483,Movie,Money,"United States, Spain",2016,R,84 min,Thrillers,14
s7485,Movie,Money Talks,United States,1997,R,96 min,"Action & Adventure, Comedies",3
s7487,Movie,Monkey Up,Canada,2016,PG,83 min,"Children & Family Movies, Comedies",12
s7488,Movie,Monopoly (The Bank Of Luck),Egypt,2017,TV-MA,117 min,"Comedies, International Movies",8
s7489,Movie,Monster Family,"Germany, United Kingdom",2017,PG,93 min,Children & Family Movies,12
s7490,Movie,Monster High 13 Wishes,United States,2013,TV-Y7,73 min,Children & Family Movies,9
s7491,Movie,"Monster High: Boo York, Boo York",United States,2015,TV-Y7,72 min,"Children & Family Movies, Music & Musicals",9
s7492,Movie,Monster High: Escape from Skull Shores,United States,2012,TV-Y7,46 min,Children & Family Movies,9
s7493,Movie,Monster High: Freaky Fusion,United States,2014,TV-Y7,74 min,Children & Family Movies,9
s7494,Movie,Monster High: Friday Night Frights,United States,2013,TV-Y7,46 min,Children & Family Movies,9
s7495,Movie,Monster High: Fright On!,United States,2011,TV-Y7,46 min,Children & Family Movies,9
s7496,Movie,"Monster High: Frights, Camera, Action!",United States,2014,TV-Y7,74 min,Children & Family Movies,9
s7497,Movie,Monster High: Ghouls Rule,United States,2012,TV-Y7,71 min,Children & Family Movies,9
s7498,Movie,Monster High: Great Scarrier Reef,United States,2016,TV-Y7,72 min,Children & Family Movies,9
s7499,Movie,Monster High: Haunted,United States,2015,TV-Y7,76 min,Children & Family Movies,9
s7500,Movie,Monster High: New Ghoul at School,United States,2010,TV-Y7,23 min,Children & Family Movies,9
s7501,Movie,"Monster High: Scaris, City of Frights",United States,2013,TV-G,60 min,Children & Family Movies,9
s7502,Movie,Monster High: Why Do Ghouls Fall in Love?,United States,2013,TV-Y7,46 min,Children & Family Movies,9
s7504,Movie,Monster-in-Law,"United States, Germany",2005,PG-13,101 min,"Comedies, Romantic Movies",2
s7507,Movie,Moon,"United Kingdom, United States",2009,R,97 min,"Dramas, Independent Movies, Sci-Fi & Fantasy",10
s7508,Movie,Moonlight,United States,2016,R,111 min,"Dramas, Independent Movies, LGBTQ Movies",10
s7509,Movie,Moonwalkers,"France, Belgium",2015,R,96 min,"Action & Adventure, Comedies, International Movies",14
s7510,Movie,Moor,"Pakistan, United States",2015,TV-14,135 min,"Dramas, Independent Movies, International Movies",19
s7511,Movie,Morris from America,"Germany, United States",2016,R,91 min,"Dramas, Independent Movies, International Movies",10
s7512,Movie,Mortified Nation,United States,2013,TV-MA,84 min,Documentaries,11
s7513,Movie,Morya,India,2011,TV-14,121 min,"Dramas, International Movies",19
s7514,Movie,Motu Patlu: King of Kings,India,2016,TV-Y7-FV,109 min,"Children & Family Movies, Comedies",12
s7515,Movie,Mountain,Australia,2017,PG,74 min,"Action & Adventure, Documentaries, International Movies",15
s7516,Movie,Movie 43,United States,2013,R,94 min,Comedies,14
s7517,Movie,Mr. Church,United States,2016,PG-13,105 min,Dramas,2
s7518,Movie,Mr. Deeds,United States,2002,PG-13,97 min,"Comedies, Romantic Movies",3
s7519,Movie,Mr. Gaga: A True Story of Love and Dance,"Israel, Sweden, Germany, Netherlands",2015,TV-14,102 min,"Documentaries, International Movies",17
s7520,Movie,Mr. Virgin,Hong Kong,1984,TV-14,86 min,"Comedies, Dramas, International Movies",18
s7521,Movie,Mr. Woodcock,United States,2007,PG-13,88 min,Comedies,2
s7523,Movie,Ms. Mammy,Egypt,2012,TV-14,90 min,"Comedies, International Movies",17
s7524,Movie,Mud,United States,2012,PG-13,131 min,"Dramas, Independent Movies",2
s7525,Movie,Mujhse Shaadi Karogi,India,2004,TV-PG,158 min,"Comedies, International Movies, Romantic Movies",5
s7526,Movie,Mune: Guardian of the Moon,France,2014,PG,85 min,Children & Family Movies,12
s7527,Movie,Muppets Most Wanted,United States,2014,PG,110 min,"Children & Family Movies, Comedies",12
s7528,Movie,Murder Party,United States,2007,NR,79 min,"Comedies, Cult Movies, Horror Movies",12
s7531,Movie,Mutiny on the Bounty,United States,1962,TV-PG,185 min,"Action & Adventure, Classic Movies, Dramas",13
s7532,Movie,My Babysitter's a Vampire: The Movie,Canada,2010,TV-PG,80 min,"Children & Family Movies, Comedies",12
s7533,Movie,My Brother ... Nikhil,India,2005,TV-PG,116 min,"Dramas, Independent Movies, International Movies",0
s7534,Movie,My Daddy is in Heaven,United States,2017,TV-14,95 min,"Dramas, Faith & Spirituality",1
s7535,Movie,My Dog is My Guide,Egypt,2013,TV-14,99 min,"Comedies, International Movies",17
s7536,Movie,My Entire High School Sinking Into the Sea,United States,2016,PG-13,77 min,"Comedies, Independent Movies",2
s7537,Movie,My Ex-Ex,Canada,2015,TV-MA,91 min,"Comedies, Romantic Movies",8
s7540,Movie,My Life as a Zucchini,"Switzerland, France",2016,PG-13,68 min,"Comedies, Dramas, International Movies",8
s7542,Movie,My Little Pony Equestria Girls: Friendship Games,"United States, Canada",2015,TV-Y,72 min,"Children & Family Movies, Comedies",12
s7543,Movie,My Little Pony Equestria Girls: Rainbow Rocks,"United States, Canada",2014,TV-Y,73 min,"Children & Family Movies, Comedies",12
s7544,Movie,My Only Mother,Unknown,2013,TV-14,104 min,"Comedies, Dramas, International Movies",17
s7545,Movie,"My Schoolmate, the Barbarian",Hong Kong,2001,TV-14,90 min,"Action & Adventure, Comedies, International Movies",17
s7546,Movie,My Scientology Movie,United Kingdom,2015,TV-MA,99 min,Documentaries,11
s7547,Movie,My Sister's Keeper,United States,2009,PG-13,109 min,Dramas,2
s7549,Movie,My True Friend,Thailand,2012,TV-MA,108 min,"Action & Adventure, Dramas, International Movies",4
s7550,Movie,My Week with Marilyn,"United Kingdom, United States",2011,R,99 min,"Dramas, Romantic Movies",10
s7551,Movie,My Wife and My Wifey,Unknown,2014,TV-14,99 min,"Comedies, International Movies",17
s7553,Movie,Mythily Veendum Varunnu,India,2017,TV-PG,88 min,"Horror Movies, International Movies",0
s7554,Movie,Nacho Libre,"United States, Mexico",2006,PG,92 min,"Comedies, Sports Movies",12
s7555,Movie,Naga The Eternal Yogi,"Italy, India",2016,TV-PG,73 min,"Documentaries, International Movies",0
s7556,Movie,Nails,Ireland,2017,TV-MA,85 min,Horror Movies,15
s7557,Movie,Naledi: A Baby Elephant's Tale,"United States, Botswana",2016,TV-PG,91 min,Documentaries,11
s7558,Movie,Namak Halaal,India,1982,TV-14,171 min,"Action & Adventure, Comedies, International Movies",5
s7559,Movie,Namour,United States,2016,NR,80 min,"Dramas, Independent Movies",1
s7560,Movie,Naruto Shippuden : Blood Prison,Japan,2011,TV-14,102 min,"Action & Adventure, Anime Features, International Movies",17
s7561,Movie,Natalia Valdebenito: Gritona,United States,2017,TV-MA,76 min,Stand-Up Comedy,7
s7562,Movie,National Bird,United States,2016,TV-MA,92 min,Documentaries,11
s7563,Movie,National Lampoon's Loaded Weapon 1,Unknown,1993,PG-13,82 min,"Action & Adventure, Comedies, Independent Movies",18
s7564,Movie,National Parks Adventure,United States,2016,TV-G,42 min,Documentaries,16
s7565,Movie,National Treasure,United States,2004,PG,131 min,"Action & Adventure, Children & Family Movies",3
s7566,Movie,Natsamrat - Asa Nat Hone Nahi,India,2016,TV-14,165 min,"Dramas, International Movies",19
s7567,Movie,Natural Born Pranksters,United States,2016,R,91 min,Comedies,14
s7568,Movie,Natural Selection,United States,2015,R,101 min,"Dramas, Independent Movies",10
s7571,Movie,Nature: Raising the Dinosaur Giant,United States,2016,TV-G,53 min,Documentaries,16
s7576,Movie,Nazi Concentration Camps,United States,1945,TV-MA,59 min,"Classic Movies, Documentaries",13
s7578,Movie,Neruda,"Chile, Argentina, France, Spain, United States",2016,R,108 min,"Dramas, International Movies",10
s7579,Movie,Never Heard,United States,2018,TV-PG,89 min,"Dramas, Faith & Spirituality",1
s7580,Movie,New York Minute,United States,2004,PG,91 min,"Children & Family Movies, Comedies",12
s7581,Movie,Newtown,United States,2016,NR,84 min,Documentaries,11
s7582,Movie,Next,United States,2007,PG-13,96 min,"Action & Adventure, Sci-Fi & Fantasy",2
s7583,Movie,Nibunan,India,2017,TV-14,124 min,"Action & Adventure, Dramas, International Movies",19
s7584,Movie,Night Comes On,United States,2018,TV-MA,87 min,"Dramas, Independent Movies",1
s7585,Movie,Night Moves,United States,2013,R,113 min,"Dramas, Independent Movies, Thrillers",10
s7586,Movie,Nightcrawler,United States,2014,R,118 min,"Dramas, Independent Movies, Thrillers",10
s7588,Movie,Nights in Rodanthe,"United States, Australia",2008,PG-13,97 min,"Dramas, Romantic Movies",2
s7591,Movie,No Entry,India,2005,TV-PG,161 min,"Comedies, International Movies",5
s7592,Movie,No Estoy Loca,Chile,2018,TV-MA,116 min,"Comedies, Dramas, International Movies",8
s7593,Movie,No Reservations,United States,2007,PG,104 min,"Comedies, Romantic Movies",12
s7595,Movie,Norm of the North: Family Vacation,United States,2020,TV-Y7,89 min,Children & Family Movies,12
s7596,Movie,Norm of the North: Keys to the Kingdom,"India, United States",2019,TV-PG,92 min,Children & Family Movies,12
s7597,Movie,Norm of the North: King Sized Adventure,"United States, India, South Korea, China",2019,TV-PG,90 min,"Children & Family Movies, Comedies",12
s7599,Movie,Not Alone,United States,2017,TV-14,50 min,Documentaries,16
s7600,Movie,NOVA: Bird Brain,United States,2017,TV-G,53 min,"Children & Family Movies, Documentaries",16
s7601,Movie,NOVA: Black Hole Apocalypse,United States,2018,TV-G,113 min,Documentaries,11
s7602,Movie,NOVA: Building Chernobyl's MegaTomb,United States,2017,TV-PG,53 min,Documentaries,16
s7603,Movie,NOVA: Chinese Chariot Revealed,United States,2017,TV-PG,54 min,Documentaries,16
s7604,Movie,NOVA: Day the Dinosaurs Died,United States,2017,TV-PG,53 min,Documentaries,16
s7605,Movie,NOVA: Death Dive to Saturn,United States,2017,TV-G,54 min,Documentaries,16
s7606,Movie,NOVA: Decoding the Weather Machine,United States,2018,TV-14,113 min,Documentaries,11
s7607,Movie,NOVA: Eclipse Over America,United States,2017,TV-G,53 min,Documentaries,16
s7608,Movie,NOVA: Extreme Animal Weapons,United States,2017,TV-PG,53 min,Documentaries,16
s7609,Movie,NOVA: First Face of America,United States,2018,TV-PG,53 min,Documentaries,16
s7610,Movie,NOVA: Holocaust Escape Tunnel,United States,2017,TV-14,54 min,Documentaries,16
s7611,Movie,NOVA: Killer Floods,United States,2017,TV-PG,54 min,Documentaries,16
s7612,Movie,NOVA: Killer Hurricanes,United States,2017,TV-PG,52 min,Documentaries,16
s7613,Movie,NOVA: Killer Volcanoes,United States,2017,TV-PG,54 min,Documentaries,16
s7614,Movie,NOVA: Poisoned Water,United States,2017,TV-PG,54 min,Documentaries,16
s7615,Movie,NOVA: Prediction by the Numbers,United States,2018,TV-G,53 min,Documentaries,16
s7616,Movie,NOVA: Secrets of the Shining Knight,United States,2017,TV-PG,53 min,Documentaries,16
s7617,Movie,NOVA: Thai Cave Rescue,United States,2018,TV-PG,53 min,Documentaries,16
s7618,Movie,NOVA: The Impossible Flight,United States,2018,TV-PG,113 min,Documentaries,11
s7619,Movie,Nova: Ultimate Mars Challenge,United States,2012,TV-G,53 min,Movies,16
s7620,Movie,November Criminals,United States,2017,PG-13,86 min,"Dramas, Thrillers",2
s7621,Movie,Now and Then,United States,1995,PG-13,102 min,Dramas,3
s7622,Movie,Now More Than Ever: The History of Chicago,United States,2016,TV-MA,114 min,"Documentaries, Music & Musicals",11
s7623,Movie,Nowhere Boy,"United Kingdom, Canada",2009,R,99 min,Dramas,10
s7626,Movie,Numbered,Israel,2012,TV-PG,55 min,"Documentaries, International Movies",16
s7627,Movie,Numero Zero. The Roots of Italian Rap,Italy,2015,TV-MA,91 min,"Documentaries, International Movies, Music & Musicals",15
s7631,Movie,Nymphomaniac: Volume 1,"Denmark, Germany, Belgium, United Kingdom, France",2013,NR,117 min,"Dramas, Independent Movies, International Movies",4
s7632,Movie,Nymphomaniac: Volume II,"Denmark, Germany, Belgium, United Kingdom, France, Sweden",2013,TV-MA,124 min,"Dramas, Independent Movies, International Movies",4
s7634,Movie,Oasis: Supersonic,United Kingdom,2016,R,122 min,"Documentaries, International Movies, Music & Musicals",15
s7635,Movie,Obvious Child,United States,2014,R,84 min,"Comedies, Dramas, Independent Movies",10
s7636,Movie,Océans,"France, Switzerland, Spain, United States, United Arab Emirates",2009,G,84 min,"Documentaries, International Movies",11
s7637,Movie,Occupation,Australia,2018,R,120 min,"Action & Adventure, Sci-Fi & Fantasy",14
s7638,Movie,Ocean's Eleven,United States,1960,TV-PG,127 min,"Action & Adventure, Classic Movies, Comedies",13
s7639,Movie,Ocean's Thirteen,United States,2007,PG-13,122 min,"Action & Adventure, Comedies",2
s7640,Movie,Ocean's Twelve,United States,2004,PG-13,125 min,"Action & Adventure, Comedies",3
s7642,Movie,Off Course,Spain,2015,TV-MA,107 min,"Comedies, International Movies",8
s7643,Movie,Officer Downe,United States,2016,R,91 min,Action & Adventure,14
s7644,Movie,Oh My Ghost 2,Thailand,2011,TV-MA,103 min,"Comedies, Horror Movies, International Movies",8
s7645,Movie,Oh My Ghost 3,Thailand,2012,TV-MA,103 min,"Comedies, Horror Movies, International Movies",8
s7646,Movie,Oh My Ghost 4,Unknown,2015,TV-MA,106 min,"Comedies, Horror Movies, International Movies",8
s7648,Movie,Oklahoma City,United States,2017,TV-14,102 min,Documentaries,11
s7651,Movie,Omar and Salma 3,Egypt,2012,TV-MA,97 min,"Comedies, International Movies, Romantic Movies",8
s7652,Movie,On the Wrong Track,Hong Kong,1983,TV-14,89 min,"Action & Adventure, International Movies",18
s7653,Movie,On Yoga The Architecture of Peace,"Brazil, India, China, United States",2017,TV-14,92 min,"Documentaries, Faith & Spirituality",11
s7654,Movie,Onaatah,India,2016,TV-14,107 min,"Dramas, International Movies",19
s7655,Movie,Once In A Lifetime Sessions with Moby,United States,2018,TV-14,86 min,"Documentaries, Music & Musicals",11
s7656,Movie,Once In A Lifetime Sessions with Nile Rodgers,United States,2018,TV-PG,70 min,"Documentaries, Music & Musicals",11
s7657,Movie,Once In A Lifetime Sessions with Noel Gallagher,United States,2018,TV-MA,66 min,"Documentaries, Music & Musicals",11
s7658,Movie,Once In A Lifetime Sessions with TLC,United States,2018,TV-PG,72 min,"Documentaries, Music & Musicals",11
s7659,Movie,Once Upon a Time in London,United Kingdom,2019,TV-MA,111 min,"Dramas, International Movies",4
s7660,Movie,Once Upon a Time in the West,"Italy, United States",1968,PG-13,166 min,"Action & Adventure, Classic Movies, International Movies",13
s7661,Movie,One Day,Thailand,2016,TV-PG,135 min,"Dramas, International Movies, Romantic Movies",0
s7662,Movie,One Direction: This Is Us,United States,2013,PG,92 min,"Documentaries, Music & Musicals",11
s7663,Movie,One Heart: The A.R. Rahman Concert Film,India,2017,TV-G,87 min,"Documentaries, International Movies, Music & Musicals",15
s7664,Movie,One Last Thing,United States,2018,TV-MA,92 min,Dramas,1
s7665,Movie,One More Shot,United States,2017,TV-MA,89 min,Documentaries,11
s7666,Movie,One Night Stand,India,2016,TV-MA,93 min,"Dramas, International Movies, Music & Musicals",4
s7668,Movie,Only God Forgives,"Denmark, France, United States, Sweden",2013,R,90 min,"Cult Movies, Independent Movies, Thrillers",14
s7669,Movie,Only the Dead,"Australia, Iraq",2015,TV-MA,76 min,"Documentaries, International Movies",15
s7670,Movie,Open Season,United States,2006,PG,86 min,"Children & Family Movies, Comedies",12
s7671,Movie,Operation Chromite,South Korea,2016,NR,111 min,"Action & Adventure, Dramas, International Movies",4
s7673,Movie,Operation Mekong,"China, Hong Kong",2016,TV-MA,124 min,"Action & Adventure, International Movies",6
s7674,Movie,Operation Odessa,Unknown,2018,TV-MA,93 min,Documentaries,11
s7677,Movie,Operation Red Sea,"China, Morocco, Hong Kong",2018,TV-MA,139 min,"Action & Adventure, International Movies",6
s7678,Movie,Operator,United States,2016,TV-MA,91 min,"Comedies, Dramas, Independent Movies",1
s7679,Movie,Opium and the Kung Fu Master,Hong Kong,1984,TV-MA,86 min,"Action & Adventure, International Movies",18
s7681,Movie,Oru Vishsheshapetta Biryani Kissa,India,2017,TV-14,122 min,"Comedies, Dramas, International Movies",19
s7682,Movie,OtherLife,"Australia, United Arab Emirates",2017,TV-MA,96 min,"Dramas, Independent Movies, International Movies",4
s7683,Movie,Ottaal,India,2014,TV-PG,88 min,"Dramas, International Movies",0
s7684,Movie,Our Godfather,United Kingdom,2019,TV-MA,93 min,"Documentaries, International Movies",15
s7685,Movie,Our House,"Canada, United States, Germany",2018,PG-13,90 min,"Horror Movies, Thrillers",2
s7686,Movie,Our Shining Days,China,2017,TV-PG,103 min,"Comedies, Dramas, International Movies",0
s7687,Movie,Outlawed,United Kingdom,2018,TV-MA,102 min,Action & Adventure,15
s7688,Movie,P,"United Kingdom, Thailand",2006,TV-MA,105 min,"Horror Movies, International Movies",15
s7689,Movie,P Se PM Tak,India,2015,TV-14,117 min,"Comedies, Independent Movies, International Movies",19
s7691,Movie,P.S. I Love You,United States,2007,PG-13,126 min,"Dramas, Romantic Movies",2
s7692,Movie,Paathi,India,2017,TV-14,89 min,"Dramas, International Movies",17
s7693,Movie,Pablo Escobar: Angel or Demon?,"Venezuela, Colombia",2007,NR,82 min,"Documentaries, International Movies",15
s7695,Movie,Pahuyut Fighting Beat,Thailand,2007,TV-MA,82 min,"Action & Adventure, International Movies",15
s7696,Movie,Paid in Full,United States,2002,R,98 min,"Action & Adventure, Dramas",3
s7697,Movie,Paint It Black,United States,2016,R,96 min,Dramas,10
s7698,Movie,Painted Faces,Hong Kong,1988,TV-PG,108 min,"Dramas, International Movies",18
s7700,Movie,Palio,United Kingdom,2015,TV-14,91 min,"Documentaries, International Movies, Sports Movies",17
s7701,Movie,Palm Trees in the Snow,Spain,2015,TV-MA,163 min,"Dramas, International Movies, Romantic Movies",6
s7702,Movie,Panic Room,United States,2002,R,112 min,Thrillers,3
s7703,Movie,Papa the Great,India,2000,TV-PG,137 min,"Comedies, Dramas, International Movies",5
s7704,Movie,Paper Year,Canada,2018,TV-MA,89 min,"Dramas, Independent Movies, Romantic Movies",1
s7705,Movie,Paranormal Activity,United States,2007,R,86 min,"Horror Movies, Thrillers",14
s7707,Movie,Pardes,India,1997,TV-14,187 min,"Dramas, International Movies, Romantic Movies",5
s7708,Movie,Pareeth Pandaari,India,2017,TV-PG,109 min,"Dramas, Independent Movies, International Movies",0
s7709,Movie,Paris Is Burning,United States,1990,R,77 min,"Classic Movies, Cult Movies, Documentaries",18
s7712,Movie,Passenger 57,United States,1992,R,84 min,Action & Adventure,18
s7713,Movie,Patiala House,India,2011,TV-PG,140 min,"Dramas, International Movies, Sports Movies",6
s7714,Movie,Patient Seventeen,United States,2017,TV-14,68 min,Documentaries,11
s7715,Movie,Patriot Games,United States,1992,R,117 min,Action & Adventure,3
s7716,Movie,Patron Mutlu Son Istiyor,Turkey,2014,TV-MA,105 min,"Comedies, International Movies, Romantic Movies",8
s7717,Movie,Paul Blart: Mall Cop,United States,2009,PG,91 min,"Action & Adventure, Comedies",12
s7718,Movie,Paulettante Veedu,India,2016,TV-14,104 min,"Dramas, International Movies",17
s7720,Movie,Paying Guests,India,2009,TV-14,114 min,"Comedies, International Movies",19
s7721,Movie,Pee Mak,Thailand,2013,TV-MA,112 min,"Comedies, Horror Movies, International Movies",8
s7723,Movie,Pee-wee's Playhouse: Christmas Special,United States,1988,TV-PG,48 min,Movies,18
s7724,Movie,Pekak,Malaysia,2016,TV-MA,95 min,"Dramas, International Movies",4
s7725,Movie,Penelope,"United Kingdom, United States",2006,PG,89 min,"Children & Family Movies, Comedies, Romantic Movies",12
s7727,Movie,People You May Know,"United States, Spain",2016,TV-MA,108 min,"Dramas, LGBTQ Movies",1
s7728,Movie,Perfect Bid: The Contestant Who Knew Too Much,Canada,2017,TV-MA,72 min,Documentaries,11
s7729,Movie,Perfect Stranger,United States,2007,R,109 min,Thrillers,14
s7731,Movie,Personal Shopper,"France, Germany, Czech Republic, Belgium",2016,R,105 min,"Dramas, International Movies, Thrillers",10
s7732,Movie,Peter and the Farm,United States,2016,TV-MA,92 min,Documentaries,11
s7733,Movie,Peter Rabbit,"United States, Australia",2018,PG,95 min,"Children & Family Movies, Comedies",12
s7734,Movie,Phamous,Unknown,2018,TV-MA,108 min,"Dramas, International Movies, Thrillers",4
s7735,Movie,Phantom Boy,"France, Belgium",2015,PG,85 min,"Action & Adventure, Dramas, International Movies",4
s7736,Movie,Philadelphia,United States,1993,PG-13,126 min,"Classic Movies, Dramas, LGBTQ Movies",3
s7737,Movie,Phir Se,India,2015,TV-14,118 min,"International Movies, Romantic Movies",19
s7738,Movie,Phobia 2,Thailand,2009,TV-MA,125 min,"Horror Movies, International Movies",15
s7739,Movie,Phone Swap,Nigeria,2012,TV-14,112 min,"Comedies, International Movies, Romantic Movies",17
s7740,Movie,Phullu,India,2017,TV-14,96 min,"Dramas, Independent Movies, International Movies",17
s7741,Movie,Pick of the Litter,United States,2018,TV-PG,81 min,"Children & Family Movies, Documentaries",11
s7742,Movie,Pierre Jackson,United States,2018,TV-MA,81 min,Romantic Movies,1
s7743,Movie,Pimpal,India,2017,TV-PG,92 min,"Dramas, Independent Movies, International Movies",0
s7745,Movie,Pitaah,India,2002,TV-MA,127 min,"Dramas, International Movies, Music & Musicals",6
s7746,Movie,"Pizza, birra, faso",Argentina,1998,TV-MA,81 min,"Dramas, International Movies",18
s7747,Movie,"Plaire, aimer et courir vite",France,2018,TV-MA,133 min,"Dramas, Independent Movies, International Movies",6
s7750,Movie,Planet Hulk,United States,2010,TV-14,81 min,"Action & Adventure, Sci-Fi & Fantasy",14
s7751,Movie,Planetarium,"France, Belgium",2016,TV-MA,108 min,"Dramas, International Movies",4
s7752,Movie,Platoon,"United States, United Kingdom",1986,R,120 min,"Action & Adventure, Classic Movies, Dramas",3
s7753,Movie,Playing for Time,United States,1980,TV-14,149 min,Dramas,13
s7754,Movie,Playing Hard,"Canada, United States",2018,TV-MA,92 min,"Documentaries, International Movies",11
s7755,Movie,Pope Francis: A Man of His Word,"Switzerland, Vatican City, Italy, Germany, France",2018,PG,96 min,"Documentaries, Faith & Spirituality, International Movies",15
s7756,Movie,Popeye,United States,1980,PG,114 min,"Action & Adventure, Children & Family Movies, Comedies",18
s7758,Movie,Porto,"Portugal, France, Poland, United States",2016,TV-MA,77 min,"Dramas, Independent Movies, Romantic Movies",1
s7759,Movie,Postcards from London,United Kingdom,2018,TV-MA,90 min,"Dramas, Independent Movies, LGBTQ Movies",1
s7775,Movie,"Power Rangers Samurai: Christmas Together, Friends Forever (Christmas Special)",United States,2011,TV-Y7,24 min,Movies,16
s7776,Movie,Power Rangers Samurai: Clash of the Red Rangers,United States,2011,TV-Y7,46 min,Children & Family Movies,9
s7777,Movie,Power Rangers Samurai: Party Monsters (Halloween Special),United States,2011,TV-Y7,24 min,Movies,16
s7779,Movie,Power Rangers Super Megaforce: The Legendary Battle (Extended),United States,2014,TV-Y7,55 min,Movies,9
s7781,Movie,Power Rangers Super Samurai: Stuck on Christmas,United States,2012,TV-Y7,24 min,"Children & Family Movies, Sci-Fi & Fantasy",9
s7782,Movie,Power Rangers Super Samurai: Trickster Treat,United States,2012,TV-Y7,23 min,Movies,16
s7788,Movie,Power Rangers: Megaforce: Raising Spirits,United States,2013,TV-Y7,24 min,Children & Family Movies,9
s7789,Movie,Power Rangers: Megaforce: The Robo Knight Before Christmas,United States,2013,TV-Y7,24 min,Children & Family Movies,9
s7790,Movie,Prague,"India, Switzerland",2013,TV-MA,106 min,"Dramas, Independent Movies, International Movies",4
s7791,Movie,Prelude to War,United States,1942,TV-14,52 min,"Classic Movies, Documentaries",13
s7792,Movie,Premachi Goshta,India,2013,TV-14,127 min,"International Movies, Romantic Movies",19
s7793,Movie,Prescription Thugs,United States,2015,NR,86 min,Documentaries,11
s7794,Movie,Primal Fear,United States,1996,R,131 min,"Dramas, Thrillers",3
s7795,Movie,Prince Charming,Hong Kong,1984,TV-14,93 min,"Comedies, International Movies, Romantic Movies",18
s7797,Movie,Princess Cyd,United States,2017,TV-MA,97 min,"Dramas, Independent Movies, LGBTQ Movies",1
s7798,Movie,Professor Mack,United States,2018,TV-MA,84 min,"Comedies, Romantic Movies",1
s7800,Movie,Prosecuting Evil: The Extraordinary World of Ben Ferencz,Canada,2019,TV-MA,83 min,Documentaries,11
s7802,Movie,Pukar,India,2000,TV-14,165 min,"Action & Adventure, Dramas, International Movies",5
s7803,Movie,Pulp Fiction,United States,1994,R,154 min,"Classic Movies, Cult Movies, Dramas",3
s7804,Movie,Punjab 1984,"Canada, India",2014,TV-14,158 min,"Dramas, International Movies",19
s7805,Movie,Pusher,United Kingdom,2012,R,89 min,Action & Adventure,14
s7806,Movie,Pyaar Ka Punchnama,India,2011,TV-14,149 min,"Comedies, Dramas, International Movies",19
s7808,Movie,Q Ball,United States,2019,TV-MA,96 min,"Documentaries, Sports Movies",11
s7810,Movie,Quantum of Solace,"United Kingdom, United States",2008,PG-13,106 min,Action & Adventure,2
s7812,Movie,Queen of the Desert,"United States, Morocco",2015,PG-13,128 min,Dramas,2
s7815,Movie,R.L. Stine's Mostly Ghostly,United States,2008,PG,98 min,"Children & Family Movies, Comedies",12
s7817,Movie,Race to Witch Mountain,United States,2009,PG,99 min,Children & Family Movies,12
s7818,Movie,Rachel Getting Married,United States,2008,R,113 min,"Dramas, Independent Movies",10
s7819,Movie,Radical: the Controversial Saga of Dada Figueiredo,Brazil,2013,TV-MA,71 min,"Documentaries, International Movies, Sports Movies",15
s7820,Movie,Radiopetti,India,2015,TV-PG,83 min,"Dramas, International Movies",0
s7821,Movie,Raging Bull,United States,1980,R,129 min,"Classic Movies, Dramas, Sports Movies",13
s7822,Movie,Rahasya,India,2015,TV-14,117 min,"Dramas, International Movies",19
s7823,Movie,Raiders!: The Story of the Greatest Fan Film Ever Made,United States,2015,NR,93 min,Documentaries,11
s7824,Movie,Railroad Tigers,China,2016,TV-14,124 min,"Action & Adventure, Comedies, International Movies",17
s7825,Movie,Raja Hindustani,India,1996,TV-14,177 min,"Dramas, International Movies, Romantic Movies",5
s7826,Movie,Rajnigandha,India,1974,TV-PG,104 min,"Comedies, Dramas, Independent Movies",13
s7827,Movie,Ralph Breaks the Internet: Wreck-It Ralph 2,United States,2018,PG,113 min,"Children & Family Movies, Comedies",12
s7828,Movie,Ram Teri Ganga Maili,India,1985,TV-14,178 min,"Classic Movies, Dramas, International Movies",5
s7830,Movie,Ramen Shop,"Singapore, Japan, France",2018,TV-PG,90 min,"Dramas, International Movies",0
s7831,Movie,Ramji Londonwaley,India,2005,TV-14,154 min,"Comedies, Dramas, International Movies",19
s7832,Movie,Rampant,South Korea,2018,TV-MA,122 min,"Action & Adventure, Horror Movies, International Movies",15
s7833,Movie,Ranbhool,India,2010,TV-MA,115 min,"Horror Movies, International Movies, Thrillers",15
s7834,Movie,Rangreza,Pakistan,2017,TV-14,126 min,"Dramas, International Movies, Music & Musicals",19
s7835,Movie,Rats,United States,2016,NR,88 min,Documentaries,11
s7837,Movie,Reaction,Egypt,2011,TV-14,99 min,"Dramas, International Movies",17
s7838,Movie,Ready,India,2011,TV-PG,144 min,"Comedies, International Movies, Romantic Movies",0
s7840,Movie,Rebel Without a Cause,United States,1955,PG-13,111 min,"Classic Movies, Dramas",13
s7842,Movie,Recall,Canada,2018,TV-MA,73 min,Dramas,1
s7844,Movie,Red Christmas,Australia,2016,TV-MA,81 min,Horror Movies,15
s7845,Movie,Red Dawn,United States,1984,PG-13,114 min,"Action & Adventure, Cult Movies",18
s7846,Movie,Red Oleanders Raktokarobi,India,2017,TV-14,112 min,"Dramas, International Movies",19
s7847,Movie,Red Trees,United Kingdom,2017,TV-PG,80 min,"Documentaries, International Movies",0
s7849,Movie,Refugee,Unknown,2016,TV-PG,24 min,Documentaries,16
s7850,Movie,Regatta,Egypt,2015,TV-MA,100 min,"Action & Adventure, Dramas, International Movies",4
s7852,Movie,Reincarnated,United States,2012,R,96 min,"Documentaries, Music & Musicals",11
s7853,Movie,Rembat,Malaysia,2015,TV-PG,88 min,"Action & Adventure, Comedies, International Movies",0
s7854,Movie,Remember,"Canada, Mexico, Germany, South Africa",2015,R,95 min,"Action & Adventure, Dramas",14
s7855,Movie,Remember Me,United States,2010,PG-13,112 min,"Dramas, Romantic Movies",2
s7856,Movie,Rememory,"United Kingdom, United States, Canada",2017,PG-13,112 min,"Dramas, Sci-Fi & Fantasy",2
s7858,Movie,Resident Evil: Afterlife,"Germany, France, United States, Canada, United Kingdom",2010,R,97 min,"Action & Adventure, Horror Movies, Sci-Fi & Fantasy",14
s7859,Movie,Residente,United States,2017,TV-MA,97 min,"Documentaries, Music & Musicals",11
s7860,Movie,Restless Creature: Wendy Whelan,United States,2016,TV-MA,94 min,Documentaries,11
s7861,Movie,Return To The 36th Chamber,Hong Kong,1980,R,97 min,"Action & Adventure, Comedies, International Movies",18
s7862,Movie,Revelations,India,2016,NR,118 min,"Dramas, International Movies",6
s7864,Movie,Revenge of the Green Dragons,"Hong Kong, United States",2014,R,95 min,"Action & Adventure, Dramas, Independent Movies",10
s7866,Movie,Revolutionary Road,"United States, United Kingdom",2008,R,120 min,"Dramas, Romantic Movies",10
s7867,Movie,Rezeta,Mexico,2012,NR,84 min,"Dramas, Independent Movies, International Movies",4
s7869,Movie,Righteous Kill,United States,2008,R,101 min,"Dramas, Thrillers",10
s7870,Movie,Ringan,India,2015,TV-14,103 min,"Dramas, International Movies",17
s7872,Movie,Rise of the Zombie,India,2013,TV-MA,83 min,"Horror Movies, International Movies",15
s7874,Movie,Rivaaz,India,2011,TV-MA,107 min,"Dramas, Independent Movies, International Movies",4
s7875,Movie,Road to Sangam,India,2010,TV-14,136 min,"Dramas, Independent Movies, International Movies",19
s7876,Movie,Road to Yesterday,Nigeria,2015,TV-14,96 min,"Dramas, International Movies",17
s7877,Movie,Roberto Saviano: Writing Under Police Protection,Italy,2016,TV-14,45 min,"Documentaries, International Movies",16
s7878,Movie,Robin Hood: The Rebellion,United Kingdom,2018,TV-14,92 min,"Action & Adventure, Independent Movies, International Movies",17
s7880,Movie,Rocky,United States,1976,PG,120 min,"Action & Adventure, Classic Movies, Dramas",13
s7881,Movie,Rocky II,United States,1979,PG,119 min,"Dramas, Sports Movies",13
s7882,Movie,Rocky III,United States,1982,PG,100 min,"Dramas, Sports Movies",18
s7883,Movie,Rocky IV,United States,1985,PG,92 min,"Dramas, Sports Movies",18
s7884,Movie,Rocky V,United States,1990,PG-13,104 min,"Dramas, Sports Movies",3
s7885,Movie,Roger Corman's Death Race 2050,United States,2017,R,93 min,"Action & Adventure, Sci-Fi & Fantasy",14
s7886,Movie,Roh's Beauty,Egypt,2014,TV-MA,98 min,"Dramas, International Movies",4
s7887,Movie,Roll Red Roll,United States,2018,TV-MA,80 min,Documentaries,11
s7888,Movie,Rolling Papers,"United States, Uruguay",2015,TV-MA,79 min,Documentaries,11
s7889,Movie,Romeo Ranjha,"India, Canada",2014,TV-14,122 min,"Action & Adventure, Comedies, Music & Musicals",19
s7890,Movie,Room,"Ireland, Canada, United Kingdom, United States",2015,R,118 min,"Dramas, Independent Movies",10
s7891,Movie,Room for Rent,Canada,2017,TV-MA,89 min,"Comedies, Independent Movies",1
s7892,Movie,Room on the Broom,"United Kingdom, Germany",2012,TV-Y7,26 min,"Children & Family Movies, Independent Movies",9
s7894,Movie,Roots,Unknown,2016,TV-PG,62 min,"Documentaries, International Movies, Music & Musicals",16
s7895,Movie,Rosemary's Baby,United States,1968,R,137 min,"Classic Movies, Horror Movies, Thrillers",13
s7896,Movie,Rounders,United States,1998,R,121 min,Dramas,3
s7899,Movie,Rukh,India,2017,TV-MA,103 min,"Dramas, Independent Movies, International Movies",4
s7900,Movie,Rumble,Mexico,2016,TV-MA,92 min,"Action & Adventure, Independent Movies",1
s7901,Movie,Rumble in the Bronx,Hong Kong,1995,R,89 min,"Action & Adventure, Comedies, International Movies",18
s7902,Movie,Rumor Has It,"United States, Germany, Australia",2005,PG-13,97 min,"Comedies, Romantic Movies",2
s7903,Movie,Run,India,2004,TV-14,134 min,"Action & Adventure, International Movies, Music & Musicals",19
s7904,Movie,Runaway Bride,United States,1999,PG,116 min,"Comedies, Romantic Movies",3
s7905,Movie,Running for Grace,United States,2018,TV-14,110 min,"Dramas, Romantic Movies",17
s7906,Movie,Running Out Of Time,United States,2018,TV-14,88 min,Thrillers,11
s7908,Movie,Russell Madness,United States,2015,PG,93 min,"Children & Family Movies, Comedies, Sports Movies",12
s7910,Movie,Russell Peters: Notorious,United States,2013,NR,72 min,Stand-Up Comedy,7
s7911,Movie,Rustom,India,2016,TV-14,141 min,"Dramas, International Movies",19
s7912,Movie,S Is for Stanley,Italy,2016,TV-MA,82 min,"Documentaries, International Movies",15
s7913,Movie,S.W.A.T.,United States,2003,PG-13,117 min,Action & Adventure,3
s7914,Movie,Saath Saath,India,1982,TV-14,118 min,"Dramas, Independent Movies, International Movies",18
s7915,Movie,Sacro GRA,"Italy, France",2013,TV-MA,91 min,"Documentaries, International Movies",15
s7916,Movie,Sadece Sen,Turkey,2014,TV-MA,105 min,"Dramas, International Movies, Romantic Movies",4
s7917,Movie,Sadie's Last Days on Earth,Canada,2016,TV-14,94 min,"Comedies, Sci-Fi & Fantasy",17
s7918,Movie,Sadma,India,1983,TV-14,137 min,"Dramas, International Movies, Romantic Movies",5
s7920,Movie,Saeed Mirza: The Leftist Sufi,India,2016,TV-MA,61 min,"Documentaries, International Movies",16
s7921,Movie,Safety Not Guaranteed,United States,2012,R,86 min,"Comedies, Independent Movies, Romantic Movies",14
s7922,Movie,Saheb Bibi Golaam,India,2016,TV-MA,118 min,"Dramas, International Movies",6
s7923,Movie,Sairat,India,2016,TV-14,173 min,"Dramas, International Movies, Romantic Movies",19
s7924,Movie,Sakhi,India,2007,TV-PG,152 min,"Dramas, International Movies, Music & Musicals",5
s7925,Movie,Salem: His Sister's Father,Egypt,2014,TV-14,99 min,"Dramas, International Movies",17
s7926,Movie,Samantaral,India,2017,TV-MA,110 min,"Dramas, International Movies",4
s7927,Movie,Samarppanam,India,2017,TV-PG,116 min,"Dramas, International Movies",0
s7928,Movie,Sameer Abu Alneel,Egypt,2013,TV-14,107 min,"Comedies, International Movies",17
s7929,Movie,Samson,"South Africa, United States",2018,PG-13,109 min,"Action & Adventure, Dramas, Faith & Spirituality",2
s7930,Movie,Samudri Lootere,Unknown,2018,TV-Y,65 min,Children & Family Movies,9
s7931,Movie,San Pietro,United States,1945,TV-14,32 min,"Classic Movies, Documentaries",13
s7932,Movie,Sanai Choughade,India,2008,TV-14,122 min,"Comedies, Dramas, International Movies",19
s7933,Movie,Sangam,India,1964,TV-14,228 min,"Classic Movies, Dramas, International Movies",5
s7934,Movie,Santa Claws,United States,2014,TV-PG,86 min,"Children & Family Movies, Comedies",12
s7935,Movie,Santa's Apprentice,"Australia, France, Ireland",2010,TV-G,72 min,Children & Family Movies,9
s7936,Movie,Sarah's Key,France,2010,PG-13,102 min,"Dramas, International Movies",4
s7937,Movie,Sardaar ji,Canada,2015,TV-14,140 min,"Comedies, International Movies, Music & Musicals",19
s7938,Movie,Sardaarji 2,"Australia, India",2016,TV-PG,145 min,"Action & Adventure, Comedies, International Movies",19
s7939,Movie,Sarivar Sari,India,2005,TV-14,126 min,"Dramas, International Movies",19
s7940,Movie,Sarvopari Palakkaran,India,2017,TV-14,133 min,"Dramas, International Movies",19
s7941,Movie,Sat Sri Akal,India,2008,TV-14,141 min,"Dramas, Faith & Spirituality, International Movies",19
s7942,Movie,Satan & Adam,United States,2018,TV-MA,78 min,"Documentaries, Music & Musicals",11
s7944,Movie,Satrangi Re,India,2012,TV-14,150 min,"Dramas, International Movies, Music & Musicals",19
s7945,Movie,Satte Pe Satta,India,1982,TV-14,153 min,"Comedies, Cult Movies, Dramas",5
s7946,Movie,Saturday Church,United States,2017,TV-MA,83 min,"Dramas, LGBTQ Movies",1
s7947,Movie,Savage Dog,United States,2017,TV-MA,95 min,"Action & Adventure, Independent Movies",1
s7948,Movie,Savage Raghda,Egypt,2018,TV-MA,93 min,"Comedies, International Movies, Romantic Movies",8
s7950,Movie,Saving Mr. Banks,"United States, United Kingdom, Australia",2013,PG-13,126 min,"Comedies, Dramas",2
s7951,Movie,Saving Zoë,United States,2019,R,95 min,Dramas,10
s7952,Movie,Say When,United States,2014,R,99 min,"Comedies, Dramas, Independent Movies",10
s7953,Movie,Scales: Mermaids Are Real,United States,2017,PG,93 min,Children & Family Movies,12
s7955,Movie,Scandal in Sorrento,"Italy, France",1955,TV-PG,93 min,"Classic Movies, Comedies, Independent Movies",13
s7956,Movie,Scary Movie,United States,2000,R,88 min,"Comedies, Horror Movies",3
s7957,Movie,Scary Movie 5,United States,2013,PG-13,88 min,"Comedies, Horror Movies",2
s7958,Movie,Schindler's List,United States,1993,R,195 min,"Classic Movies, Dramas",5
s7959,Movie,School Daze,United States,1988,R,120 min,"Comedies, Dramas",3
s7960,Movie,Scooby-Doo on Zombie Island,United States,1998,TV-PG,77 min,Children & Family Movies,3
s7961,Movie,Scott Pilgrim vs. the World,"United States, United Kingdom, Canada, Japan",2010,PG-13,112 min,"Action & Adventure, Comedies, Cult Movies",2
s7962,Movie,Scream 2,United States,1997,R,121 min,Horror Movies,3
s7963,Movie,Scream 3,United States,2000,R,117 min,Horror Movies,3
s7964,Movie,Seal Team Six: The Raid on Osama Bin Laden,United States,2012,TV-MA,90 min,Action & Adventure,1
s7965,Movie,Searching for Bobby Fischer,United States,1993,PG,110 min,"Children & Family Movies, Classic Movies, Dramas",3
s7966,Movie,Searching for Sugar Man,"Sweden, United Kingdom, Finland",2012,PG-13,86 min,"Documentaries, International Movies, Music & Musicals",15
s7967,Movie,Season of the Witch,United States,2011,PG-13,95 min,"Action & Adventure, Sci-Fi & Fantasy",2
s7968,Movie,Secret,"Hong Kong, Taiwan",2007,TV-PG,101 min,"Dramas, International Movies, Music & Musicals",0
s7970,Movie,Secret in Their Eyes,"United States, United Kingdom, Spain, South Korea",2015,PG-13,111 min,"Dramas, Thrillers",2
s7971,Movie,Secrets of Althorp - The Spencers,United States,2013,TV-PG,54 min,"Documentaries, International Movies",16
s7972,Movie,Secrets of Chatsworth,United States,2013,TV-PG,54 min,"Documentaries, International Movies",16
s7973,Movie,Secrets of Henry VIII's Palace: Hampton Court,United States,2013,TV-PG,54 min,"Documentaries, International Movies",16
s7974,Movie,Secrets of Her Majesty's Secret Service,United Kingdom,2014,TV-PG,55 min,"Documentaries, International Movies",16
s7975,Movie,Secrets of Highclere Castle,United States,2013,TV-PG,54 min,"Documentaries, International Movies",16
s7976,Movie,Secrets of Scotland Yard,United Kingdom,2013,TV-14,55 min,Documentaries,16
s7977,Movie,Secrets of Selfridges,United States,2014,TV-PG,55 min,Documentaries,16
s7978,Movie,Secrets of the Tower of London,United Kingdom,2013,TV-PG,55 min,Documentaries,16
s7979,Movie,Secrets of Underground London,United Kingdom,2014,TV-PG,55 min,"Documentaries, International Movies",16
s7980,Movie,Secrets of Westminster,"United States, United Kingdom",2014,TV-PG,55 min,"Documentaries, International Movies",16
s7981,Movie,Sen Kimsin?,Turkey,2012,TV-14,102 min,"Comedies, International Movies",17
s7982,Movie,Senna,"United Kingdom, France, United States",2010,PG-13,106 min,"Documentaries, International Movies, Sports Movies",2
s7984,Movie,"Septiembre, un llanto en silencio",Guatemala,2017,TV-MA,69 min,"Dramas, Independent Movies, International Movies",4
s7986,Movie,Set Up,United States,2011,R,85 min,Action & Adventure,14
s7987,Movie,Sex and the City 2,United States,2010,R,146 min,"Comedies, Dramas, Romantic Movies",10
s7988,Movie,Sex and the City: The Movie,United States,2008,R,145 min,"Comedies, Dramas, Romantic Movies",10
s7989,Movie,Sex Doll,"United Kingdom, France",2016,UR,103 min,"Dramas, International Movies, Romantic Movies",4
s7990,Movie,"Sexo, Pudor y Lagrimas",Mexico,1999,R,111 min,"Comedies, Dramas, International Movies",3
s7991,Movie,SGT. Will Gardner,United States,2019,TV-MA,125 min,Dramas,1
s7993,Movie,Shahanpan Dega Deva,India,2011,TV-14,115 min,"Comedies, International Movies",19
s7995,Movie,Shakti: The Power,India,2002,TV-MA,168 min,"Dramas, International Movies, Thrillers",5
s7996,Movie,Shanghai,India,2012,TV-14,109 min,"Dramas, Independent Movies, International Movies",19
s7997,Movie,Shararat,India,2002,TV-PG,148 min,"Comedies, International Movies, Music & Musicals",5
s7998,Movie,Shark Busters,Hong Kong,2002,TV-14,92 min,"Dramas, International Movies",17
s7999,Movie,Shark Night,United States,2011,PG-13,91 min,Horror Movies,2
s8000,Movie,Shaurya: It Takes Courage to Make Right... Right,India,2008,TV-14,135 min,"Dramas, International Movies",19
s8001,Movie,She Did That,United States,2019,TV-PG,71 min,Documentaries,11
s8002,Movie,Shelter,United States,2010,R,112 min,"Horror Movies, Thrillers",14
s8004,Movie,Sherlock Holmes,"United States, Germany, United Kingdom, Australia",2009,PG-13,128 min,"Action & Adventure, Comedies",2
s8005,Movie,Shiva,India,1990,TV-MA,168 min,"Action & Adventure, Dramas, International Movies",5
s8006,Movie,Shopkins: Chef Club,United States,2016,TV-Y,45 min,Movies,16
s8007,Movie,Shopkins: Wild,Australia,2018,TV-Y,75 min,Movies,9
s8008,Movie,Shopkins: World Vacation,Australia,2017,TV-Y,71 min,Movies,9
s8009,Movie,Shorgul,India,2016,TV-14,122 min,"Dramas, International Movies",19
s8010,Movie,Short Term 12,United States,2013,R,97 min,"Dramas, Independent Movies",10
s8011,Movie,Shorts,"United States, United Arab Emirates",2009,PG,89 min,"Children & Family Movies, Comedies",12
s8012,Movie,SHOT! The Psycho-Spiritual Mantra of Rock,"United Kingdom, United States",2016,TV-MA,98 min,"Documentaries, Music & Musicals",11
s8013,Movie,Shuddhi,"India, United States",2017,TV-14,115 min,"Dramas, International Movies, Thrillers",19
s8014,Movie,Shutter,Thailand,2004,TV-MA,96 min,"Horror Movies, International Movies",15
s8015,Movie,Sicilian Ghost Story,"Italy, France, Switzerland",2017,TV-MA,119 min,"Dramas, International Movies, Thrillers",4
s8017,Movie,Siddhant,India,2014,TV-G,105 min,"Dramas, Independent Movies, International Movies",4
s8018,Movie,Silencer,United States,2018,TV-MA,88 min,"Action & Adventure, Independent Movies",1
s8019,Movie,Silent Hill: Revelation,"Canada, France, United States",2012,R,94 min,Horror Movies,14
s8020,Movie,Silicon Cowboys,United States,2016,TV-PG,77 min,Documentaries,11
s8024,Movie,Singh Saab the Great,India,2013,TV-14,143 min,"Action & Adventure, Dramas, International Movies",19
s8025,Movie,Single,Indonesia,2015,TV-PG,127 min,"Comedies, International Movies, Romantic Movies",0
s8026,Movie,Singularity,"Switzerland, United States",2017,PG-13,92 min,"Action & Adventure, Dramas, Sci-Fi & Fantasy",2
s8027,Movie,Sinister Circle,Peru,2017,TV-MA,87 min,"Horror Movies, International Movies",15
s8028,Movie,Siren,United States,2016,TV-MA,83 min,Horror Movies,1
s8029,Movie,Sister Code,United States,2015,R,95 min,"Comedies, Dramas, Romantic Movies",10
s8030,Movie,Skin Trade,"Thailand, Canada, United States",2014,R,96 min,Action & Adventure,14
s8033,Movie,Skiptrace,"China, Hong Kong, United States",2016,PG-13,107 min,"Action & Adventure, Comedies",2
s8034,Movie,Sky on Fire,"China, Hong Kong",2016,TV-MA,100 min,"Action & Adventure, International Movies",15
s8035,Movie,Skydancers,"United States, France",2014,TV-G,49 min,"Documentaries, Sports Movies",16
s8036,Movie,Skyline,United States,2010,PG-13,94 min,"Action & Adventure, Sci-Fi & Fantasy",2
s8037,Movie,Sleeping with Other People,United States,2015,R,101 min,"Comedies, Dramas, Independent Movies",10
s8038,Movie,Sleepover,United States,2004,PG,89 min,"Comedies, Romantic Movies",3
s8039,Movie,Sling Blade,United States,1996,R,135 min,"Dramas, Independent Movies",3
s8040,Movie,Sliver,United States,1993,R,107 min,Thrillers,3
s8042,Movie,Slow West,"United Kingdom, New Zealand",2015,R,84 min,"Action & Adventure, Dramas, International Movies",14
s8043,Movie,Small Soldiers,United States,1998,PG-13,110 min,"Action & Adventure, Comedies, Sci-Fi & Fantasy",3
s8044,Movie,Smart People,United States,2008,R,95 min,"Comedies, Dramas, Independent Movies",10
s8045,Movie,Smash: Motorized Mayhem,United States,2017,TV-MA,66 min,"Documentaries, Sports Movies",11
s8046,Movie,SMOSH: The Movie,United States,2015,PG-13,83 min,Comedies,2
s8047,Movie,Sniper: Special Ops,United States,2016,R,86 min,"Action & Adventure, Dramas",14
s8048,Movie,Socha Na Tha,India,2005,TV-14,137 min,"Comedies, International Movies, Romantic Movies",19
s8049,Movie,Social Animals,United States,2018,TV-MA,87 min,Documentaries,11
s8050,Movie,Soekarno,Indonesia,2013,TV-MA,142 min,"Dramas, International Movies",6
s8051,Movie,Solo Con Tu Pareja,Mexico,1991,NR,94 min,"Comedies, Independent Movies, International Movies",18
s8052,Movie,Solo: A Star Wars Story,United States,2018,PG-13,135 min,"Action & Adventure, Children & Family Movies, Sci-Fi & Fantasy",2
s8053,Movie,Solo: A Star Wars Story (Spanish Version),United States,2018,PG-13,135 min,"Action & Adventure, Children & Family Movies, Sci-Fi & Fantasy",2
s8054,Movie,Solomon Kane,"Czech Republic, United Kingdom, France",2009,R,104 min,"Action & Adventure, International Movies, Sci-Fi & Fantasy",14
s8055,Movie,Some Freaks,United States,2017,TV-MA,97 min,"Dramas, Romantic Movies",1
s8056,Movie,Something's Gotta Give,United States,2003,PG-13,128 min,"Comedies, Romantic Movies",3
s8057,Movie,Son of a Gun,"Australia, United Kingdom, Canada",2014,R,109 min,"Action & Adventure, Dramas, Independent Movies",10
s8058,Movie,Sons of Ben,United States,2016,NR,73 min,"Documentaries, Sports Movies",11
s8060,Movie,Soul Surfer,United States,2011,PG,106 min,"Dramas, Faith & Spirituality, Sports Movies",10
s8061,Movie,Soul to Keep,United States,2019,TV-MA,94 min,"Horror Movies, Independent Movies",1
s8062,Movie,Sour Grapes,United Kingdom,2016,NR,85 min,Documentaries,11
s8064,Movie,Sparkle,United States,1976,PG,98 min,"Dramas, Music & Musicals",13
s8066,Movie,Speech & Debate,United States,2017,PG-13,96 min,"Comedies, Dramas, Independent Movies",2
s8067,Movie,Speed Is My Need,United Kingdom,2019,TV-14,75 min,"Documentaries, Sports Movies",11
s8068,Movie,Spider-Man 3,United States,2007,PG-13,139 min,"Action & Adventure, Sci-Fi & Fantasy",2
s8069,Movie,Spider-Man: Into the Spider-Verse,United States,2018,PG,117 min,"Action & Adventure, Comedies",12
s8070,Movie,Spitfire: The Plane that Saved the World,United Kingdom,2018,TV-14,95 min,Documentaries,11
s8072,Movie,Spotlight,United States,2015,R,129 min,"Dramas, Independent Movies",10
s8073,Movie,Spring Breakers,"United States, France",2012,R,94 min,"Comedies, Cult Movies, Dramas",10
s8074,Movie,Sprinter,"Jamaica, United States",2018,TV-MA,112 min,"Dramas, International Movies, Sports Movies",4
s8075,Movie,Spy Kids,United States,2001,PG,88 min,"Children & Family Movies, Comedies",12
s8076,Movie,Spy Kids 2: The Island of Lost Dreams,United States,2002,PG,100 min,"Children & Family Movies, Comedies",12
s8077,Movie,Spy Kids 3: Game Over,United States,2003,PG,83 min,"Children & Family Movies, Comedies",12
s8078,Movie,Spy Time,Spain,2015,TV-MA,93 min,"Action & Adventure, Comedies, International Movies",8
s8079,Movie,St. Agatha,United States,2018,TV-MA,103 min,"Horror Movies, Independent Movies",1
s8080,Movie,Staged Killer,United States,2019,TV-14,88 min,Thrillers,11
s8081,Movie,Standoff,Canada,2015,R,86 min,Action & Adventure,14
s8082,Movie,Star Men,"Canada, United States, United Kingdom",2015,TV-14,88 min,Documentaries,11
s8083,Movie,Star Wars: Episode VIII: The Last Jedi,United States,2017,PG-13,152 min,"Action & Adventure, Children & Family Movies, Sci-Fi & Fantasy",2
s8085,Movie,Starred Up,United Kingdom,2013,TV-MA,106 min,"Dramas, Independent Movies, International Movies",4
s8087,Movie,Stealing History,United States,2006,TV-PG,52 min,"Documentaries, International Movies",16
s8088,Movie,Step Brothers,United States,2008,R,98 min,Comedies,14
s8089,Movie,Step Outside,Egypt,2018,TV-14,89 min,"Comedies, International Movies",17
s8090,Movie,Stephanie,United States,2017,R,86 min,Horror Movies,14
s8091,Movie,Sthaniya Sambaad,India,2010,TV-14,106 min,"Dramas, International Movies",19
s8092,Movie,Still,Thailand,2010,TV-MA,100 min,"Horror Movies, International Movies",15
s8093,Movie,Stink!,United States,2015,TV-PG,91 min,Documentaries,11
s8096,Movie,Stonehearst Asylum,United States,2014,PG-13,113 min,"Horror Movies, Thrillers",2
s8097,Movie,Stop at Nothing: The Lance Armstrong Story,"Australia, United Kingdom, United States, New Zealand, Italy, France",2014,NR,100 min,"Documentaries, International Movies, Sports Movies",11
s8099,Movie,Story of an Egg,India,2017,TV-PG,132 min,"Comedies, International Movies, Romantic Movies",0
s8100,Movie,Straight Up,United States,2020,TV-MA,96 min,"Comedies, Independent Movies, LGBTQ Movies",1
s8101,Movie,Strange but True,Canada,2019,PG-13,96 min,"Dramas, Thrillers",2
s8102,Movie,Stranger than Fiction,"United States, United Kingdom",2006,PG-13,113 min,"Comedies, Romantic Movies",2
s8104,Movie,Strictly Ballroom,"Australia, United Kingdom",1992,PG,95 min,"Classic Movies, Comedies, Romantic Movies",18
s8105,Movie,Strike a Pose,"Netherlands, Belgium",2016,TV-MA,85 min,"Documentaries, International Movies, LGBTQ Movies",15
s8106,Movie,Stripes,United States,1981,R,106 min,"Classic Movies, Comedies, Cult Movies",18
s8107,Movie,Striptease,United States,1996,R,117 min,"Comedies, Dramas",3
s8109,Movie,Stronger Than the World,Brazil,2016,NR,123 min,"Action & Adventure, Dramas, International Movies",6
s8111,Movie,Stuart Little 2,United States,2002,PG,78 min,"Children & Family Movies, Comedies",12
s8112,Movie,Submission,United States,2019,TV-MA,95 min,"Action & Adventure, Dramas",1
s8113,Movie,Suburra,"Italy, France",2015,NR,135 min,"Dramas, International Movies, Thrillers",6
s8114,Movie,Suckseed,Thailand,2011,TV-MA,130 min,"Comedies, International Movies, Music & Musicals",8
s8115,Movie,Sudani from Nigeria,India,2018,TV-14,115 min,"Comedies, Dramas, International Movies",19
s8116,Movie,Suicide (Hitabdut),Israel,2014,TV-MA,114 min,"International Movies, Thrillers",15
s8117,Movie,Suite Française,"United Kingdom, France, Canada, Belgium, United States",2014,TV-MA,107 min,"Dramas, International Movies, Romantic Movies",4
s8119,Movie,Summer Night,United States,2019,TV-MA,93 min,"Comedies, Dramas, Romantic Movies",1
s8120,Movie,Summer of '92,"Denmark, United Kingdom, Sweden",2015,TV-MA,94 min,"Dramas, International Movies, Sports Movies",4
s8121,Movie,Sunrise,"India, France",2014,TV-MA,85 min,"Dramas, Independent Movies, International Movies",4
s8123,Movie,Super Bheem Bana Vajraveer,India,2018,TV-Y7,63 min,Children & Family Movies,9
s8124,Movie,Super Dark Times,United States,2017,TV-MA,104 min,"Dramas, Independent Movies, Thrillers",1
s8125,Movie,Super Nani,India,2014,TV-PG,127 min,"Comedies, Dramas, International Movies",0
s8127,Movie,Superbad,United States,2007,R,113 min,"Comedies, Cult Movies",3
s8128,Movie,Superfly,United States,1972,R,91 min,"Action & Adventure, Classic Movies, Dramas",13
s8129,Movie,Superman Returns,United States,2006,PG-13,154 min,"Action & Adventure, Sci-Fi & Fantasy",2
s8131,Movie,Superstar,United States,1999,PG-13,82 min,Comedies,3
s8132,Movie,Surat Dari Praha,Indonesia,2016,TV-14,98 min,"Dramas, International Movies, Romantic Movies",17
s8134,Movie,Survivors Guide to Prison,United States,2017,TV-MA,103 min,Documentaries,11
s8135,Movie,Susanne Bartsch: On Top,United States,2017,TV-MA,86 min,"Documentaries, LGBTQ Movies",11
s8136,Movie,Sustainable,United States,2016,TV-G,92 min,Documentaries,11
s8137,Movie,Swami,India,1977,TV-PG,123 min,"Dramas, Independent Movies, International Movies",13
s8139,Movie,Sweeney Todd: The Demon Barber of Fleet Street,"United States, United Kingdom",2007,R,116 min,"Dramas, Horror Movies, Music & Musicals",10
s8140,Movie,Sweet Virginia,"United States, Canada",2017,R,93 min,"Dramas, Independent Movies, Thrillers",10
s8141,Movie,Swiss Army Man,"United States, Sweden",2016,R,97 min,"Comedies, Dramas, Independent Movies",10
s8142,Movie,Sword Master,"China, Hong Kong",2016,TV-MA,108 min,"Action & Adventure, Dramas, International Movies",4
s8143,Movie,Sword Masters: Two Champions of Shaolin,Hong Kong,1980,R,101 min,"Action & Adventure, International Movies",18
s8145,Movie,Taal,India,1999,TV-PG,177 min,"Dramas, International Movies, Music & Musicals",5
s8146,Movie,Tahaan,India,2008,TV-14,95 min,"Dramas, International Movies",17
s8147,Movie,Take Me Home Tonight,"United States, Germany",2011,R,97 min,"Comedies, Romantic Movies",14
s8150,Movie,Tamanchey,India,2014,TV-MA,111 min,"Action & Adventure, International Movies, Romantic Movies",15
s8151,Movie,Tarif de nuit,France,2015,TV-MA,81 min,"International Movies, Thrillers",15
s8152,Movie,Tarzan,United States,1999,G,89 min,Children & Family Movies,3
s8153,Movie,Tarzan 2,United States,2005,G,72 min,Children & Family Movies,12
s8154,Movie,Tattah,Egypt,2013,TV-14,112 min,"Comedies, International Movies",17
s8155,Movie,Tayo the Little Bus Movie: Mission Ace,United States,2016,TV-Y7,48 min,Children & Family Movies,9
s8156,Movie,Teach Us All,United States,2017,TV-14,81 min,Documentaries,11
s8157,Movie,Teen Patti,India,2010,TV-PG,137 min,"Dramas, International Movies, Thrillers",6
s8158,Movie,Teenage Cocktail,United States,2016,TV-MA,89 min,"Dramas, Independent Movies, LGBTQ Movies",1
s8159,Movie,Teenage Mutant Ninja Turtles,"Hong Kong, United States",2007,PG,87 min,"Children & Family Movies, Comedies",12
s8160,Movie,Teenage Mutant Ninja Turtles II: The Secret of the Ooze,"United States, Hong Kong",1991,PG,88 min,"Children & Family Movies, Comedies",18
s8161,Movie,Teenage Mutant Ninja Turtles: The Movie,Unknown,1990,PG,94 min,"Action & Adventure, Comedies",18
s8162,Movie,Tees Maar Khan,India,2010,TV-PG,125 min,"Comedies, International Movies, Music & Musicals",0
s8163,Movie,Tellur Aliens,"United States, Kazakhstan",2016,TV-Y7,67 min,Children & Family Movies,9
s8164,Movie,Temporada de Caza,"Argentina, France, United States, Germany, Qatar",2017,TV-MA,108 min,"Dramas, International Movies",4
s8165,Movie,Ten Years,Hong Kong,2015,TV-MA,102 min,"Dramas, Independent Movies, International Movies",4
s8167,Movie,Terminator 3: Rise of the Machines,"United States, Germany, United Kingdom",2003,R,109 min,"Action & Adventure, Sci-Fi & Fantasy",3
s8168,Movie,Terminator Salvation,"United States, Germany, United Kingdom, Italy",2009,PG-13,115 min,"Action & Adventure, Sci-Fi & Fantasy",2
s8169,Movie,Terra,France,2015,TV-PG,98 min,"Documentaries, International Movies",0
s8170,Movie,Terrifier,United States,2017,TV-MA,84 min,"Horror Movies, Independent Movies, Thrillers",1
s8171,Movie,Teshan,India,2016,TV-PG,133 min,"Comedies, International Movies, Romantic Movies",0
s8172,Movie,Tezz,"United Kingdom, India",2012,TV-MA,121 min,"Action & Adventure, International Movies, Music & Musicals",6
s8177,Movie,The 24 Hour War,United States,2016,TV-MA,100 min,"Documentaries, Sports Movies",11
s8178,Movie,The 4th Company,"Mexico, Spain",2016,TV-MA,117 min,"Action & Adventure, Dramas, International Movies",4
s8179,Movie,The Accountant of Auschwitz,Canada,2018,TV-14,78 min,"Documentaries, International Movies",17
s8180,Movie,The Adderall Diaries,United States,2015,R,87 min,"Dramas, Thrillers",10
s8182,Movie,The Adventure Club,Canada,2016,TV-Y7,88 min,Children & Family Movies,12
s8184,Movie,The Adventures of Sharkboy and Lavagirl,United States,2005,PG,93 min,Children & Family Movies,12
s8185,Movie,The Adventures of Tintin,"United States, New Zealand, United Kingdom",2011,PG,107 min,Children & Family Movies,12
s8186,Movie,The Aerial,Argentina,2007,TV-MA,99 min,"Dramas, International Movies, Sci-Fi & Fantasy",4
s8187,Movie,The Age of Shadows,South Korea,2016,TV-MA,140 min,"Action & Adventure, Dramas, International Movies",6
s8188,Movie,The American President,United States,1995,PG-13,113 min,"Comedies, Dramas, Romantic Movies",3
s8189,Movie,The Amityville Horror,United States,2005,R,89 min,Horror Movies,14
s8191,Movie,The Angry Birds Movie 2,"Finland, United States",2019,PG,97 min,"Children & Family Movies, Comedies",12
s8192,Movie,The Animal People,United States,2019,TV-MA,97 min,Documentaries,11
s8193,Movie,The Ant's Scream,Egypt,2010,TV-14,108 min,"Comedies, Dramas, International Movies",17
s8195,Movie,The Apostate,"Spain, France, Uruguay",2015,TV-MA,80 min,"Comedies, Dramas, International Movies",8
s8196,Movie,The Art of the Steal,"Canada, United States",2013,R,90 min,"Action & Adventure, Comedies, Independent Movies",14
s8197,Movie,The Art of War,"United States, Canada",2000,R,117 min,Action & Adventure,3
s8198,Movie,The Assignment,"France, Canada, United States",2016,R,95 min,Action & Adventure,14
s8199,Movie,The Autopsy of Jane Doe,"United Kingdom, United States",2016,R,86 min,"Horror Movies, Independent Movies, Thrillers",14
s8201,Movie,The Bachelors,United States,2017,TV-14,100 min,Dramas,1
s8202,Movie,The Bad Education Movie,United Kingdom,2015,TV-MA,87 min,Comedies,8
s8203,Movie,The Bad Kids,United States,2016,TV-MA,101 min,Documentaries,11
s8204,Movie,The Bare-Footed Kid,Hong Kong,1993,TV-14,83 min,"Action & Adventure, International Movies",18
s8205,Movie,The Basement,United States,2018,TV-MA,89 min,"Horror Movies, Thrillers",1
s8206,Movie,The Battle of Midway,United States,1942,TV-14,18 min,"Classic Movies, Documentaries",13
s8211,Movie,The Bill Murray Stories: Life Lessons Learned From a Mythical Man,United States,2018,TV-MA,72 min,Documentaries,11
s8212,Movie,The Black Room,United States,2016,TV-MA,95 min,Horror Movies,1
s8213,Movie,The Blackcoat's Daughter,"Canada, United States",2015,R,95 min,"Horror Movies, Independent Movies, Thrillers",14
s8214,Movie,The Bleeder,United States,2016,R,98 min,"Dramas, Sports Movies",10
s8216,Movie,The Bomb,United States,2016,TV-14,59 min,Documentaries,16
s8218,Movie,The Book of Eli,United States,2010,R,118 min,"Action & Adventure, Sci-Fi & Fantasy",14
s8219,Movie,The Boss's Daughter,France,2015,TV-MA,98 min,"Dramas, International Movies, Romantic Movies",4
s8220,Movie,The Bounty Hunter,United States,2010,PG-13,111 min,"Action & Adventure, Comedies, Romantic Movies",2
s8221,Movie,The Box,United States,2009,PG-13,116 min,"Sci-Fi & Fantasy, Thrillers",2
s8222,Movie,The Boy,"United States, Canada, China",2016,PG-13,97 min,"Horror Movies, Independent Movies, Thrillers",2
s8223,Movie,The Boy in the Striped Pajamas,"United Kingdom, United States",2008,PG-13,95 min,"Dramas, Independent Movies, International Movies",2
s8224,Movie,The Brave One,United States,2007,R,122 min,"Dramas, Thrillers",10
s8225,Movie,The Brawler,United States,2019,TV-MA,95 min,"Dramas, Independent Movies, Sports Movies",1
s8226,Movie,The Breadwinner,"Ireland, Canada, Luxembourg, United States, United Kingdom, Philippines, India",2017,PG-13,93 min,"Children & Family Movies, Dramas, International Movies",2
s8227,Movie,The Break-Up,United States,2006,PG-13,107 min,"Comedies, Dramas, Romantic Movies",2
s8228,Movie,The Bridge,Nigeria,2017,TV-14,119 min,"Dramas, International Movies, Romantic Movies",17
s8229,Movie,The Brothers Grimm,"United States, Czech Republic, United Kingdom",2005,PG-13,119 min,"Action & Adventure, Sci-Fi & Fantasy",2
s8230,Movie,The Bucket List,United States,2007,PG-13,97 min,"Comedies, Dramas",2
s8231,Movie,The Bulbul's Nest,Unknown,2013,TV-MA,96 min,"Comedies, International Movies",8
s8232,Movie,The Bund,Hong Kong,1983,TV-14,103 min,"Action & Adventure, Dramas, International Movies",18
s8233,Movie,The Bye Bye Man,"United States, China",2017,PG-13,96 min,"Horror Movies, Thrillers",2
s8234,Movie,The Bygone,United States,2019,TV-MA,106 min,"Independent Movies, Thrillers",1
s8235,Movie,The Cakemaker,"Israel, Germany",2017,TV-14,109 min,"Dramas, Independent Movies, International Movies",17
s8237,Movie,The Captive,Canada,2014,R,112 min,"Dramas, Thrillers",10
s8238,Movie,The Car,United States,1977,PG,96 min,"Cult Movies, Horror Movies",18
s8239,Movie,The Carter Effect,United States,2017,TV-MA,60 min,"Documentaries, Sports Movies",11
s8240,Movie,The Case for Christ,United States,2017,TV-PG,113 min,"Dramas, Faith & Spirituality",10
s8241,Movie,The Cell,Egypt,2017,TV-MA,126 min,"Action & Adventure, Dramas, International Movies",6
s8242,Movie,The CEO,Nigeria,2016,TV-14,109 min,"Dramas, International Movies, Thrillers",17
s8243,Movie,The Charnel House,United States,2016,R,93 min,"Horror Movies, Thrillers",14
s8245,Movie,The Chord,Egypt,2010,TV-MA,101 min,"Dramas, International Movies, Music & Musicals",4
s8246,Movie,The Chosen,"Spain, Mexico",2016,TV-14,111 min,"Dramas, International Movies, Thrillers",17
s8247,Movie,The Chosen Ones,"Mexico, France",2015,TV-MA,107 min,"Dramas, Independent Movies, International Movies",4
s8248,Movie,The Christmas Candle,"United Kingdom, United States",2013,PG,100 min,"Dramas, Faith & Spirituality",10
s8249,Movie,The Christmas Project,United States,2016,TV-PG,92 min,"Children & Family Movies, Comedies",12
s8250,Movie,The Cincinnati Kid,United States,1965,TV-14,103 min,"Classic Movies, Dramas",13
s8252,Movie,The Company Men,United States,2010,R,105 min,"Dramas, Independent Movies",10
s8253,Movie,The Competition,United States,2018,TV-14,103 min,"Comedies, Romantic Movies",17
s8254,Movie,The Confirmation,Canada,2016,PG-13,101 min,"Comedies, Dramas, Independent Movies",2
s8255,Movie,The Congress,"Israel, Germany, Poland, Luxembourg, Belgium, France, United States",2013,TV-MA,123 min,"Dramas, International Movies, Sci-Fi & Fantasy",4
s8256,Movie,The Consul's Son,Egypt,2011,TV-14,114 min,"Comedies, International Movies, Thrillers",17
s8257,Movie,The Craft,United States,1996,R,101 min,"Horror Movies, Thrillers",3
s8259,Movie,The Croods,United States,2013,PG,99 min,"Children & Family Movies, Comedies",12
s8260,Movie,The Crow,United States,1994,R,102 min,"Action & Adventure, Cult Movies, Sci-Fi & Fantasy",3
s8261,Movie,The Cruise,Poland,1970,TV-PG,66 min,"Comedies, Cult Movies, International Movies",18
s8262,Movie,The Crying Game,"United Kingdom, Japan, United States",1992,R,112 min,"Classic Movies, Independent Movies, Thrillers",3
s8264,Movie,The D Train,"United Kingdom, United States",2015,R,101 min,Comedies,14
s8265,Movie,The Damned Rain,India,2009,TV-14,99 min,"Dramas, International Movies",17
s8266,Movie,The Dancer,Indonesia,2011,TV-MA,105 min,"Dramas, International Movies, Romantic Movies",4
s8267,Movie,The Dark Crystal,"United States, United Kingdom",1982,PG,93 min,Children & Family Movies,18
s8268,Movie,The Dark Side of Life: Mumbai City,India,2018,TV-MA,121 min,"Dramas, International Movies",6
s8269,Movie,The Darkest Dawn,United Kingdom,2016,TV-MA,75 min,"Action & Adventure, Independent Movies, International Movies",15
s8270,Movie,The Daughter,Australia,2015,TV-MA,95 min,Dramas,4
s8271,Movie,The Dawn Wall,"Austria, United States",2017,TV-MA,100 min,"Documentaries, Sports Movies",11
s8273,Movie,The Departed,"United States, Hong Kong",2006,R,151 min,"Dramas, Thrillers",10
s8274,Movie,The Desert Bride,"Argentina, Chile",2017,TV-14,78 min,"Dramas, International Movies",17
s8275,Movie,The Detained,United States,2017,TV-14,85 min,"Horror Movies, Thrillers",1
s8276,Movie,The Devil and Father Amorth,"Italy, United States",2017,TV-PG,69 min,"Documentaries, Horror Movies",11
s8277,Movie,The Devil Inside,United States,2012,R,84 min,"Horror Movies, Thrillers",14
s8279,Movie,The Devil We Know,United States,2018,TV-14,88 min,Documentaries,11
s8280,Movie,The Diabolical,United States,2015,TV-MA,86 min,"Horror Movies, Sci-Fi & Fantasy, Thrillers",1
s8281,Movie,The Dreamer,Indonesia,2009,TV-PG,121 min,"Dramas, International Movies",0
s8282,Movie,The Drowning,"United States, Hong Kong",2016,TV-MA,99 min,Thrillers,1
s8284,Movie,The Duel,United States,2016,R,110 min,Dramas,10
s8285,Movie,The Dukes of Hazzard,United States,2005,PG-13,104 min,"Action & Adventure, Comedies",2
s8286,Movie,The Dukes of Hazzard: The Beginning,United States,2007,R,95 min,"Action & Adventure, Comedies",14
s8287,Movie,The Eichmann Show,"United Kingdom, Lithuania",2015,TV-MA,96 min,"Dramas, International Movies",4
s8289,Movie,The End of the Tour,United States,2015,R,106 min,"Dramas, Independent Movies",10
s8290,Movie,The Endless,United States,2017,TV-MA,112 min,"Independent Movies, Sci-Fi & Fantasy, Thrillers",1
s8291,Movie,The Evil Dead,United States,1981,TV-MA,85 min,"Classic Movies, Cult Movies, Horror Movies",18
s8292,Movie,The Exception,"United Kingdom, United States",2016,R,107 min,"Dramas, Romantic Movies",10
s8293,Movie,The Eyes of My Mother,United States,2016,R,76 min,"Horror Movies, Independent Movies",14
s8295,Movie,The Fear of 13,United Kingdom,2015,TV-MA,95 min,"Documentaries, International Movies",15
s8296,Movie,The Feels,United States,2018,TV-MA,88 min,"Comedies, Independent Movies, LGBTQ Movies",1
s8297,Movie,The Fighter,United States,2010,R,116 min,"Dramas, Sports Movies",10
s8298,Movie,The Figurine (Araromire),Nigeria,2009,TV-14,121 min,"Horror Movies, International Movies, Thrillers",17
s8299,Movie,The Final Destination,United States,2009,R,82 min,Horror Movies,14
s8300,Movie,The First Line,"United States, Greece, United Kingdom",2014,TV-14,87 min,"Dramas, Independent Movies",1
s8301,Movie,The First Temptation of Christ,Brazil,2019,TV-MA,46 min,"Comedies, International Movies",16
s8302,Movie,The First Wives Club,United States,1996,PG,103 min,Comedies,3
s8304,Movie,The Five Venoms,Hong Kong,1978,R,97 min,"Action & Adventure, Cult Movies, International Movies",18
s8305,Movie,The Flintstones,United States,1994,PG,91 min,"Children & Family Movies, Comedies",3
s8306,Movie,The Flintstones in Viva Rock Vegas,United States,2000,PG,91 min,"Children & Family Movies, Comedies, Romantic Movies",12
s8307,Movie,The Flying Guillotine,Hong Kong,1975,TV-MA,101 min,"Action & Adventure, Dramas, International Movies",18
s8308,Movie,The Forbidden Kingdom,"United States, China",2008,PG-13,104 min,"Action & Adventure, Sci-Fi & Fantasy",2
s8309,Movie,The Force,United States,2017,TV-MA,92 min,Documentaries,11
s8310,Movie,The Foreigner,"United Kingdom, China, United States, India",2017,R,113 min,"Action & Adventure, International Movies",14
s8311,Movie,The Forgotten,United Kingdom,2014,TV-MA,89 min,Horror Movies,15
s8313,Movie,The Founder,"United States, Greece",2016,PG-13,115 min,Dramas,2
s8314,Movie,The Free Man,New Zealand,2016,TV-PG,84 min,"Documentaries, Sports Movies",11
s8315,Movie,The Frozen Ground,United States,2013,R,106 min,"Dramas, Thrillers",10
s8318,Movie,The Gathering,Indonesia,2003,TV-14,124 min,"Comedies, Dramas, International Movies",19
s8319,Movie,The Gentleman Driver,United States,2018,TV-MA,83 min,"Documentaries, Sports Movies",11
s8320,Movie,The Ghost Who Walks,United States,2019,TV-MA,107 min,"Dramas, Independent Movies, Thrillers",1
s8321,Movie,The Girl with the Dragon Tattoo,"United States, Sweden, Norway",2011,R,158 min,"Dramas, Thrillers",10
s8323,Movie,The Golem,Israel,2018,TV-MA,95 min,"Horror Movies, Independent Movies, International Movies",15
s8324,Movie,The Good Catholic,United States,2017,PG-13,97 min,"Comedies, Dramas, Romantic Movies",2
s8325,Movie,The Good Neighbor,United States,2016,TV-MA,97 min,"Dramas, Independent Movies, Thrillers",1
s8326,Movie,"The Goods: Live Hard, Sell Hard",United States,2009,R,89 min,Comedies,14
s8327,Movie,The Gospel of John,"United Kingdom, United States, Morocco",2014,TV-14,161 min,"Dramas, Faith & Spirituality",19
s8328,Movie,The Gospel of Luke,"United States, United Kingdom, Morocco",2015,TV-14,205 min,"Dramas, Faith & Spirituality",5
s8329,Movie,The Gospel of Mark,Unknown,2015,TV-14,123 min,"Dramas, Faith & Spirituality",17
s8330,Movie,The Gospel of Matthew,Unknown,2014,TV-14,190 min,"Dramas, Faith & Spirituality",5
s8331,Movie,The Great Battle,South Korea,2018,TV-MA,136 min,"Action & Adventure, Dramas, International Movies",6
s8333,Movie,The Great Gambler,India,1979,TV-14,161 min,"Action & Adventure, Classic Movies, Cult Movies",5
s8334,Movie,The Great Raid,"United States, Australia",2005,R,133 min,"Action & Adventure, Dramas",10
s8336,Movie,The Green Hornet,United States,2011,PG-13,119 min,"Action & Adventure, Comedies",2
s8338,Movie,The Hatred,United States,2017,R,94 min,Horror Movies,14
s8339,Movie,The Haunting of Molly Hartley,United States,2008,PG-13,85 min,"Horror Movies, Thrillers",2
s8340,Movie,The Healer,"Spain, Canada, United States",2017,TV-14,108 min,"Children & Family Movies, Dramas, Faith & Spirituality",12
s8341,Movie,The Heat: A Kitchen (R)evolution,Canada,2018,TV-MA,71 min,Documentaries,11
s8342,Movie,The Help,United States,2011,PG-13,147 min,Dramas,2
s8343,Movie,The Heretics,Canada,2017,TV-MA,88 min,Horror Movies,15
s8344,Movie,The Heroes of Evil,Spain,2015,TV-MA,99 min,"Dramas, International Movies",4
s8345,Movie,The Heyday of the Insensitive Bastards,United States,2017,TV-MA,96 min,"Dramas, Independent Movies",1
s8346,Movie,The Hollow Point,United States,2016,R,97 min,Action & Adventure,14
s8347,Movie,The Holy Man,Thailand,2005,TV-14,92 min,"Comedies, Faith & Spirituality, International Movies",17
s8349,Movie,The House on Coco Road,United States,2016,TV-14,79 min,Documentaries,11
s8351,Movie,The Human Factor: The Untold Story of the Bombay Film Orchestras,India,2013,TV-PG,53 min,"Documentaries, International Movies, Music & Musicals",16
s8352,Movie,The Humanity Bureau,Canada,2017,R,94 min,"Action & Adventure, Sci-Fi & Fantasy",14
s8353,Movie,The Hundred-Foot Journey,"United States, India, United Arab Emirates",2014,PG,123 min,"Comedies, Dramas",10
s8355,Movie,The Hurricane Heist,"United Kingdom, United States",2018,PG-13,103 min,Action & Adventure,2
s8356,Movie,The Hurt Business,United States,2016,PG-13,111 min,"Documentaries, Sports Movies",2
s8357,Movie,The Imaginarium of Doctor Parnassus,"United Kingdom, Canada, France, United States",2009,PG-13,123 min,"Action & Adventure, Sci-Fi & Fantasy",2
s8359,Movie,The Incident,Mexico,2014,TV-MA,100 min,"International Movies, Sci-Fi & Fantasy, Thrillers",15
s8360,Movie,The Incredible Story of the Giant Pear,Denmark,2018,TV-G,75 min,Children & Family Movies,9
s8361,Movie,The Incredibles 2,United States,2018,PG,118 min,"Children & Family Movies, Comedies",12
s8362,Movie,The Indian in the Cupboard,United States,1995,PG,96 min,"Children & Family Movies, Dramas",3
s8363,Movie,The Informant!,United States,2009,R,108 min,"Comedies, Dramas",10
s8364,Movie,The Intent,United Kingdom,2016,TV-MA,99 min,"Dramas, International Movies, Thrillers",4
s8365,Movie,The Intent 2: The Come Up,United Kingdom,2018,TV-MA,103 min,"Dramas, International Movies",4
s8366,Movie,The Invention of Lying,United States,2009,PG-13,99 min,"Comedies, Romantic Movies",2
s8368,Movie,The Invitation,United States,2015,TV-MA,100 min,"Horror Movies, Independent Movies, Thrillers",1
s8370,Movie,The Iron Lady,"United Kingdom, France",2011,PG-13,105 min,"Dramas, International Movies",4
s8371,Movie,The Jack King Affair,France,2015,TV-14,52 min,"Documentaries, International Movies",16
s8373,Movie,The Jane Austen Book Club,United States,2007,PG-13,106 min,"Comedies, Dramas, Romantic Movies",2
s8375,Movie,The Jungle School,Indonesia,2013,TV-PG,90 min,"Dramas, International Movies",0
s8376,Movie,The Keeping Hours,United States,2017,PG-13,95 min,"Dramas, Thrillers",2
s8378,Movie,The King's Speech,"United Kingdom, United States, Australia",2010,R,118 min,"Dramas, International Movies",10
s8381,Movie,The Lake House,United States,2006,PG,98 min,"Dramas, Romantic Movies, Sci-Fi & Fantasy",3
s8382,Movie,The Lamb,United States,2017,PG,86 min,"Children & Family Movies, Faith & Spirituality",12
s8383,Movie,The Land of the Enlightened,"Belgium, Ireland, Netherlands, Germany, Afghanistan",2016,TV-MA,84 min,"Documentaries, International Movies",15
s8384,Movie,The Last Days of Chez Nous,Australia,1992,R,93 min,"Classic Movies, Dramas",18
s8385,Movie,The Last Exorcism,"France, United States",2010,PG-13,88 min,"Horror Movies, Independent Movies, Thrillers",2
s8386,Movie,The Last Face,United States,2016,R,131 min,Dramas,10
s8387,Movie,The Last Hangover,Brazil,2018,TV-MA,44 min,"Comedies, International Movies",16
s8388,Movie,The Last Man on the Moon,United Kingdom,2014,TV-PG,96 min,Documentaries,11
s8389,Movie,The Last Resort,United States,2018,TV-14,70 min,Documentaries,11
s8390,Movie,The Last Whistle,United States,2019,PG,88 min,"Dramas, Sports Movies",1
s8391,Movie,The Legend of 420,United States,2017,TV-MA,87 min,Documentaries,11
s8392,Movie,The Legend of Michael Mishra,India,2016,TV-14,118 min,"Comedies, Dramas, International Movies",19
s8394,Movie,The Little Hours,"Canada, United States",2017,R,89 min,"Comedies, Independent Movies",14
s8395,Movie,The Little Mermaid,United States,2018,PG,85 min,"Children & Family Movies, Dramas",12
s8396,Movie,The Little Prince,"France, Canada, Italy, United States, China",2015,PG,107 min,Children & Family Movies,12
s8397,Movie,The Lives of Others,Germany,2006,R,138 min,"Dramas, International Movies, Thrillers",6
s8399,Movie,The Lobster,"Ireland, United Kingdom, Greece, France, Netherlands",2015,R,119 min,"Comedies, International Movies, Romantic Movies",8
s8400,Movie,The Lodgers,Ireland,2017,R,93 min,"Horror Movies, International Movies",14
s8401,Movie,The Long Goodbye: The Kara Tippetts Story,United States,2019,TV-PG,87 min,"Documentaries, Faith & Spirituality",11
s8402,Movie,The Longest Yard,United States,1974,R,121 min,"Classic Movies, Comedies, Sports Movies",13
s8403,Movie,The Longshots,United States,2008,PG,95 min,"Comedies, Dramas, Sports Movies",12
s8404,Movie,The Look of Silence,"Denmark, Indonesia, Finland, Norway, United Kingdom, Israel, France, United States, Germany, Netherlands",2014,PG-13,103 min,"Documentaries, International Movies",2
s8405,Movie,The Lord of the Rings: The Return of the King,"New Zealand, United States",2003,PG-13,201 min,"Action & Adventure, Sci-Fi & Fantasy",5
s8406,Movie,The Lord of the Rings: The Two Towers,"New Zealand, United States",2002,PG-13,179 min,"Action & Adventure, Sci-Fi & Fantasy",5
s8407,Movie,The Love Guru,"United Kingdom, Germany, United States",2008,PG-13,87 min,"Comedies, Sports Movies",2
s8408,Movie,The Lovers and the Despot,United Kingdom,2016,TV-14,98 min,"Documentaries, International Movies",17
s8409,Movie,The lynx,Poland,1982,TV-14,82 min,"Dramas, International Movies",18
s8410,Movie,The Mad Monk,Hong Kong,1993,TV-14,85 min,"Comedies, International Movies, Sci-Fi & Fantasy",18
s8411,Movie,The Magic Pill,"United States, Australia, South Africa, United Kingdom",2017,TV-PG,90 min,Documentaries,11
s8413,Movie,The Man Who Would Be Polka King,United States,2009,TV-14,68 min,"Documentaries, Music & Musicals",11
s8414,Movie,The Mask of Zorro,"United States, Germany, Mexico",1998,PG-13,138 min,"Action & Adventure, Romantic Movies",3
s8415,Movie,The Matrix,United States,1999,R,136 min,"Action & Adventure, Sci-Fi & Fantasy",3
s8416,Movie,The Matrix Reloaded,United States,2003,R,138 min,"Action & Adventure, Sci-Fi & Fantasy",3
s8417,Movie,The Matrix Revolutions,United States,2003,R,129 min,"Action & Adventure, Sci-Fi & Fantasy",3
s8418,Movie,The Mayo Clinic,United States,2018,TV-14,116 min,Documentaries,11
s8419,Movie,The Mayor,South Korea,2017,TV-MA,130 min,"Dramas, International Movies",6
s8420,Movie,"The Memphis Belle: A Story of a
Flying Fortress",United States,1944,TV-PG,40 min,"Classic Movies, Documentaries",13
s8421,Movie,The Men Who Stare at Goats,"United States, United Kingdom",2009,R,94 min,Comedies,14
s8426,Movie,The Model,Denmark,2016,TV-MA,104 min,"Dramas, Independent Movies, International Movies",4
s8427,Movie,The Monster,"United States, Canada",2016,R,91 min,"Horror Movies, Independent Movies",14
s8428,Movie,The Monster of Mangatiti,New Zealand,2015,TV-MA,70 min,Dramas,1
s8431,Movie,The Muppets,United States,2011,PG,104 min,"Children & Family Movies, Comedies",12
s8433,Movie,The Music of Silence,Italy,2017,TV-PG,115 min,"Dramas, International Movies, Music & Musicals",0
s8434,Movie,The Naked Gun 2 1/2: The Smell of Fear,Unknown,1991,PG-13,85 min,Comedies,18
s8435,Movie,The Naked Gun: From the Files of Police Squad!,United States,1988,PG-13,85 min,"Comedies, Cult Movies",18
s8436,Movie,The Natural,United States,1984,PG,138 min,"Classic Movies, Dramas, Sports Movies",13
s8437,Movie,The Negro Soldier,United States,1944,TV-14,40 min,"Classic Movies, Documentaries",13
s8439,Movie,The New Romantic,Canada,2018,TV-MA,82 min,"Comedies, Independent Movies, Romantic Movies",1
s8441,Movie,The NSU-Complex,Germany,2016,TV-14,90 min,"Documentaries, International Movies",17
s8442,Movie,The Nutcracker and the Four Realms,United States,2018,PG,99 min,Children & Family Movies,12
s8444,Movie,The One I Love,United States,2014,R,91 min,"Comedies, Dramas, Independent Movies",10
s8445,Movie,The Only Mother To You All,Philippines,2008,TV-PG,106 min,"Comedies, International Movies",0
s8446,Movie,The Other Guys,United States,2010,PG-13,108 min,"Action & Adventure, Comedies",2
s8447,Movie,The Parole Officer,United Kingdom,2001,R,94 min,"Action & Adventure, Comedies",3
s8448,Movie,The Pass,United Kingdom,2016,NR,87 min,"Dramas, Independent Movies, LGBTQ Movies",1
s8449,Movie,The Peacemaker,United States,1997,R,124 min,Action & Adventure,3
s8450,Movie,The Pelican Brief,United States,1993,PG-13,141 min,"Dramas, Thrillers",3
s8451,Movie,The Perfect Day,Unknown,2018,TV-14,93 min,"Documentaries, International Movies, Sports Movies",17
s8452,Movie,The Perks of Being a Wallflower,United States,2012,PG-13,103 min,"Comedies, Dramas",2
s8453,Movie,The Phantom of the Opera,"United Kingdom, United States",2004,PG-13,141 min,"Dramas, Music & Musicals, Romantic Movies",2
s8454,Movie,The Physician,Germany,2013,R,155 min,"Action & Adventure, Dramas, International Movies",6
s8455,Movie,The Pink Panther,"United States, Czech Republic",2006,PG,93 min,"Children & Family Movies, Comedies",12
s8456,Movie,The Pirate Fairy,United States,2014,G,78 min,Children & Family Movies,12
s8457,Movie,The Pirates of Somalia,"Somalia, Kenya, Sudan, South Africa, United States",2017,R,118 min,Dramas,10
s8458,Movie,The Pirates! Band of Misfits,"United Kingdom, United States",2012,PG,88 min,"Children & Family Movies, Comedies",12
s8459,Movie,The Place Beyond the Pines,United States,2012,R,140 min,"Dramas, Independent Movies",10
s8460,Movie,The Plan,India,2015,TV-MA,124 min,"Dramas, International Movies, Thrillers",6
s8461,Movie,The Player,Egypt,2012,TV-MA,110 min,"Comedies, International Movies",8
s8462,Movie,The Polar Express,United States,2004,G,100 min,Children & Family Movies,12
s8463,Movie,The Power of Grayskull: The Definitive History of He-Man and the Masters of the Universe,"Canada, United States",2017,TV-14,96 min,Documentaries,11
s8464,Movie,The President's Barber,South Korea,2004,TV-MA,116 min,"Comedies, Dramas, International Movies",8
s8465,Movie,The Prince,"United States, United Kingdom",2014,R,91 min,Action & Adventure,14
s8466,Movie,The Prince & Me,"United States, Czech Republic",2004,PG,111 min,"Comedies, Romantic Movies",3
s8467,Movie,The Princess and the Frog,United States,2009,G,98 min,Children & Family Movies,12
s8468,Movie,The Prison,South Korea,2017,TV-MA,125 min,"Action & Adventure, Dramas, International Movies",6
s8469,Movie,The Pursuit,United States,2019,TV-14,76 min,Documentaries,11
s8470,Movie,The Pursuit of Happyness,United States,2006,PG-13,117 min,Dramas,2
s8471,Movie,The Push,United States,2018,TV-MA,90 min,"Documentaries, Sports Movies",11
s8473,Movie,The Rainbow Troops,Indonesia,2008,TV-PG,119 min,"Children & Family Movies, Dramas, International Movies",0
s8474,Movie,The Rainmaker,"United States, Germany",1997,PG-13,136 min,"Dramas, Thrillers",3
s8476,Movie,The Rat Race,India,2010,TV-PG,52 min,"Documentaries, International Movies",16
s8478,Movie,The Real Miyagi,"United States, Canada, Japan, Panama",2015,TV-PG,81 min,"Documentaries, Sports Movies",11
s8479,Movie,The Rebound,United States,2016,TV-MA,77 min,"Documentaries, Sports Movies",11
s8480,Movie,The Redeemed and the Dominant: Fittest on Earth,United States,2017,TV-14,120 min,"Documentaries, Sports Movies",11
s8481,Movie,The Rehearsal,New Zealand,2016,TV-MA,102 min,"Dramas, Independent Movies, International Movies",4
s8482,Movie,The Republic of Imbaba,Unknown,2015,TV-14,90 min,"Dramas, International Movies",17
s8484,Movie,The Rezort,"United Kingdom, Spain, Belgium",2016,TV-MA,90 min,"Horror Movies, International Movies",15
s8485,Movie,The Rift: The Dark Side of the Moon,"Serbia, South Korea, Slovenia",2016,TV-MA,92 min,"Horror Movies, Independent Movies, Sci-Fi & Fantasy",1
s8486,Movie,The Right One,Egypt,2011,TV-14,93 min,"Dramas, International Movies, Romantic Movies",17
s8487,Movie,The Ring,United States,2002,PG-13,116 min,"Horror Movies, Thrillers",3
s8488,Movie,The Riot Club,United Kingdom,2014,R,107 min,"Dramas, International Movies",10
s8489,Movie,The River Thief,United States,2016,NR,87 min,"Dramas, Independent Movies",1
s8490,Movie,The River Wild,United States,1994,PG-13,111 min,Action & Adventure,3
s8492,Movie,The Rolling Stones: Olé Olé Olé! A Trip Across Latin America,United Kingdom,2016,TV-MA,101 min,"Documentaries, International Movies, Music & Musicals",15
s8493,Movie,The Roommate,United States,2011,PG-13,91 min,Thrillers,2
s8494,Movie,The Rover,"Australia, United States",2014,R,103 min,"International Movies, Thrillers",14
s8495,Movie,THE RUM DIARY,"United States, United Kingdom",2011,R,120 min,"Comedies, Dramas",10
s8496,Movie,The Runner,United States,2015,R,90 min,"Dramas, Independent Movies",10
s8497,Movie,The Salvation,"Denmark, United Kingdom, South Africa, Sweden, Belgium",2014,R,92 min,"Dramas, Independent Movies, International Movies",10
s8498,Movie,The Sapphires,Australia,2012,PG-13,99 min,"Comedies, Dramas, Independent Movies",2
s8499,Movie,The Score,"Germany, Canada, United States",2001,R,124 min,"Dramas, Thrillers",3
s8500,Movie,The Sea of Trees,United States,2015,PG-13,111 min,Dramas,2
s8501,Movie,The Search for Life in Space,United States,2016,TV-G,32 min,Documentaries,16
s8502,Movie,The Secret Life of Pets 2,"United States, France, Japan",2019,PG,86 min,"Children & Family Movies, Comedies",12
s8503,Movie,The Seven Five,United States,2014,R,104 min,Documentaries,14
s8505,Movie,The Shaukeens,India,2014,TV-MA,123 min,"Comedies, International Movies, Music & Musicals",8
s8506,Movie,The Show,United States,2017,TV-MA,105 min,Dramas,1
s8507,Movie,The Sign of Venus,Italy,1955,TV-14,97 min,"Classic Movies, Comedies, Independent Movies",13
s8508,Movie,The Signal,United States,2014,PG-13,97 min,"Sci-Fi & Fantasy, Thrillers",2
s8509,Movie,The Similars,Mexico,2015,NR,90 min,"Horror Movies, Independent Movies, International Movies",15
s8510,Movie,The Sinking Of Van Der Wijck,Indonesia,2013,TV-14,163 min,"Dramas, International Movies, Romantic Movies",19
s8512,Movie,The Social Network,United States,2010,PG-13,121 min,Dramas,2
s8513,Movie,The Space Between Us,United States,2016,PG-13,120 min,"Action & Adventure, Romantic Movies, Sci-Fi & Fantasy",2
s8514,Movie,The Spectacular Now,United States,2013,R,95 min,"Dramas, Independent Movies, Romantic Movies",10
s8515,Movie,The spiral,Poland,1978,TV-MA,84 min,"Dramas, Independent Movies, International Movies",18
s8516,Movie,The Spy Next Door,United States,2010,PG,94 min,"Action & Adventure, Children & Family Movies, Comedies",12
s8517,Movie,The Spy Who Fell to Earth,United Kingdom,2019,TV-MA,94 min,"Documentaries, International Movies",15
s8518,Movie,The Stanford Prison Experiment,United States,2015,R,122 min,"Dramas, Independent Movies, Thrillers",10
s8521,Movie,The Student,United States,2017,TV-14,90 min,Thrillers,11
s8522,Movie,The Sunshine Makers,United Kingdom,2015,TV-MA,91 min,"Documentaries, International Movies",15
s8523,Movie,The Super,United States,2017,R,89 min,Horror Movies,14
s8525,Movie,The Surrounding Game,United States,2018,TV-14,98 min,Documentaries,11
s8526,Movie,The Taking of Pelham 123,"United States, United Kingdom",2009,R,106 min,Action & Adventure,14
s8527,Movie,The Talented Mr. Ripley,United States,1999,R,139 min,"Dramas, Thrillers",3
s8528,Movie,The Texas Chainsaw Massacre,United States,1974,R,83 min,"Cult Movies, Horror Movies, Independent Movies",18
s8529,Movie,The Thief and the Imbecile,Egypt,2013,TV-14,96 min,"Dramas, International Movies",17
s8530,Movie,The Tiger Hunter,United States,2016,TV-14,94 min,"Comedies, Dramas, Independent Movies",1
s8531,Movie,The Tigers of Scotland,United Kingdom,2017,TV-G,58 min,Documentaries,16
s8532,Movie,The Time Machine,"United States, United Arab Emirates",2002,PG-13,96 min,"Action & Adventure, Sci-Fi & Fantasy",3
s8533,Movie,The Time Traveler's Wife,United States,2009,PG-13,107 min,"Dramas, Romantic Movies, Sci-Fi & Fantasy",2
s8535,Movie,The Tribes of Palos Verdes,United States,2017,R,104 min,"Dramas, Independent Movies, Sports Movies",10
s8536,Movie,The Trigger Effect,United States,1996,R,94 min,Thrillers,3
s8537,Movie,The Trip to Spain,United Kingdom,2016,TV-MA,108 min,Comedies,8
s8538,Movie,The Trust,United States,2015,R,91 min,Thrillers,14
s8539,Movie,The Truth About Alcohol,United Kingdom,2016,TV-14,58 min,"Documentaries, International Movies",16
s8541,Movie,The Tuxedo,United States,2002,PG-13,99 min,"Action & Adventure, Comedies",3
s8543,Movie,The Ugly Truth,United States,2009,R,96 min,"Comedies, Romantic Movies",14
s8544,Movie,The Unborn Child,Thailand,2011,TV-MA,93 min,"Horror Movies, International Movies",15
s8547,Movie,The Unknown Girl,"Belgium, France",2016,TV-MA,106 min,"Dramas, International Movies",4
s8548,Movie,The Unknown Known,United States,2013,PG-13,103 min,Documentaries,2
s8549,Movie,The Vatican Tapes,United States,2015,PG-13,91 min,"Horror Movies, Thrillers",2
s8551,Movie,The Walls of the Moon,Egypt,2015,TV-14,98 min,"Action & Adventure, Dramas, International Movies",17
s8553,Movie,The Water Diviner,"Australia, United States",2014,R,111 min,"Dramas, International Movies",10
s8554,Movie,The Water Horse: Legend of the Deep,"New Zealand, United Kingdom, Australia",2007,PG,112 min,Children & Family Movies,12
s8555,Movie,The Waterboy,United States,1998,PG-13,90 min,"Comedies, Sports Movies",3
s8556,Movie,The Wedding Curse,Philippines,2006,TV-PG,101 min,"Horror Movies, International Movies",0
s8557,Movie,The Wedding Party 2: Destination Dubai,Nigeria,2017,TV-14,98 min,"Comedies, International Movies, Romantic Movies",17
s8559,Movie,The Witch,"United Kingdom, Canada, United States",2015,R,92 min,"Horror Movies, Independent Movies",14
s8560,Movie,The Witch Files,United States,2018,TV-14,88 min,"Horror Movies, Thrillers",1
s8562,Movie,The Women Who Kill Lions,United Kingdom,2016,TV-MA,47 min,"Documentaries, International Movies",16
s8563,Movie,The Women's Balcony,Israel,2016,TV-PG,100 min,"Comedies, Dramas, Faith & Spirituality",0
s8564,Movie,The Workshop,France,2017,TV-MA,114 min,"Dramas, International Movies",4
s8565,Movie,The World Is Not Enough,"United Kingdom, United States",1999,PG-13,128 min,Action & Adventure,3
s8566,Movie,The World's Most Wanted Animal,United Kingdom,2018,TV-PG,53 min,Documentaries,16
s8567,Movie,The Wrong Babysitter,Canada,2017,TV-14,89 min,Thrillers,17
s8569,Movie,The Young Offenders,Ireland,2016,TV-MA,83 min,"Comedies, International Movies",8
s8570,Movie,The Young Vagabond,Hong Kong,1985,TV-14,85 min,"Action & Adventure, Comedies, International Movies",18
s8571,Movie,Theater of Life,Canada,2016,TV-PG,94 min,Documentaries,11
s8572,Movie,Theeram,India,2017,TV-14,104 min,"Dramas, International Movies, Romantic Movies",17
s8573,Movie,"Thelonious Monk: Straight, No Chaser",United States,1988,PG-13,89 min,"Documentaries, Music & Musicals",18
s8574,Movie,Theo Who Lived,United States,2016,TV-14,86 min,Documentaries,11
s8577,Movie,This Is Not What I Expected,China,2017,TV-PG,107 min,"Comedies, International Movies, Romantic Movies",0
s8578,Movie,This Was Tomorrow,Belgium,2015,NR,77 min,"Documentaries, International Movies, Music & Musicals",15
s8579,Movie,Thithi,"India, United States",2015,TV-MA,123 min,"Dramas, Independent Movies, International Movies",6
s8580,Movie,Thong Dee Fun Khao,Thailand,2017,TV-MA,122 min,"Action & Adventure, International Movies, Sports Movies",15
s8581,Movie,Thor: Ragnarok,United States,2017,PG-13,131 min,"Action & Adventure, Comedies, Sci-Fi & Fantasy",2
s8582,Movie,Thor: Tales of Asgard,"United States, Canada",2011,TV-Y7,77 min,Children & Family Movies,12
s8583,Movie,Thorne: Scaredy Cat,United Kingdom,2010,NR,125 min,"Dramas, International Movies",6
s8584,Movie,Thorne: Sleepyhead,"United Kingdom, Australia, Canada, United States",2010,NR,125 min,"Dramas, International Movies",10
s8585,Movie,Three,"Hong Kong, China",2016,TV-MA,88 min,"Action & Adventure, International Movies",15
s8586,Movie,Three-Quarters Decent,Unknown,2010,TV-14,96 min,"Comedies, Dramas, International Movies",17
s8587,Movie,Thumper,United States,2017,TV-MA,93 min,"Dramas, Thrillers",1
s8588,Movie,Thunderbolt,United States,1947,TV-PG,42 min,"Classic Movies, Documentaries",13
s8590,Movie,Tik Tok,China,2016,TV-14,108 min,"Dramas, International Movies, Thrillers",17
s8591,Movie,Tikli and Laxmi Bomb,India,2017,TV-MA,151 min,"Dramas, International Movies",6
s8592,Movie,Time Please,India,2013,TV-14,125 min,"Comedies, Dramas, International Movies",19
s8595,Movie,Tinker Bell and the Legend of the NeverBeast,United States,2014,G,78 min,Children & Family Movies,12
s8596,Movie,Tinker',United States,2018,TV-14,97 min,"Dramas, Independent Movies, Sci-Fi & Fantasy",1
s8598,Movie,To Be a Miss,"United States, Venezuela",2016,TV-14,84 min,Documentaries,11
s8599,Movie,"To Wong Foo, Thanks for Everything! Julie Newmar",United States,1995,PG-13,108 min,"Comedies, Cult Movies, LGBTQ Movies",3
s8602,Movie,Tokyo Idols,"United Kingdom, Canada, Japan",2017,TV-14,89 min,"Documentaries, International Movies, Music & Musicals",17
s8603,Movie,Tom and Jerry: The Magic Ring,Unknown,2001,TV-Y7,60 min,"Children & Family Movies, Comedies",9
s8604,Movie,Tomorrow Never Dies,"United Kingdom, United States",1997,PG-13,119 min,Action & Adventure,3
s8607,Movie,Tope: The Bait,India,2016,TV-14,87 min,"Dramas, Independent Movies, International Movies",17
s8608,Movie,Tortilla Soup,United States,2001,PG-13,104 min,"Comedies, Dramas, Romantic Movies",3
s8609,Movie,Total Frat Movie,United States,2016,NR,94 min,Comedies,12
s8611,Movie,Tracers,United States,2015,PG-13,94 min,Action & Adventure,2
s8612,Movie,Traffic Signal,India,2007,TV-MA,130 min,"Dramas, Independent Movies, International Movies",6
s8613,Movie,Train of the Dead,Thailand,2007,TV-MA,88 min,"Horror Movies, International Movies",15
s8614,Movie,Train to Busan,South Korea,2016,TV-MA,118 min,"Action & Adventure, Horror Movies, International Movies",15
s8615,Movie,Trainspotting,United Kingdom,1996,R,94 min,"Comedies, Cult Movies, Dramas",3
s8616,Movie,Traitor,United States,2008,PG-13,114 min,"Dramas, Thrillers",2
s8617,Movie,Transcendence,"United Kingdom, China, United States",2014,PG-13,119 min,"Sci-Fi & Fantasy, Thrillers",2
s8618,Movie,Trash,"United Kingdom, Brazil, Germany",2014,R,114 min,"Dramas, Independent Movies, Thrillers",10
s8619,Movie,Trash Fire,United States,2016,R,94 min,"Comedies, Dramas, Independent Movies",10
s8620,Movie,Treasures from the Wreck of the Unbelievable,United Kingdom,2017,TV-G,82 min,"Documentaries, Dramas, International Movies",4
s8621,Movie,Tree Man,Canada,2015,TV-PG,82 min,Documentaries,11
s8622,Movie,Tremors,United States,1990,PG-13,96 min,"Comedies, Cult Movies, Horror Movies",3
s8623,Movie,Tremors 2: Aftershocks,Unknown,1995,PG-13,100 min,"Comedies, Horror Movies, Sci-Fi & Fantasy",3
s8624,Movie,Tremors 3: Back to Perfection,United States,2001,PG,104 min,"Comedies, Horror Movies, Sci-Fi & Fantasy",3
s8625,Movie,Tremors 4: The Legend Begins,United States,2004,PG-13,101 min,"Comedies, Horror Movies, Sci-Fi & Fantasy",2
s8626,Movie,Tremors 5:  Bloodline,"South Africa, United States",2015,PG-13,99 min,"Comedies, Horror Movies, Sci-Fi & Fantasy",2
s8627,Movie,Tremors 6: A Cold Day in Hell,"United States, South Africa",2018,PG-13,98 min,"Action & Adventure, Comedies, Horror Movies",2
s8628,Movie,Trespass Against Us,United Kingdom,2016,R,100 min,Dramas,10
s8629,Movie,"Trikal (Past, Present, Future)",India,1985,TV-14,134 min,"Comedies, Dramas, Independent Movies",5
s8630,Movie,Trimurti,India,1995,TV-PG,173 min,"Action & Adventure, Dramas, International Movies",5
s8631,Movie,Trip to Bhangarh: Asia's Most Haunted Place,India,2014,TV-MA,113 min,"International Movies, Thrillers",15
s8632,Movie,Trixie Mattel: Moving Parts,United States,2019,TV-MA,91 min,"Documentaries, Music & Musicals",11
s8633,Movie,Trophy,"United Kingdom, Namibia, South Africa, Zimbabwe, United States",2017,TV-MA,110 min,"Documentaries, International Movies",11
s8635,Movie,Troy: The Odyssey,United States,2017,TV-MA,90 min,Action & Adventure,1
s8636,Movie,True Grit,United States,1969,G,128 min,"Classic Movies, Dramas",13
s8637,Movie,True to the Game,United States,2017,R,108 min,Dramas,10
s8638,Movie,Trumbo,United States,2015,R,124 min,"Dramas, Independent Movies",10
s8639,Movie,Tucker and Dale vs. Evil,"Canada, United States, India, United Kingdom",2010,R,89 min,"Comedies, Horror Movies, Independent Movies",14
s8640,Movie,Tukaram,India,2012,TV-PG,162 min,"Dramas, Faith & Spirituality, International Movies",6
s8641,Movie,Tunisian Victory,"United States, United Kingdom",1944,TV-14,76 min,"Classic Movies, Documentaries",13
s8642,Movie,Turbo,United States,2013,PG,96 min,"Children & Family Movies, Comedies",12
s8643,Movie,Tusk,United States,2014,R,102 min,Horror Movies,14
s8644,Movie,Twice,"Japan, United States",2010,TV-14,53 min,"Documentaries, International Movies",16
s8646,Movie,Twinsanity,United States,2018,TV-MA,86 min,"Horror Movies, Independent Movies, Thrillers",1
s8648,Movie,"Twisted Trunk, Big Fat Body",India,2015,TV-14,89 min,"Dramas, International Movies",17
s8649,Movie,Two Graves,United Kingdom,2018,TV-MA,80 min,Thrillers,15
s8650,Movie,Two Lovers and a Bear,Canada,2016,R,95 min,"Dramas, Independent Movies, Romantic Movies",10
s8651,Movie,Tyke Elephant Outlaw,Australia,2015,TV-14,78 min,"Documentaries, International Movies",17
s8652,Movie,Tyson,"United States, France",2008,R,90 min,"Documentaries, Sports Movies",14
s8653,Movie,Ugly,India,2013,NR,125 min,"Dramas, International Movies, Thrillers",6
s8655,Movie,Una,"United Kingdom, Canada, United States",2016,R,94 min,"Dramas, International Movies",10
s8656,Movie,Unaccompanied Minors,United States,2006,PG,90 min,"Children & Family Movies, Comedies",12
s8657,Movie,Unacknowledged,United States,2017,TV-MA,104 min,Documentaries,11
s8658,Movie,Under an Arctic Sky,United States,2017,TV-14,40 min,"Action & Adventure, Documentaries, Sports Movies",16
s8659,Movie,Under The Skin,"Switzerland, United Kingdom, United States",2013,R,108 min,"Dramas, Independent Movies, International Movies",10
s8660,Movie,Undercover Grandpa,Canada,2016,PG-13,94 min,"Action & Adventure, Children & Family Movies, Comedies",12
s8661,Movie,Undercover: How to Operate Behind Enemy Lines,United States,1943,TV-PG,61 min,"Classic Movies, Documentaries",13
s8662,Movie,Unfinished Song,"United Kingdom, Germany",2012,PG-13,94 min,"Comedies, Dramas, Independent Movies",2
s8663,Movie,Union Leader,"Canada, India",2017,TV-14,105 min,"Dramas, Independent Movies, International Movies",17
s8664,Movie,Unruly Friends,Egypt,2011,TV-14,83 min,"International Movies, Thrillers",17
s8665,Movie,Up in the Air,United States,2009,R,110 min,"Comedies, Dramas, Romantic Movies",10
s8666,Movie,Urvi,India,2017,TV-MA,121 min,"Dramas, Independent Movies, International Movies",6
s8667,Movie,Used Goods,Egypt,2018,TV-14,95 min,"Action & Adventure, Comedies, International Movies",17
s8668,Movie,USS Indianapolis: Men of Courage,United States,2016,R,130 min,Action & Adventure,14
s8669,Movie,V for Vendetta,"United States, United Kingdom, Germany",2005,R,132 min,"Action & Adventure, Dramas, Sci-Fi & Fantasy",10
s8671,Movie,Vantage Point,United States,2008,PG-13,90 min,Action & Adventure,2
s8672,Movie,Veerappan,India,2016,TV-14,117 min,"Action & Adventure, Dramas, International Movies",19
s8673,Movie,Veerey Ki Wedding,India,2018,TV-14,130 min,"Comedies, Dramas, International Movies",19
s8674,Movie,Vegas Baby,United States,2016,TV-14,78 min,Documentaries,11
s8675,Movie,Viceroy's House,"United Kingdom, India, Sweden",2017,NR,106 min,Dramas,4
s8676,Movie,Victor,United States,2015,PG-13,110 min,Dramas,2
s8677,Movie,Viking Destiny,"United Kingdom, Belgium",2018,R,91 min,"Action & Adventure, Sci-Fi & Fantasy",14
s8678,Movie,Vikings Unearthed,United States,2016,TV-PG,113 min,Documentaries,11
s8679,Movie,Vincent N Roxxy,United States,2016,R,101 min,"Dramas, Thrillers",10
s8681,Movie,Viswasapoorvam Mansoor,India,2017,TV-14,125 min,"Dramas, International Movies",19
s8682,Movie,Vitti Dandu,India,2014,TV-14,116 min,"Dramas, International Movies",19
s8683,Movie,Vizontele Tuuba,Turkey,2004,NR,106 min,"Comedies, Dramas, International Movies",8
s8684,Movie,Vodka Diaries,India,2018,TV-14,113 min,"Dramas, International Movies, Thrillers",19
s8686,Movie,VS.,United Kingdom,2018,TV-MA,99 min,Dramas,4
s8687,Movie,Waar,Pakistan,2013,TV-MA,130 min,"Action & Adventure, International Movies",6
s8688,Movie,Waarrior Savitri,India,2016,TV-14,120 min,"Action & Adventure, International Movies, Sci-Fi & Fantasy",19
s8689,Movie,Waiting,India,2015,TV-MA,94 min,"Dramas, International Movies",4
s8690,Movie,Waiting...,United States,2005,R,94 min,"Comedies, Independent Movies",3
s8692,Movie,Wakefield,United States,2016,R,109 min,Dramas,10
s8693,Movie,Walk with Me,United Kingdom,2017,TV-PG,94 min,Documentaries,11
s8694,Movie,Walking Out,United States,2017,PG-13,96 min,"Dramas, Independent Movies, Thrillers",2
s8695,Movie,War,"United States, Canada",2007,R,103 min,Action & Adventure,14
s8696,Movie,War Chhod Na Yaar,India,2013,TV-14,109 min,"Comedies, Dramas, International Movies",19
s8697,Movie,War Horse,"United States, India",2011,PG-13,147 min,Dramas,2
s8698,Movie,War on Everyone,United Kingdom,2016,R,98 min,"Action & Adventure, Comedies",14
s8699,Movie,Warda,Egypt,2014,TV-14,73 min,"Horror Movies, Independent Movies, International Movies",17
s8700,Movie,Warehoused,Mexico,2015,TV-14,92 min,"Comedies, Dramas, International Movies",17
s8702,Movie,Water & Power: A California Heist,United States,2017,PG,78 min,Documentaries,11
s8703,Movie,Waterschool,"United States, Brazil, India, Uganda, China",2018,TV-G,68 min,Documentaries,11
s8704,Movie,We Are Your Friends,"United Kingdom, France, United States",2015,R,96 min,"Dramas, Independent Movies, Music & Musicals",10
s8705,Movie,We Belong Together,United States,2018,TV-14,83 min,Thrillers,11
s8706,Movie,We Need to Talk,Spain,2016,TV-MA,91 min,"Comedies, International Movies, Romantic Movies",8
s8707,Movie,We the Animals,United States,2018,R,93 min,"Dramas, Independent Movies",10
s8708,Movie,"We, the Marines",United States,2017,TV-PG,38 min,"Documentaries, International Movies",16
s8709,Movie,We're No Animals,"United States, Argentina",2015,TV-MA,94 min,"Comedies, Dramas, Independent Movies",1
s8710,Movie,Weather forecast,Poland,1983,TV-MA,91 min,"Dramas, International Movies",18
s8712,Movie,Weeds on Fire,Hong Kong,2016,TV-MA,95 min,"Dramas, Independent Movies, International Movies",4
s8714,Movie,Welcome 2 Karachi,India,2015,TV-MA,124 min,"Comedies, International Movies",8
s8715,Movie,Welcome to Monster High: The Origin Story,United States,2016,TV-Y7,73 min,Children & Family Movies,9
s8716,Movie,Welcome to New York,"United States, France",2014,R,108 min,"Dramas, Independent Movies",10
s8717,Movie,Welcome to Willits,United States,2017,TV-MA,84 min,"Comedies, Horror Movies, Independent Movies",1
s8718,Movie,Westerplatte Resists,Poland,1967,TV-MA,93 min,"Classic Movies, Dramas, International Movies",13
s8719,Movie,Westside vs. the World,Unknown,2019,TV-MA,96 min,"Documentaries, Sports Movies",11
s8720,Movie,What a Wonderful Family!,China,2017,TV-14,102 min,"Comedies, Dramas, International Movies",17
s8723,Movie,What Lies Beneath,United States,2000,PG-13,130 min,"Horror Movies, Thrillers",3
s8724,Movie,What Makes a Psychopath?,United Kingdom,2017,TV-14,52 min,Documentaries,16
s8725,Movie,What Still Remains,United States,2018,TV-14,91 min,"Dramas, Thrillers",1
s8726,Movie,What's Up With Love?,Indonesia,2002,R,110 min,"Dramas, International Movies, Romantic Movies",3
s8728,Movie,When Hari Got Married,"United Kingdom, India, United States",2013,NR,75 min,"Documentaries, International Movies",11
s8729,Movie,When Two Worlds Collide,"Peru, United States, United Kingdom",2016,TV-14,103 min,"Documentaries, International Movies",11
s8730,Movie,Where the Money Is,"Germany, United States, United Kingdom, Canada",2000,PG-13,89 min,"Action & Adventure, Comedies, Dramas",3
s8731,Movie,Where's the Money,United States,2017,R,86 min,Comedies,14
s8732,Movie,While We're Young,United States,2015,R,97 min,"Comedies, Dramas, Independent Movies",10
s8733,Movie,White Chamber,United Kingdom,2018,TV-MA,89 min,"Sci-Fi & Fantasy, Thrillers",15
s8734,Movie,White Island,United Kingdom,2016,TV-MA,91 min,"Comedies, Independent Movies, Thrillers",1
s8735,Movie,Who the F**k Is That Guy?,United States,2017,TV-MA,78 min,"Documentaries, LGBTQ Movies, Music & Musicals",11
s8736,Movie,Who's That Knocking at My Door?,United States,1967,R,90 min,"Classic Movies, Dramas, Independent Movies",13
s8738,Movie,Why Are We Getting So Fat?,United Kingdom,2016,TV-14,50 min,Documentaries,16
s8739,Movie,Why Knot,"Canada, India, Thailand, United States, United Arab Emirates",2016,TV-MA,84 min,Documentaries,11
s8740,Movie,Why We Fight: The Battle of Russia,United States,1943,TV-PG,82 min,Documentaries,13
s8743,Movie,Wild Wild West,United States,1999,PG-13,106 min,"Action & Adventure, Comedies, Sci-Fi & Fantasy",3
s8744,Movie,Wildlife,United States,2018,PG-13,105 min,"Dramas, Independent Movies",2
s8745,Movie,Williams,United Kingdom,2017,TV-MA,105 min,"Documentaries, International Movies, Sports Movies",15
s8746,Movie,Willy Wonka & the Chocolate Factory,"United States, East Germany, West Germany",1971,G,100 min,"Children & Family Movies, Classic Movies, Comedies",13
s8747,Movie,Winnie,"France, Netherlands, South Africa, Finland",2017,TV-14,85 min,"Documentaries, International Movies",17
s8749,Movie,Winter of Our Dreams,Australia,1981,NR,86 min,"Classic Movies, Dramas",18
s8751,Movie,Winter's Bone,United States,2010,R,100 min,"Dramas, Independent Movies",10
s8752,Movie,Wish I Was Here,United States,2014,R,106 min,"Comedies, Dramas, Independent Movies",10
s8753,Movie,Wish Man,United States,2019,TV-14,108 min,"Children & Family Movies, Dramas",12
s8754,Movie,Withdrawn,Canada,2017,TV-MA,74 min,"Dramas, Independent Movies",1
s8755,Movie,Wolves,United States,2016,R,109 min,"Dramas, Independent Movies, Sports Movies",10
s8757,Movie,Woodstock,United States,2019,TV-MA,97 min,"Documentaries, Music & Musicals",11
s8758,Movie,World Trade Center,United States,2006,PG-13,129 min,"Action & Adventure, Dramas",2
s8760,Movie,World's Weirdest Homes,Unknown,2015,TV-PG,49 min,Movies,16
s8761,Movie,Would You Rather,United States,2013,TV-MA,93 min,"Horror Movies, Independent Movies, Thrillers",1
s8762,Movie,Wrong No.,Pakistan,2015,TV-14,133 min,"Comedies, International Movies, Romantic Movies",19
s8763,Movie,Wrong Side Raju,India,2016,TV-MA,140 min,"Dramas, International Movies",6
s8764,Movie,WWII: Report from the Aleutians,United States,1943,TV-PG,45 min,Documentaries,13
s8765,Movie,Wyatt Earp,United States,1994,PG-13,191 min,Action & Adventure,5
s8766,Movie,XX,"Canada, United States",2017,R,81 min,Horror Movies,14
s8767,Movie,XXx,United States,2002,PG-13,124 min,"Action & Adventure, Sports Movies",3
s8768,Movie,XXX: State of the Union,United States,2005,PG-13,101 min,Action & Adventure,2
s8769,Movie,Y Tu Mamá También,Mexico,2001,R,106 min,"Dramas, Independent Movies, International Movies",10
s8770,Movie,Y.M.I.: Yeh Mera India,India,2008,TV-MA,137 min,"Dramas, Independent Movies, International Movies",6
s8771,Movie,Yaadein,India,2001,TV-14,171 min,"Dramas, International Movies, Romantic Movies",5
s8772,Movie,Yaara O Dildaara,India,2011,TV-14,132 min,"Dramas, International Movies, Music & Musicals",19
s8773,Movie,Yamla Pagla Deewana 2,India,2013,TV-14,147 min,"Action & Adventure, Comedies, International Movies",19
s8774,Movie,Yanda Kartavya Aahe,India,2006,TV-PG,151 min,"Comedies, Dramas, International Movies",5
s8775,Movie,يوم الدين,"Egypt, Austria, United States",2018,TV-14,97 min,"Dramas, Independent Movies, International Movies",17
s8777,Movie,Yellowbird,"France, Belgium",2014,PG,90 min,"Children & Family Movies, Comedies",12
s8778,Movie,Yes or No,Thailand,2010,TV-PG,111 min,"International Movies, LGBTQ Movies, Romantic Movies",0
s8779,Movie,Yes or No 2,Thailand,2012,TV-PG,112 min,"International Movies, LGBTQ Movies, Romantic Movies",0
s8780,Movie,Yes or No 2.5,Thailand,2015,TV-PG,107 min,"International Movies, LGBTQ Movies, Romantic Movies",0
s8782,Movie,Yo-Kai Watch: The Movie,"Japan, United States",2016,TV-Y7,96 min,"Anime Features, Children & Family Movies",12
s8783,Movie,Yoga Hosers,United States,2016,PG-13,88 min,"Comedies, Horror Movies, Independent Movies",2
s8785,Movie,Yoko and His Friends,"Russia, Spain",2015,TV-Y,78 min,Children & Family Movies,9
s8787,Movie,You Can Tutu,United Kingdom,2017,TV-G,87 min,Children & Family Movies,12
s8788,Movie,You Can’t Fight Christmas,United States,2017,TV-PG,85 min,"Comedies, Romantic Movies",12
s8789,Movie,You Carry Me,"Croatia, Slovenia, Serbia, Montenegro",2015,TV-MA,157 min,"Dramas, International Movies",6
s8790,Movie,You Changed My Life,Philippines,2009,TV-PG,116 min,"Comedies, Dramas, International Movies",0
s8791,Movie,You Don't Mess with the Zohan,United States,2008,UR,113 min,"Action & Adventure, Comedies",3
s8792,Movie,Young Adult,United States,2011,R,94 min,"Comedies, Dramas, Independent Movies",10
s8793,Movie,Young Tiger,Hong Kong,1973,NR,81 min,"Action & Adventure, International Movies",18
s8794,Movie,"Yours, Mine and Ours",United States,2005,PG,88 min,"Children & Family Movies, Comedies",12
s8795,Movie,اشتباك,"Egypt, France",2016,TV-14,98 min,"Dramas, Independent Movies, International Movies",17
s8799,Movie,Zed Plus,India,2014,TV-MA,131 min,"Comedies, Dramas, International Movies",6
s8800,Movie,Zenda,India,2009,TV-14,120 min,"Dramas, International Movies",19
s8802,Movie,Zinzana,"United Arab Emirates, Jordan",2015,TV-MA,96 min,"Dramas, International Movies, Thrillers",4
s8803,Movie,Zodiac,United States,2007,R,158 min,"Cult Movies, Dramas, Thrillers",10
s8805,Movie,Zombieland,United States,2009,R,88 min,"Comedies, Horror Movies",14
s8806,Movie,Zoom,United States,2006,PG,88 min,"Children & Family Movies, Comedies",12
s8807,Movie,Zubaan,India,2015,TV-14,111 min,"Dramas, International Movies, Music & Musicals",19
s2,TV Show,Blood & Water,South Africa,2021,TV-MA,2 Seasons,"International TV Shows, TV Dramas, TV Mysteries",2
s3,TV Show,Ganglands,Unknown,2021,TV-MA,1 Season,"Crime TV Shows, International TV Shows, TV Action & Adventure",16
s4,TV Show,Jailbirds New Orleans,Unknown,2021,TV-MA,1 Season,"Docuseries, Reality TV",1
s5,TV Show,Kota Factory,India,2021,TV-MA,2 Seasons,"International TV Shows, Romantic TV Shows, TV Comedies",4
s6,TV Show,Midnight Mass,Unknown,2021,TV-MA,1 Season,"TV Dramas, TV Horror, TV Mysteries",2
s9,TV Show,The Great British Baking Show,United Kingdom,2021,TV-14,9 Seasons,"British TV Shows, Reality TV",3
s11,TV Show,"Vendetta: Truth, Lies and The Mafia",Unknown,2021,TV-MA,1 Season,"Crime TV Shows, Docuseries, International TV Shows",16
s12,TV Show,Bangkok Breaking,Unknown,2021,TV-MA,1 Season,"Crime TV Shows, International TV Shows, TV Action & Adventure",16
s15,TV Show,Crime Stories: India Detectives,Unknown,2021,TV-MA,1 Season,"British TV Shows, Crime TV Shows, Docuseries",16
s16,TV Show,Dear White People,United States,2021,TV-MA,4 Seasons,"TV Comedies, TV Dramas",18
s18,TV Show,Falsa identidad,Mexico,2020,TV-MA,2 Seasons,"Crime TV Shows, Spanish-Language TV Shows, TV Dramas",16
s20,TV Show,Jaguar,Unknown,2021,TV-MA,1 Season,"International TV Shows, Spanish-Language TV Shows, TV Action & Adventure",16
s21,TV Show,Monsters Inside: The 24 Faces of Billy Milligan,Unknown,2021,TV-14,1 Season,"Crime TV Shows, Docuseries, International TV Shows",9
s22,TV Show,Resurrection: Ertugrul,Turkey,2018,TV-14,5 Seasons,"International TV Shows, TV Action & Adventure, TV Dramas",15
s26,TV Show,Love on the Spectrum,Australia,2021,TV-14,2 Seasons,"Docuseries, International TV Shows, Reality TV",1
s32,TV Show,Chicago Party Aunt,Unknown,2021,TV-MA,1 Season,TV Comedies,11
s33,TV Show,Sex Education,United Kingdom,2020,TV-MA,3 Seasons,"British TV Shows, International TV Shows, TV Comedies",5
s34,TV Show,Squid Game,Unknown,2021,TV-MA,1 Season,"International TV Shows, TV Dramas, TV Thrillers",2
s35,TV Show,Tayo and Little Wizards,Unknown,2020,TV-Y7,1 Season,Kids' TV,7
s38,TV Show,Angry Birds,Finland,2018,TV-Y7,1 Season,"Kids' TV, TV Comedies",7
s40,TV Show,Chhota Bheem,India,2021,TV-Y7,3 Seasons,Kids' TV,7
s41,TV Show,He-Man and the Masters of the Universe,United States,2021,TV-Y7,1 Season,"Kids' TV, TV Sci-Fi & Fantasy",7
s48,TV Show,The Smart Money Woman,Unknown,2020,TV-MA,1 Season,"International TV Shows, Romantic TV Shows, TV Comedies",4
s50,TV Show,Castle and Castle,Nigeria,2021,TV-MA,2 Seasons,"International TV Shows, TV Dramas",2
s51,TV Show,Dharmakshetra,India,2014,TV-PG,1 Season,"International TV Shows, TV Dramas, TV Sci-Fi & Fantasy",13
s56,TV Show,Nailed It,United States,2021,TV-PG,6 Seasons,Reality TV,3
s66,TV Show,Numberblocks,United Kingdom,2021,TV-Y,6 Seasons,Kids' TV,3
s67,TV Show,Raja Rasoi Aur Anya Kahaniyan,India,2014,TV-G,1 Season,"Docuseries, International TV Shows",9
s68,TV Show,Saved by the Bell,United States,1994,TV-PG,9 Seasons,"Kids' TV, TV Comedies",6
s70,TV Show,Stories by Rabindranath Tagore,India,2015,TV-PG,1 Season,"International TV Shows, TV Dramas",13
s71,TV Show,Too Hot To Handle: Latino,Unknown,2021,TV-MA,1 Season,"International TV Shows, Reality TV, Romantic TV Shows",1
s73,TV Show,Jack Whitehall: Travels with My Father,United Kingdom,2021,TV-MA,5 Seasons,"British TV Shows, Docuseries, International TV Shows",18
s75,TV Show,The World's Most Amazing Vacation Rentals,Unknown,2021,TV-PG,2 Seasons,Reality TV,1
s77,TV Show,Yowamushi Pedal,Japan,2013,TV-14,1 Season,"Anime Series, International TV Shows",14
s83,TV Show,Lucifer,United States,2021,TV-14,6 Seasons,"Crime TV Shows, TV Comedies, TV Dramas",3
s84,TV Show,Metal Shop Masters,Unknown,2021,TV-MA,1 Season,Reality TV,1
s86,TV Show,Pokémon Master Journeys: The Series,Unknown,2021,TV-Y7,1 Season,"Anime Series, Kids' TV",7
s88,TV Show,Titipo Titipo,Unknown,2019,TV-Y,2 Seasons,"Kids' TV, Korean TV Shows",8
s90,TV Show,Mighty Raju,Unknown,2017,TV-Y7,4 Seasons,Kids' TV,7
s93,TV Show,Into the Night,Belgium,2021,TV-MA,2 Seasons,"International TV Shows, TV Dramas, TV Mysteries",2
s96,TV Show,The Circle,"United States, United Kingdom",2021,TV-MA,3 Seasons,Reality TV,18
s98,TV Show,Kid Cosmic,United States,2021,TV-Y7,2 Seasons,"Kids' TV, TV Comedies, TV Sci-Fi & Fantasy",7
s99,TV Show,Octonauts: Above & Beyond,United Kingdom,2021,TV-Y,1 Season,"British TV Shows, Kids' TV",8
s100,TV Show,On the Verge,"France, United States",2021,TV-MA,1 Season,"TV Comedies, TV Dramas",11
s101,TV Show,Tobot Galaxy Detectives,Unknown,2019,TV-Y7,2 Seasons,Kids' TV,7
s103,TV Show,Countdown: Inspiration4 Mission to Space,Unknown,2021,TV-14,1 Season,"Docuseries, Science & Nature TV",9
s105,TV Show,Tayo the Little Bus,South Korea,2016,TV-Y,2 Seasons,"Kids' TV, Korean TV Shows",8
s107,TV Show,Bunk'd,United States,2021,TV-G,5 Seasons,"Kids' TV, TV Comedies",15
s109,TV Show,Dive Club,Australia,2021,TV-G,1 Season,"Kids' TV, TV Dramas, Teen TV Shows",7
s110,TV Show,La casa de papel,Spain,2021,TV-MA,5 Seasons,"Crime TV Shows, International TV Shows, Spanish-Language TV Shows",18
s111,TV Show,Money Heist: From Tokyo to Berlin,Unknown,2021,TV-MA,1 Season,"Docuseries, International TV Shows, Spanish-Language TV Shows",16
s112,TV Show,Sharkdog,"United States, Singapore",2021,TV-Y,1 Season,Kids' TV,8
s121,TV Show,Heroes of Goo Jit Zu,Australia,2021,TV-Y7,1 Season,"Kids' TV, TV Comedies",7
s122,TV Show,Hotel Del Luna,Unknown,2019,TV-14,1 Season,"International TV Shows, Romantic TV Shows, TV Comedies",4
s124,TV Show,Luv Kushh,Unknown,2012,TV-Y7,1 Season,Kids' TV,7
s125,TV Show,Pororo - The Little Penguin,South Korea,2013,TV-Y7,3 Seasons,"Kids' TV, Korean TV Shows",7
s126,TV Show,Q-Force,United States,2021,TV-MA,1 Season,"Crime TV Shows, TV Action & Adventure, TV Comedies",11
s133,TV Show,Brave Animated Series,Unknown,2021,TV-MA,1 Season,"International TV Shows, TV Action & Adventure, TV Comedies",16
s148,TV Show,How to Be a Cowboy,Unknown,2021,TV-PG,1 Season,Reality TV,1
s149,TV Show,HQ Barbers,Unknown,2020,TV-14,1 Season,TV Shows,1
s154,TV Show,Kid-E-Cats,Russia,2016,TV-Y,2 Seasons,Kids' TV,8
s155,TV Show,Kuroko's Basketball,Japan,2015,TV-MA,3 Seasons,"Anime Series, International TV Shows, Teen TV Shows",14
s161,TV Show,Major Dad,United States,1992,TV-PG,4 Seasons,TV Comedies,6
s166,TV Show,Oldsters,Unknown,2019,TV-MA,1 Season,"Crime TV Shows, International TV Shows, Spanish-Language TV Shows",16
s182,TV Show,Turning Point: 9/11 and the War on Terror,Unknown,2021,TV-14,1 Season,Docuseries,9
s185,TV Show,Sparking Joy,United States,2021,TV-PG,1 Season,Reality TV,0
s187,TV Show,Hometown Cha-Cha-Cha,Unknown,2021,TV-14,1 Season,"International TV Shows, Romantic TV Shows, TV Comedies",4
s188,TV Show,The Ingenuity of the Househusband,Unknown,2021,TV-G,1 Season,"International TV Shows, TV Comedies",4
s190,TV Show,Bread Barbershop,Unknown,2020,TV-Y,2 Seasons,"Kids' TV, TV Comedies",8
s194,TV Show,D.P.,", South Korea",2021,TV-MA,1 Season,"International TV Shows, TV Dramas",2
s195,TV Show,Deadly Sins,Unknown,2002,TV-MA,1 Season,"International TV Shows, Spanish-Language TV Shows, TV Dramas",17
s198,TV Show,I Heart Arlo,Unknown,2021,TV-Y7,1 Season,"Kids' TV, TV Comedies",7
s199,TV Show,King of Boys: The Return of the King,Nigeria,2021,TV-MA,1 Season,"Crime TV Shows, International TV Shows, TV Dramas",2
s213,TV Show,Rebellion,Ireland,2016,TV-MA,2 Seasons,"International TV Shows, TV Dramas",2
s214,TV Show,RIDE ON TIME,Unknown,2021,TV-PG,3 Seasons,"Docuseries, International TV Shows",9
s219,TV Show,Titletown High,Unknown,2021,TV-14,1 Season,"Reality TV, Teen TV Shows",1
s220,TV Show,EDENS ZERO,Japan,2021,TV-14,1 Season,"Anime Series, International TV Shows",14
s221,TV Show,Family Reunion,United States,2021,TV-PG,4 Seasons,"Kids' TV, TV Comedies",15
s223,TV Show,Clickbait,Unknown,2021,TV-MA,1 Season,"Crime TV Shows, TV Dramas, TV Mysteries",2
s224,TV Show,John of God: The Crimes of a Spiritual Healer,Unknown,2021,TV-MA,1 Season,"Crime TV Shows, Docuseries, International TV Shows",16
s225,TV Show,Motel Makeover,Unknown,2021,TV-14,1 Season,"International TV Shows, Reality TV",1
s226,TV Show,Open Your Eyes,Unknown,2021,TV-MA,1 Season,"International TV Shows, TV Dramas, TV Mysteries",2
s227,TV Show,Post Mortem: No One Dies in Skarnes,Unknown,2021,TV-MA,1 Season,"International TV Shows, TV Comedies, TV Dramas",2
s233,TV Show,Wheel of Fortune,United States,2019,TV-G,3 Seasons,Reality TV,15
s235,TV Show,Oggy Oggy,Unknown,2021,TV-Y,1 Season,"Kids' TV, TV Comedies",8
s242,TV Show,Manifest,United States,2021,TV-14,3 Seasons,"TV Dramas, TV Mysteries, TV Sci-Fi & Fantasy",15
s243,TV Show,Comedy Premium League,Unknown,2021,TV-MA,1 Season,"International TV Shows, TV Comedies",16
s244,TV Show,Everything Will Be Fine,Unknown,2021,TV-MA,1 Season,"International TV Shows, Spanish-Language TV Shows, TV Comedies",16
s246,TV Show,Korean Cold Noodle Rhapsody,Unknown,2021,TV-PG,1 Season,"Docuseries, International TV Shows",9
s249,TV Show,The Chair,Unknown,2021,TV-MA,1 Season,"TV Comedies, TV Dramas",2
s255,TV Show,Go! Go! Cory Carson,United States,2021,TV-Y,5 Seasons,Kids' TV,15
s261,TV Show,The Defeated,Unknown,2020,TV-MA,1 Season,"Crime TV Shows, International TV Shows, TV Dramas",2
s264,TV Show,Mother Goose Club,United States,2016,TV-Y,2 Seasons,Kids' TV,8
s266,TV Show,Rascal Does Not Dream of Bunny Girl Senpai,Japan,2018,TV-14,1 Season,"Anime Series, International TV Shows, Romantic TV Shows",14
s267,TV Show,The Creative Indians,India,2020,TV-MA,1 Season,"Docuseries, International TV Shows",16
s270,TV Show,Winx Club,Italy,2015,TV-Y7,2 Seasons,Kids' TV,7
s272,TV Show,Brand New Cherry Flavor,United States,2021,TV-MA,1 Season,"TV Dramas, TV Horror, TV Mysteries",11
s273,TV Show,Fast & Furious Spy Racers,United States,2021,TV-Y7,5 Seasons,Kids' TV,15
s274,TV Show,Gone for Good,France,2021,TV-MA,1 Season,"Crime TV Shows, International TV Shows, TV Dramas",2
s275,TV Show,Grace and Frankie,United States,2021,TV-MA,7 Seasons,"TV Comedies, TV Dramas",3
s276,TV Show,The Kingdom,Argentina,2021,TV-MA,1 Season,"Crime TV Shows, International TV Shows, Spanish-Language TV Shows",16
s277,TV Show,Valeria,Spain,2021,TV-MA,2 Seasons,"International TV Shows, Romantic TV Shows, Spanish-Language TV Shows",16
s278,TV Show,AlRawabi School for Girls,Jordan,2021,TV-14,1 Season,"International TV Shows, TV Dramas, Teen TV Shows",13
s281,TV Show,Bake Squad,United States,2021,TV-PG,1 Season,Reality TV,0
s287,TV Show,Gabby's Dollhouse,United States,2021,TV-Y,2 Seasons,Kids' TV,8
s288,TV Show,I Need Romance,Unknown,2021,TV-14,1 Season,"International TV Shows, Romantic TV Shows, TV Comedies",4
s289,TV Show,Las muñecas de la mafia,Colombia,2018,TV-MA,1 Season,"Crime TV Shows, International TV Shows, Spanish-Language TV Shows",16
s290,TV Show,The Crowned Clown,South Korea,2019,TV-14,1 Season,"International TV Shows, Romantic TV Shows, TV Dramas",13
s292,TV Show,SHAMAN KING,Japan,2021,TV-14,1 Season,"Anime Series, International TV Shows",14
s297,TV Show,Hit & Run,"Israel, United States",2021,TV-MA,1 Season,"TV Action & Adventure, TV Dramas, TV Mysteries",11
s298,TV Show,Navarasa,India,2021,TV-MA,1 Season,TV Shows,11
s310,TV Show,Car Masters: Rust to Riches,Unknown,2021,TV-PG,3 Seasons,Reality TV,1
s311,TV Show,Cocaine Cowboys: The Kings of Miami,United States,2021,TV-MA,1 Season,"Crime TV Shows, Docuseries",11
s312,TV Show,Control Z,Mexico,2021,TV-MA,2 Seasons,"International TV Shows, Spanish-Language TV Shows, TV Dramas",2
s313,TV Show,Cooking With Paris,United States,2021,TV-MA,1 Season,Reality TV,11
s314,TV Show,Autumn's Concerto,Taiwan,2009,TV-14,1 Season,"International TV Shows, Romantic TV Shows, TV Dramas",13
s317,TV Show,Office Girls,Taiwan,2011,TV-14,1 Season,"International TV Shows, Romantic TV Shows, TV Comedies",4
s320,TV Show,The Prince Who Turns into a Frog,Taiwan,2005,TV-14,1 Season,"International TV Shows, Romantic TV Shows, TV Comedies",17
s321,TV Show,Top Secret UFO Projects: Declassified,Unknown,2021,TV-PG,1 Season,Docuseries,9
s322,TV Show,Two Fathers,Taiwan,2013,TV-14,1 Season,"International TV Shows, Romantic TV Shows, TV Comedies",4
s323,TV Show,You're My Destiny,Taiwan,2008,TV-MA,1 Season,"International TV Shows, Romantic TV Shows, TV Comedies",4
s324,TV Show,30 Rock,United States,2012,TV-14,7 Seasons,TV Comedies,3
s325,TV Show,44 Cats,Italy,2020,TV-Y7,3 Seasons,Kids' TV,7
s332,TV Show,Darwin’s Game,Unknown,2020,TV-MA,1 Season,"Anime Series, International TV Shows, TV Thrillers",16
s337,TV Show,Friday Night Lights,Unknown,2010,TV-14,5 Seasons,"TV Dramas, Teen TV Shows",3
s339,TV Show,Hunter X Hunter (2011),Japan,2014,TV-14,6 Seasons,"Anime Series, International TV Shows",3
s362,TV Show,Charmed,United States,2021,TV-14,3 Seasons,"TV Dramas, TV Sci-Fi & Fantasy",15
s365,TV Show,Centaurworld,Unknown,2021,TV-Y7,1 Season,"Kids' TV, TV Comedies",7
s367,TV Show,Glow Up,United Kingdom,2021,TV-14,3 Seasons,"British TV Shows, International TV Shows, Reality TV",5
s369,TV Show,Khawatir,Unknown,2009,TV-14,1 Season,"International TV Shows, Reality TV",1
s370,TV Show,Myth & Mogul: John DeLorean,Unknown,2021,TV-14,1 Season,"British TV Shows, Crime TV Shows, Docuseries",9
s371,TV Show,Outer Banks,United States,2021,TV-MA,2 Seasons,"TV Action & Adventure, TV Dramas, Teen TV Shows",11
s377,TV Show,Transformers: War for Cybertron: Kingdom,Unknown,2021,TV-Y7,1 Season,Anime Series,7
s380,TV Show,Tattoo Redo,Unknown,2021,TV-MA,1 Season,Reality TV,1
s381,TV Show,The Flash,United States,2021,TV-14,7 Seasons,"Crime TV Shows, TV Action & Adventure, TV Sci-Fi & Fantasy",3
s382,TV Show,The Snitch Cartel: Origins,Unknown,2021,TV-MA,1 Season,"Crime TV Shows, International TV Shows, Spanish-Language TV Shows",16
s383,TV Show,All American,United States,2021,TV-14,3 Seasons,"TV Dramas, Teen TV Shows",15
s386,TV Show,How to Sell Drugs Online (Fast),Germany,2021,TV-MA,3 Seasons,"Crime TV Shows, International TV Shows, TV Comedies",16
s387,TV Show,Mighty Express,"United States, Canada",2021,TV-Y,4 Seasons,Kids' TV,15
s389,TV Show,Plastic Cup Boyz: Laughing My Mask Off!,Unknown,2021,TV-MA,1 Season,"Stand-Up Comedy & Talk Shows, TV Comedies",11
s391,TV Show,The Walking Dead,United States,2019,TV-MA,10 Seasons,"Classic & Cult TV, TV Action & Adventure, TV Dramas",12
s392,TV Show,Wynonna Earp,"Canada, United States",2020,TV-MA,4 Seasons,"International TV Shows, TV Action & Adventure, TV Dramas",18
s398,TV Show,Feels Like Ishq,Unknown,2021,TV-MA,1 Season,"International TV Shows, Romantic TV Shows, TV Comedies",4
s400,TV Show,Masters of the Universe: Revelation,Unknown,2021,TV-PG,1 Season,"TV Action & Adventure, TV Sci-Fi & Fantasy",1
s401,TV Show,Revelations: The Masters of the Universe: Revelation Aftershow,Unknown,2021,TV-PG,1 Season,"Anime Series, Stand-Up Comedy & Talk Shows",1
s402,TV Show,Sky Rojo,Spain,2021,TV-MA,2 Seasons,"International TV Shows, Spanish-Language TV Shows, TV Action & Adventure",16
s404,TV Show,The Movies That Made Us,United States,2021,TV-MA,2 Seasons,Docuseries,11
s426,TV Show,Chicago Med,United States,2019,TV-14,5 Seasons,TV Dramas,15
s431,TV Show,Sexy Beasts,Unknown,2021,TV-14,1 Season,"British TV Shows, International TV Shows, Reality TV",1
s432,TV Show,Too Hot to Handle: Brazil,Unknown,2021,TV-MA,1 Season,"International TV Shows, Reality TV, Romantic TV Shows",1
s435,TV Show,Okupas,Argentina,2020,TV-MA,1 Season,"Classic & Cult TV, Crime TV Shows, International TV Shows",16
s436,TV Show,Touch Your Heart,Unknown,2019,TV-MA,1 Season,"Crime TV Shows, International TV Shows, Romantic TV Shows",16
s441,TV Show,Explained,United States,2021,TV-MA,3 Seasons,"Docuseries, Science & Nature TV",18
s443,TV Show,Johnny Test,"United States, Canada",2021,TV-Y7,1 Season,"Kids' TV, TV Comedies",7
s445,TV Show,Naomi Osaka,Unknown,2021,TV-14,1 Season,Docuseries,9
s454,TV Show,BEASTARS,Japan,2021,TV-MA,2 Seasons,"Anime Series, International TV Shows",14
s457,TV Show,Her Private Life,South Korea,2019,TV-14,1 Season,"International TV Shows, Romantic TV Shows, TV Comedies",4
s460,TV Show,Never Have I Ever,United States,2021,TV-14,2 Seasons,"TV Comedies, TV Dramas, Teen TV Shows",0
s466,TV Show,Heist,Unknown,2021,TV-MA,1 Season,"Crime TV Shows, Docuseries",16
s467,TV Show,My Unorthodox Life,Unknown,2021,TV-MA,1 Season,Reality TV,1
s473,TV Show,Ridley Jones,United States,2021,TV-Y,1 Season,Kids' TV,8
s478,TV Show,Atypical,United States,2021,TV-14,4 Seasons,"TV Comedies, TV Dramas, Teen TV Shows",15
s479,TV Show,Biohackers,Germany,2021,TV-MA,2 Seasons,"International TV Shows, TV Dramas, TV Sci-Fi & Fantasy",2
s483,TV Show,How to Become a Tyrant,Unknown,2021,TV-MA,1 Season,Docuseries,11
s488,TV Show,The Cook of Castamar,Unknown,2021,TV-MA,1 Season,"International TV Shows, Romantic TV Shows, Spanish-Language TV Shows",16
s489,TV Show,Virgin River,United States,2021,TV-14,3 Seasons,"Romantic TV Shows, TV Dramas",15
s491,TV Show,Elize Matsunaga: Once Upon a Crime,Unknown,2021,TV-MA,1 Season,"Crime TV Shows, Docuseries, International TV Shows",16
s494,TV Show,RESIDENT EVIL: Infinite Darkness,"United States, Japan",2021,TV-MA,1 Season,"Anime Series, TV Horror, TV Thrillers",11
s498,TV Show,Cat People,Unknown,2021,TV-14,1 Season,Docuseries,9
s500,TV Show,Dogs,United States,2021,TV-PG,2 Seasons,Docuseries,9
s504,TV Show,The Mire,Poland,2021,TV-MA,2 Seasons,"Crime TV Shows, International TV Shows, TV Dramas",2
s505,TV Show,The War Next-door,Unknown,2021,TV-MA,1 Season,"International TV Shows, Spanish-Language TV Shows, TV Comedies",16
s510,TV Show,Ask the StoryBots,United States,2019,TV-Y,3 Seasons,Kids' TV,8
s511,TV Show,Between,Canada,2016,TV-14,2 Seasons,"International TV Shows, TV Dramas, TV Mysteries",13
s512,TV Show,Chelsea,United States,2017,TV-MA,2 Seasons,"Stand-Up Comedy & Talk Shows, TV Comedies",11
s513,TV Show,Code Lyoko,"France, Belgium",2007,TV-Y7,4 Seasons,Kids' TV,17
s514,TV Show,Colony,United States,2018,TV-14,3 Seasons,"TV Action & Adventure, TV Dramas, TV Sci-Fi & Fantasy",15
s515,TV Show,Cuckoo,United Kingdom,2019,TV-MA,5 Seasons,"British TV Shows, International TV Shows, TV Comedies",18
s516,TV Show,Derry Girls,United Kingdom,2019,TV-MA,2 Seasons,"British TV Shows, International TV Shows, TV Comedies",5
s517,TV Show,Girl from Nowhere,Thailand,2021,TV-MA,2 Seasons,"International TV Shows, TV Dramas, TV Mysteries",2
s518,TV Show,Good Morning Call,Japan,2017,TV-14,2 Seasons,"International TV Shows, Romantic TV Shows, TV Comedies",4
s520,TV Show,I AM A KILLER,United Kingdom,2020,TV-MA,2 Seasons,"British TV Shows, Crime TV Shows, Docuseries",5
s521,TV Show,I Think You Should Leave with Tim Robinson,United States,2021,TV-MA,2 Seasons,TV Comedies,11
s522,TV Show,Kim's Convenience,Canada,2021,TV-MA,5 Seasons,"International TV Shows, TV Comedies",18
s523,TV Show,Larva,Russia,2015,TV-Y7,3 Seasons,"Kids' TV, Korean TV Shows, TV Comedies",7
s524,TV Show,Marcella,United Kingdom,2019,TV-MA,3 Seasons,"British TV Shows, Crime TV Shows, International TV Shows",5
s525,TV Show,Midnight Diner: Tokyo Stories,Japan,2019,TV-MA,2 Seasons,"International TV Shows, TV Dramas",2
s526,TV Show,My Little Pony: Friendship Is Magic,"United States, Canada",2018,TV-Y,8 Seasons,Kids' TV,3
s527,TV Show,Orange Is the New Black,United States,2019,TV-MA,7 Seasons,"TV Comedies, TV Dramas",3
s528,TV Show,Puffin Rock,"Ireland, United States, United Kingdom",2016,TV-Y,2 Seasons,Kids' TV,8
s531,TV Show,Richie Rich,United States,2015,TV-G,2 Seasons,"Kids' TV, TV Comedies",7
s533,TV Show,Scream,United States,2019,TV-MA,3 Seasons,"Crime TV Shows, TV Horror, TV Mysteries",18
s534,TV Show,Shtisel,Israel,2021,TV-14,3 Seasons,"International TV Shows, TV Dramas",13
s536,TV Show,Some Assembly Required,Canada,2015,TV-Y,2 Seasons,"Kids' TV, TV Comedies",8
s537,TV Show,Tales by Light,Australia,2018,TV-14,3 Seasons,"Docuseries, International TV Shows, Science & Nature TV",9
s538,TV Show,Terrace House: Opening New Doors,Japan,2018,TV-14,6 Seasons,"International TV Shows, Reality TV",3
s539,TV Show,The A List,United Kingdom,2021,TV-PG,2 Seasons,"British TV Shows, International TV Shows, TV Dramas",5
s540,TV Show,The New Legends of Monkey,"Australia, New Zealand",2020,TV-PG,2 Seasons,"Kids' TV, TV Action & Adventure, TV Sci-Fi & Fantasy",7
s541,TV Show,The Worst Witch,"United Kingdom, Germany",2020,TV-G,4 Seasons,"British TV Shows, Kids' TV",15
s544,TV Show,Undercover,"Belgium, Netherlands",2020,TV-MA,2 Seasons,"Crime TV Shows, International TV Shows, TV Action & Adventure",16
s545,TV Show,Workin' Moms,Canada,2021,TV-MA,5 Seasons,"International TV Shows, TV Comedies",18
s546,TV Show,YooHoo to the Rescue,South Korea,2020,TV-Y,3 Seasons,"Kids' TV, Korean TV Shows",8
s547,TV Show,You Are My Spring,Unknown,2021,TV-14,1 Season,"International TV Shows, Romantic TV Shows, TV Dramas",13
s548,TV Show,We the People,United States,2021,TV-Y7,1 Season,Kids' TV,7
s549,TV Show,Grey's Anatomy,United States,2020,TV-14,17 Seasons,"Romantic TV Shows, TV Dramas",12
s550,TV Show,Big Timber,Unknown,2020,TV-14,1 Season,"International TV Shows, Reality TV",1
s554,TV Show,Mortel,France,2019,TV-MA,2 Seasons,"Crime TV Shows, International TV Shows, TV Dramas",2
s566,TV Show,Bureau of Magical Things,"Australia, Germany",2020,TV-G,1 Season,"International TV Shows, Kids' TV, TV Mysteries",7
s572,TV Show,Generation 56k,Unknown,2021,TV-MA,1 Season,"International TV Shows, Romantic TV Shows, TV Comedies",4
s578,TV Show,Masameer County,Unknown,2021,TV-MA,1 Season,"International TV Shows, TV Comedies",16
s588,TV Show,Quarantine Tales,Unknown,2020,TV-MA,1 Season,"International TV Shows, TV Comedies, TV Dramas",2
s589,TV Show,Rainbow Rangers,United States,2018,TV-Y,1 Season,Kids' TV,8
s591,TV Show,Sailor Moon Crystal,Unknown,2016,TV-Y7,3 Seasons,"Anime Series, Kids' TV",7
s618,TV Show,Young Royals,Sweden,2021,TV-MA,1 Season,"International TV Shows, Romantic TV Shows, TV Dramas",2
s621,TV Show,Droppin' Cash: Los Angeles,United States,2019,TV-MA,1 Season,Reality TV,11
s622,TV Show,Legend of Exorcism,Unknown,2020,TV-14,1 Season,"Anime Series, Crime TV Shows, International TV Shows",13
s626,TV Show,Somos.,Mexico,2021,TV-MA,1 Season,"Crime TV Shows, International TV Shows, Spanish-Language TV Shows",16
s627,TV Show,Sophie: A Murder in West Cork,Unknown,2021,TV-MA,1 Season,"British TV Shows, Crime TV Shows, Docuseries",16
s628,TV Show,The Daily Life of the Immortal King,China,2020,TV-14,1 Season,"Anime Series, International TV Shows, Teen TV Shows",14
s629,TV Show,StarBeam,United States,2021,TV-Y,4 Seasons,Kids' TV,15
s632,TV Show,The Seven Deadly Sins,Japan,2021,TV-14,5 Seasons,"Anime Series, International TV Shows",15
s638,TV Show,Ray,Unknown,2021,TV-MA,1 Season,"International TV Shows, TV Dramas, TV Mysteries",2
s639,TV Show,Sex/Life,United States,2021,TV-MA,1 Season,"Romantic TV Shows, TV Dramas",11
s640,TV Show,Godzilla Singular Point,Unknown,2021,TV-14,1 Season,"Anime Series, International TV Shows",1
s641,TV Show,Jiva!,Unknown,2021,TV-MA,1 Season,"International TV Shows, TV Dramas",2
s643,TV Show,The Naked Director,Japan,2021,TV-MA,2 Seasons,"International TV Shows, TV Dramas",2
s648,TV Show,The Parisian Agency: Exclusive Properties,Unknown,2021,TV-G,1 Season,"International TV Shows, Reality TV",1
s649,TV Show,Too Hot to Handle,United States,2021,TV-MA,2 Seasons,"Reality TV, Romantic TV Shows",11
s654,TV Show,This Is Pop,Unknown,2021,TV-MA,1 Season,"Docuseries, International TV Shows",16
s658,TV Show,The Mole,United States,2001,TV-14,2 Seasons,"Reality TV, TV Action & Adventure, TV Mysteries",17
s659,TV Show,"Nevertheless,",Unknown,2021,TV-14,1 Season,"International TV Shows, Romantic TV Shows, TV Dramas",13
s660,TV Show,Bangkok Love Stories: Innocence,Thailand,2018,TV-14,1 Season,"International TV Shows, Romantic TV Shows, TV Dramas",13
s661,TV Show,Black Lightning,United States,2021,TV-14,4 Seasons,"TV Action & Adventure, TV Dramas, TV Sci-Fi & Fantasy",15
s662,TV Show,Call My Agent!,France,2018,TV-MA,4 Seasons,"International TV Shows, TV Comedies, TV Dramas",18
s663,TV Show,Champions,United States,2018,TV-14,1 Season,TV Comedies,0
s664,TV Show,Charité at War,Unknown,2019,TV-MA,1 Season,"International TV Shows, TV Dramas",2
s665,TV Show,Cleo & Cuquin,Spain,2020,TV-Y,2 Seasons,Kids' TV,8
s666,TV Show,Deadwind,"Finland, Germany",2020,TV-MA,2 Seasons,"Crime TV Shows, International TV Shows, TV Dramas",2
s667,TV Show,Gameboys Level-Up Edition,Unknown,2020,TV-14,1 Season,"International TV Shows, Romantic TV Shows, TV Comedies",4
s668,TV Show,Glee,United States,2015,TV-14,6 Seasons,"TV Comedies, TV Dramas, Teen TV Shows",3
s669,TV Show,Hap and Leonard,United States,2018,TV-MA,3 Seasons,"Crime TV Shows, TV Dramas",18
s670,TV Show,Locked Up,Spain,2020,TV-MA,5 Seasons,"Crime TV Shows, International TV Shows, Spanish-Language TV Shows",18
s674,TV Show,No Time for Shame,Argentina,2019,TV-MA,1 Season,"International TV Shows, Reality TV, Spanish-Language TV Shows",16
s675,TV Show,Pose,United States,2019,TV-MA,2 Seasons,TV Dramas,11
s676,TV Show,REA(L)OVE,Japan,2018,TV-MA,1 Season,"International TV Shows, Reality TV, Romantic TV Shows",1
s677,TV Show,Riverdale,United States,2019,TV-14,4 Seasons,"Crime TV Shows, TV Dramas, TV Mysteries",15
s678,TV Show,Schitt's Creek,"Canada, United States",2020,TV-MA,6 Seasons,TV Comedies,3
s679,TV Show,The Assassination of Gianni Versace,United States,2018,TV-MA,1 Season,"Crime TV Shows, TV Dramas, TV Thrillers",11
s680,TV Show,The Judgement,Thailand,2018,TV-MA,1 Season,"Crime TV Shows, International TV Shows, TV Dramas",2
s681,TV Show,The Last Dance,United States,2020,TV-MA,1 Season,Docuseries,11
s682,TV Show,They've Gotta Have Us,United Kingdom,2018,TV-MA,1 Season,"British TV Shows, Docuseries",5
s683,TV Show,Why Are You Like This,Australia,2021,TV-MA,1 Season,"International TV Shows, TV Comedies",16
s685,TV Show,Elite,Spain,2021,TV-MA,4 Seasons,"Crime TV Shows, International TV Shows, Spanish-Language TV Shows",18
s687,TV Show,Hospital Playlist,South Korea,2021,TV-14,2 Seasons,"International TV Shows, Korean TV Shows, TV Comedies",10
s692,TV Show,So Not Worth It,Unknown,2021,TV-14,1 Season,"International TV Shows, TV Comedies",4
s693,TV Show,The Rational Life,Unknown,2021,TV-14,1 Season,"International TV Shows, Romantic TV Shows, TV Dramas",13
s697,TV Show,Black Summer,"Canada, United States",2021,TV-MA,2 Seasons,"TV Action & Adventure, TV Dramas, TV Horror",11
s698,TV Show,Elite Short Stories: Carla Samuel,Unknown,2021,TV-MA,1 Season,"International TV Shows, Romantic TV Shows, Spanish-Language TV Shows",16
s700,TV Show,Katla,Iceland,2021,TV-MA,1 Season,"International TV Shows, TV Dramas, TV Mysteries",2
s701,TV Show,Record of Ragnarok,Unknown,2021,TV-MA,1 Season,"Anime Series, International TV Shows",16
s704,TV Show,The Gift,Turkey,2021,TV-MA,3 Seasons,"International TV Shows, TV Dramas, TV Mysteries",2
s707,TV Show,Elite Short Stories: Omar Ander Alexis,Unknown,2021,TV-MA,1 Season,"International TV Shows, Spanish-Language TV Shows, TV Dramas",2
s708,TV Show,Let's Eat,Unknown,2021,TV-14,1 Season,"International TV Shows, Romantic TV Shows, TV Comedies",4
s710,TV Show,Millennials,Argentina,2020,TV-MA,3 Seasons,"International TV Shows, Romantic TV Shows, Spanish-Language TV Shows",16
s711,TV Show,Penguin Town,Unknown,2021,TV-PG,1 Season,"Docuseries, Science & Nature TV",9
s714,TV Show,Avengers Climate Conundrum,United States,2020,TV-Y7,1 Season,"Kids' TV, TV Comedies",7
s715,TV Show,Beyond Evil,Unknown,2021,TV-MA,1 Season,"Crime TV Shows, International TV Shows, TV Thrillers",16
s716,TV Show,Elite Short Stories: Nadia Guzmán,Unknown,2021,TV-MA,1 Season,"International TV Shows, Romantic TV Shows, Spanish-Language TV Shows",16
s720,TV Show,Power Rangers Dino Fury,United States,2021,TV-G,1 Season,Kids' TV,7
s721,TV Show,Rhyme Time Town,Unknown,2021,TV-Y,2 Seasons,Kids' TV,8
s724,TV Show,The American Bible Challenge,United States,2014,TV-G,1 Season,Reality TV,0
s726,TV Show,Elite Short Stories: Guzmán Caye Rebe,Unknown,2021,TV-MA,1 Season,"International TV Shows, Spanish-Language TV Shows, TV Dramas",2
s727,TV Show,Metallica: Some Kind of Monster,United States,2014,TV-MA,1 Season,TV Shows,11
s732,TV Show,Love (ft. Marriage and Divorce),South Korea,2021,TV-14,2 Seasons,"International TV Shows, TV Dramas",13
s734,TV Show,LEGO Friends: The Power of Friendship,Denmark,2016,TV-Y7,2 Seasons,Kids' TV,7
s735,TV Show,Lupin,"France, United States",2021,TV-MA,2 Seasons,"Crime TV Shows, International TV Shows, TV Action & Adventure",16
s738,TV Show,Trese,"Philippines, Singapore, Indonesia",2021,TV-MA,1 Season,"Anime Series, Crime TV Shows, TV Horror",16
s745,TV Show,Locombianos,Colombia,2021,TV-MA,1 Season,"International TV Shows, Spanish-Language TV Shows, Stand-Up Comedy & Talk Shows",16
s749,TV Show,"Fresh, Fried & Crispy",United States,2021,TV-PG,1 Season,Reality TV,0
s750,TV Show,L.A.’s Finest,United States,2021,TV-MA,2 Seasons,"Crime TV Shows, TV Action & Adventure, TV Comedies",11
s752,TV Show,Guru Aur Bhole,Unknown,2018,TV-Y7,2 Seasons,"Kids' TV, TV Comedies",7
s754,TV Show,"Newly Rich, Newly Poor",Colombia,2007,TV-MA,1 Season,"International TV Shows, Romantic TV Shows, Spanish-Language TV Shows",17
s759,TV Show,Feel Good,United Kingdom,2021,TV-MA,2 Seasons,"Romantic TV Shows, TV Comedies, TV Dramas",2
s762,TV Show,Human: The World Within,Unknown,2021,TV-PG,1 Season,"Docuseries, Science & Nature TV",9
s764,TV Show,Sweet Tooth,United States,2021,TV-14,1 Season,"TV Action & Adventure, TV Dramas, TV Sci-Fi & Fantasy",0
s768,TV Show,Creator's File: GOLD,Japan,2021,TV-14,1 Season,"International TV Shows, TV Comedies",4
s772,TV Show,Pretty Guardian Sailor Moon Eternal The Movie,Unknown,2021,TV-14,1 Season,TV Shows,1
s773,TV Show,Summertime,Italy,2021,TV-MA,2 Seasons,"International TV Shows, Romantic TV Shows, TV Dramas",2
s779,TV Show,Attack on Titan,Japan,2013,TV-MA,1 Season,"Anime Series, International TV Shows",14
s781,TV Show,Ben & Holly's Little Kingdom,United Kingdom,2019,TV-Y,2 Seasons,Kids' TV,8
s786,TV Show,Cocomelon,United States,2021,TV-Y,3 Seasons,Kids' TV,8
s790,TV Show,Downton Abbey,United Kingdom,2015,TV-14,6 Seasons,"British TV Shows, International TV Shows, TV Dramas",3
s796,TV Show,Happy Endings,United States,2012,TV-14,3 Seasons,TV Comedies,15
s804,TV Show,Ouran High School Host Club,Japan,2006,TV-PG,1 Season,"Anime Series, Romantic TV Shows, Teen TV Shows",17
s806,TV Show,Racket Boys,Unknown,2021,TV-14,1 Season,"International TV Shows, TV Comedies, TV Dramas",13
s814,TV Show,The Adventures of Sonic the Hedgehog,"United States, Canada",1993,TV-Y7,1 Season,Kids' TV,17
s821,TV Show,The Platform,United Arab Emirates,2021,TV-14,3 Seasons,"International TV Shows, TV Dramas, TV Mysteries",13
s826,TV Show,Dirty John,United States,2020,TV-MA,2 Seasons,"Crime TV Shows, TV Dramas, TV Mysteries",11
s831,TV Show,The Kominsky Method,United States,2021,TV-MA,3 Seasons,"TV Comedies, TV Dramas",18
s832,TV Show,The Least Expected Day: Inside the Movistar Team 2019,Unknown,2021,TV-MA,2 Seasons,"Docuseries, International TV Shows, Spanish-Language TV Shows",16
s833,TV Show,Word of Honor,Unknown,2021,TV-14,1 Season,"International TV Shows, TV Action & Adventure, TV Dramas",13
s834,TV Show,Black Space,Israel,2021,TV-MA,1 Season,"Crime TV Shows, International TV Shows, TV Dramas",2
s836,TV Show,Eden,Unknown,2021,TV-PG,1 Season,"Anime Series, International TV Shows",1
s838,TV Show,Ragnarok,"Norway, Denmark",2021,TV-MA,2 Seasons,"International TV Shows, TV Action & Adventure, TV Dramas",2
s843,TV Show,High on the Hog: How African American Cuisine Transformed America,Unknown,2021,TV-14,1 Season,Docuseries,9
s844,TV Show,JoJo's Bizarre Adventure,Japan,2016,TV-MA,3 Seasons,"Anime Series, International TV Shows",14
s848,TV Show,Mad for Each Other,Unknown,2021,TV-MA,1 Season,"International TV Shows, Romantic TV Shows, TV Comedies",4
s849,TV Show,Master of None,United States,2021,TV-MA,3 Seasons,"TV Comedies, TV Dramas",18
s856,TV Show,Jurassic World Camp Cretaceous,United States,2021,TV-Y7,3 Seasons,"Kids' TV, TV Action & Adventure, TV Sci-Fi & Fantasy",7
s858,TV Show,The Neighbor,Spain,2021,TV-MA,2 Seasons,"International TV Shows, Spanish-Language TV Shows, TV Comedies",16
s863,TV Show,Special,United States,2021,TV-MA,2 Seasons,TV Comedies,11
s869,TV Show,The Magic School Bus,"Canada, United States",1997,TV-Y,1 Season,Kids' TV,17
s870,TV Show,Who Killed Sara?,Mexico,2021,TV-MA,2 Seasons,"Crime TV Shows, International TV Shows, Spanish-Language TV Shows",16
s875,TV Show,Booba: Food Puzzle,United Kingdom,2021,TV-Y,1 Season,Kids' TV,8
s877,TV Show,Alma Matters,India,2021,TV-MA,1 Season,"Docuseries, International TV Shows",16
s880,TV Show,Halston,United States,2021,TV-MA,1 Season,TV Dramas,11
s881,TV Show,Haunted,"United States, Czech Republic",2021,TV-MA,3 Seasons,"Reality TV, TV Horror, TV Thrillers",18
s884,TV Show,"Love, Death & Robots",United States,2021,TV-MA,2 Seasons,"TV Action & Adventure, TV Horror, TV Sci-Fi & Fantasy",11
s885,TV Show,Move to Heaven,South Korea,2021,TV-MA,1 Season,"International TV Shows, TV Dramas",2
s887,TV Show,The Mystic River,Unknown,2020,TV-14,1 Season,"International TV Shows, TV Horror, TV Sci-Fi & Fantasy",13
s891,TV Show,Castlevania,United States,2021,TV-MA,4 Seasons,"Anime Series, TV Horror, TV Thrillers",18
s897,TV Show,The Upshaws,United States,2021,TV-14,1 Season,TV Comedies,0
s898,TV Show,Use For My Talent,Unknown,2021,TV-14,1 Season,"International TV Shows, Romantic TV Shows, TV Comedies",4
s901,TV Show,"Money, Explained",United States,2021,TV-14,1 Season,Docuseries,9
s903,TV Show,Mine,South Korea,2021,TV-14,1 Season,"International TV Shows, TV Dramas",13
s909,TV Show,Jupiter's Legacy,United States,2021,TV-MA,1 Season,"TV Action & Adventure, TV Sci-Fi & Fantasy",11
s912,TV Show,Sab Jholmaal Hai,India,2017,TV-Y7,2 Seasons,"Kids' TV, TV Comedies",7
s919,TV Show,Lava Ka Dhaava,India,2021,TV-PG,1 Season,Reality TV,1
s920,TV Show,The Sons of Sam: A Descent into Darkness,United States,2021,TV-MA,1 Season,"Crime TV Shows, Docuseries",11
s921,TV Show,Selena: The Series,"Mexico, United States",2020,TV-PG,2 Seasons,TV Dramas,0
s922,TV Show,StartUp,United States,2018,TV-MA,3 Seasons,"Crime TV Shows, TV Dramas",18
s924,TV Show,Trash Truck,Unknown,2021,TV-Y,2 Seasons,Kids' TV,8
s926,TV Show,Angelina Ballerina,Unknown,2010,TV-Y,2 Seasons,"British TV Shows, Kids' TV",8
s928,TV Show,Barney and Friends,Unknown,2010,TV-Y,2 Seasons,Kids' TV,8
s937,TV Show,Miniforce: Super Dino Power,Unknown,2020,TV-Y7,1 Season,Kids' TV,7
s958,TV Show,Pet Stars,Unknown,2021,TV-PG,1 Season,Reality TV,1
s961,TV Show,The Innocent,Unknown,2021,TV-MA,1 Season,"Crime TV Shows, International TV Shows, Spanish-Language TV Shows",16
s964,TV Show,The Unremarkable Juanquini,Unknown,2021,TV-MA,2 Seasons,"International TV Shows, Spanish-Language TV Shows, TV Comedies",16
s966,TV Show,Yasuke,Unknown,2021,TV-MA,1 Season,"Anime Series, International TV Shows",16
s968,TV Show,Headspace Guide to Sleep,Unknown,2021,TV-G,1 Season,"Docuseries, Science & Nature TV",9
s969,TV Show,Sexify,Poland,2021,TV-MA,1 Season,"International TV Shows, TV Comedies, TV Dramas",2
s973,TV Show,Fatma,Turkey,2021,TV-MA,1 Season,"International TV Shows, TV Dramas, TV Thrillers",2
s989,TV Show,Let's Fight Ghost,Thailand,2021,TV-14,1 Season,"International TV Shows, Romantic TV Shows, TV Comedies",4
s994,TV Show,Shadow and Bone,United States,2021,TV-14,1 Season,"TV Action & Adventure, TV Dramas, TV Sci-Fi & Fantasy",0
s998,TV Show,Life in Color with David Attenborough,"Australia, United Kingdom",2021,TV-PG,1 Season,"British TV Shows, Docuseries, International TV Shows",5
s1004,TV Show,Zero,Italy,2021,TV-MA,1 Season,"International TV Shows, TV Comedies, TV Dramas",2
s1005,TV Show,Izzy's Koala World,Australia,2021,TV-Y,2 Seasons,Kids' TV,8
s1013,TV Show,Luis Miguel - The Series,Mexico,2021,TV-MA,2 Seasons,"International TV Shows, Spanish-Language TV Shows, TV Dramas",2
s1015,TV Show,PJ Masks,"France, United Kingdom",2019,TV-Y,3 Seasons,Kids' TV,8
s1026,TV Show,Bakugan: Geogan Rising,Unknown,2021,TV-Y7,1 Season,"Anime Series, Kids' TV",7
s1033,TV Show,Love Naggers,South Korea,2021,TV-14,1 Season,"International TV Shows, Stand-Up Comedy & Talk Shows",10
s1039,TV Show,Dancing Angels,Unknown,2016,TV-PG,1 Season,"International TV Shows, Romantic TV Shows, TV Comedies",4
s1041,TV Show,Durarara!!,Japan,2016,TV-MA,1 Season,"Anime Series, Crime TV Shows, International TV Shows",14
s1043,TV Show,Garth Brooks: The Road I’m On,United States,2019,TV-PG,1 Season,Docuseries,9
s1044,TV Show,Gilmore Girls,United States,2006,TV-14,7 Seasons,"Romantic TV Shows, TV Comedies, TV Dramas",3
s1045,TV Show,High-Rise Invasion,Japan,2021,TV-MA,1 Season,"Anime Series, International TV Shows, TV Thrillers",14
s1046,TV Show,Next in Fashion,United States,2020,TV-14,1 Season,Reality TV,0
s1048,TV Show,Peasants Rebellion,Lebanon,2018,TV-14,1 Season,"International TV Shows, TV Dramas",13
s1049,TV Show,Power Players,"United States, France",2020,TV-Y,3 Seasons,Kids' TV,8
s1050,TV Show,Ricky Zoom,"China, United Kingdom",2019,TV-Y,1 Season,"British TV Shows, Kids' TV",8
s1052,TV Show,Sonic X,Japan,2003,TV-Y7,2 Seasons,"Anime Series, Kids' TV",17
s1057,TV Show,Ajaibnya Cinta,Unknown,2015,TV-PG,1 Season,"International TV Shows, TV Dramas",13
s1058,TV Show,Dad Stop Embarrassing Me!,United States,2021,TV-14,1 Season,TV Comedies,0
s1059,TV Show,Fate: The Winx Saga,"Italy, United Kingdom",2021,TV-MA,1 Season,"British TV Shows, International TV Shows, TV Dramas",2
s1060,TV Show,House of Cards,United States,2018,TV-MA,6 Seasons,"TV Dramas, TV Thrillers",3
s1061,TV Show,Indian Matchmaking,"United States, India",2020,TV-14,1 Season,"Reality TV, Romantic TV Shows",0
s1062,TV Show,Jeffrey Epstein: Filthy Rich,United States,2020,TV-MA,1 Season,"Crime TV Shows, Docuseries",11
s1063,TV Show,Law School,South Korea,2021,TV-14,1 Season,"Crime TV Shows, International TV Shows, TV Dramas",13
s1064,TV Show,Living with Yourself,United States,2019,TV-MA,1 Season,"TV Comedies, TV Dramas",11
s1065,TV Show,Signal,South Korea,2016,TV-MA,1 Season,"Crime TV Shows, International TV Shows, Korean TV Shows",10
s1066,TV Show,Slasher,Canada,2019,TV-MA,3 Seasons,"TV Horror, TV Mysteries, TV Thrillers",18
s1068,TV Show,The Underclass,Thailand,2020,TV-MA,1 Season,"International TV Shows, TV Dramas, Teen TV Shows",2
s1069,TV Show,Unnatural Selection,United States,2019,TV-MA,1 Season,"Docuseries, Science & Nature TV",11
s1076,TV Show,My Love: Six Stories of True Love,"United States, Brazil, Japan, Spain, India",2021,TV-PG,1 Season,Docuseries,9
s1080,TV Show,The Baker and the Beauty,"Israel, United States",2020,TV-PG,1 Season,"Romantic TV Shows, TV Comedies, TV Dramas",0
s1082,TV Show,"Nicky, Ricky, Dicky & Dawn",United States,2018,TV-G,4 Seasons,"Kids' TV, TV Comedies",15
s1083,TV Show,Don't be the First one,Unknown,2021,TV-14,1 Season,"International TV Shows, Reality TV",1
s1085,TV Show,Heaven Official's Blessing,China,2020,TV-14,1 Season,"Anime Series, International TV Shows, Romantic TV Shows",4
s1092,TV Show,The Way of the Househusband,Japan,2021,TV-MA,1 Season,"Anime Series, International TV Shows",14
s1094,TV Show,The Big Day,India,2021,TV-14,2 Seasons,"International TV Shows, Reality TV, Romantic TV Shows",1
s1095,TV Show,The Wedding Coach,Unknown,2021,TV-MA,1 Season,"Reality TV, Romantic TV Shows",1
s1096,TV Show,This Is a Robbery: The World's Biggest Art Heist,Unknown,2021,TV-MA,1 Season,"Crime TV Shows, Docuseries, TV Mysteries",16
s1117,TV Show,Glimpses of a Future,Unknown,2020,TV-PG,1 Season,"Docuseries, International TV Shows",9
s1124,TV Show,Magical Andes,"Uruguay, Germany",2021,TV-G,2 Seasons,"Docuseries, International TV Shows, Science & Nature TV",9
s1126,TV Show,Murder Maps,United Kingdom,2017,TV-MA,2 Seasons,"British TV Shows, Crime TV Shows, Docuseries",5
s1128,TV Show,Prank Encounters,United States,2021,TV-MA,2 Seasons,"Reality TV, TV Comedies, TV Horror",11
s1130,TV Show,Secrets of Great British Castles,United Kingdom,2016,TV-PG,2 Seasons,"British TV Shows, Docuseries, International TV Shows",5
s1144,TV Show,Worn Stories,United States,2021,TV-MA,1 Season,"Docuseries, Reality TV",11
s1147,TV Show,Haunted: Latin America,"United States, Mexico",2021,TV-14,1 Season,"International TV Shows, Reality TV, Spanish-Language TV Shows",0
s1149,TV Show,Robocar Poli,South Korea,2015,TV-Y,2 Seasons,"Kids' TV, Korean TV Shows",8
s1150,TV Show,Yu-Gi-Oh!,Japan,2005,TV-Y7,1 Season,"Anime Series, Kids' TV",17
s1153,TV Show,Rainbow High,United States,2020,TV-Y,1 Season,Kids' TV,8
s1159,TV Show,Big Time Rush,United States,2013,TV-G,4 Seasons,Kids' TV,15
s1164,TV Show,Magic for Humans Spain,Spain,2021,TV-MA,1 Season,"International TV Shows, Reality TV, Spanish-Language TV Shows",16
s1167,TV Show,The Irregulars,United Kingdom,2021,TV-14,1 Season,"British TV Shows, Crime TV Shows, International TV Shows",5
s1169,TV Show,DOTA: Dragon's Blood,United States,2021,TV-MA,1 Season,Anime Series,11
s1170,TV Show,Pui Pui Molcar,Japan,2021,TV-Y7,1 Season,Kids' TV,7
s1174,TV Show,Men on a Mission,South Korea,2021,TV-14,6 Seasons,"International TV Shows, Korean TV Shows, Stand-Up Comedy & Talk Shows",3
s1175,TV Show,Navillera,South Korea,2021,TV-14,1 Season,"International TV Shows, TV Dramas",13
s1180,TV Show,Mighty Morphin Power Rangers,"United States, Japan",2010,TV-Y7,4 Seasons,Kids' TV,15
s1181,TV Show,Alien TV,Unknown,2021,TV-Y7,2 Seasons,"Kids' TV, TV Comedies",7
s1182,TV Show,Country Comfort,United States,2021,TV-PG,1 Season,TV Comedies,0
s1183,TV Show,Formula 1: Drive to Survive,United Kingdom,2021,TV-MA,3 Seasons,Docuseries,18
s1187,TV Show,B: The Beginning,Japan,2021,TV-MA,2 Seasons,"Anime Series, Crime TV Shows, International TV Shows",14
s1197,TV Show,Under Suspicion: Uncovering the Wesphael Case,Belgium,2021,TV-14,1 Season,"Crime TV Shows, Docuseries, International TV Shows",9
s1201,TV Show,Waffles + Mochi,United States,2021,TV-Y,1 Season,Kids' TV,8
s1202,TV Show,Abla Fahita: Drama Queen,Egypt,2021,TV-14,1 Season,"Crime TV Shows, International TV Shows, TV Comedies",4
s1206,TV Show,The Lost Pirate Kingdom,"United States, United Kingdom",2021,TV-MA,1 Season,"Docuseries, Science & Nature TV, TV Action & Adventure",11
s1207,TV Show,Zero Chill,United Kingdom,2021,TV-G,1 Season,"British TV Shows, Kids' TV, TV Dramas",5
s1211,TV Show,Love Alarm,South Korea,2021,TV-MA,2 Seasons,"International TV Shows, Korean TV Shows, Romantic TV Shows",10
s1214,TV Show,Paradise PD,United States,2021,TV-MA,3 Seasons,TV Comedies,18
s1218,TV Show,The One,United Kingdom,2021,TV-MA,1 Season,"British TV Shows, Crime TV Shows, International TV Shows",5
s1224,TV Show,Dealer,France,2021,TV-MA,1 Season,"Crime TV Shows, International TV Shows, TV Action & Adventure",16
s1225,TV Show,Last Chance U: Basketball,Unknown,2021,TV-MA,1 Season,Docuseries,11
s1226,TV Show,Marriage or Mortgage,Unknown,2021,TV-G,1 Season,"Reality TV, Romantic TV Shows",1
s1227,TV Show,The Houseboat,Germany,2021,TV-14,1 Season,"Docuseries, International TV Shows",9
s1228,TV Show,Bombay Begums,India,2021,TV-MA,1 Season,"International TV Shows, TV Dramas",2
s1230,TV Show,My Way,Egypt,2015,TV-14,1 Season,"International TV Shows, TV Dramas",13
s1232,TV Show,City of Ghosts,United States,2021,TV-Y7,1 Season,Kids' TV,7
s1235,TV Show,Nevenka: Breaking the Silence,Spain,2021,TV-MA,1 Season,"Docuseries, International TV Shows, Spanish-Language TV Shows",16
s1236,TV Show,Pokémon Journeys: The Series,Unknown,2021,TV-Y7,4 Seasons,"Anime Series, Kids' TV, TV Action & Adventure",7
s1239,TV Show,Pacific Rim: The Black,"United States, Australia",2021,TV-14,1 Season,Anime Series,0
s1243,TV Show,Murder Among the Mormons,United States,2021,TV-14,1 Season,"Crime TV Shows, Docuseries",9
s1246,TV Show,Word Party,United States,2021,TV-Y,5 Seasons,Kids' TV,15
s1247,TV Show,A Perfect Day For Arsenide,Unknown,2019,TV-MA,1 Season,"Classic & Cult TV, Crime TV Shows, International TV Shows",16
s1258,TV Show,TIGER & BUNNY,Japan,2011,TV-14,1 Season,"Anime Series, International TV Shows",14
s1269,TV Show,El final del paraíso,"United States, Colombia",2019,TV-MA,1 Season,"Crime TV Shows, International TV Shows, Spanish-Language TV Shows",16
s1271,TV Show,Sin senos sí hay paraíso,"United States, Colombia",2018,TV-MA,3 Seasons,"International TV Shows, Spanish-Language TV Shows, TV Dramas",18
s1272,TV Show,The Last Bastion,Unknown,2018,TV-MA,1 Season,"International TV Shows, Spanish-Language TV Shows, TV Dramas",2
s1273,TV Show,Age of Samurai: Battle for Japan,United States,2021,TV-MA,1 Season,"Docuseries, International TV Shows",11
s1275,TV Show,Canine Intervention,United States,2021,TV-PG,1 Season,Reality TV,0
s1276,TV Show,Ginny & Georgia,United States,2021,TV-14,1 Season,"Romantic TV Shows, TV Comedies, TV Dramas",0
s1278,TV Show,Two Sentence Horror Stories,United States,2021,TV-14,2 Seasons,"TV Horror, Teen TV Shows",0
s1283,TV Show,Zindagi in Short,India,2020,TV-MA,1 Season,"International TV Shows, TV Dramas",2
s1286,TV Show,Vincenzo,South Korea,2021,TV-14,1 Season,"International TV Shows, TV Comedies, TV Dramas",13
s1294,TV Show,Pitta Kathalu,India,2021,TV-MA,1 Season,"International TV Shows, TV Dramas",2
s1295,TV Show,Tribes of Europa,Germany,2021,TV-MA,1 Season,"International TV Shows, TV Action & Adventure, TV Dramas",2
s1297,TV Show,"Hello, Me!",South Korea,2021,TV-14,1 Season,"International TV Shows, Romantic TV Shows, TV Comedies",4
s1299,TV Show,Sisyphus,South Korea,2021,TV-14,1 Season,"International TV Shows, TV Action & Adventure, TV Dramas",13
s1300,TV Show,Thus Spoke Kishibe Rohan,Unknown,2021,TV-MA,1 Season,"Anime Series, International TV Shows",16
s1301,TV Show,Amend: The Fight for America,United States,2021,TV-MA,1 Season,Docuseries,11
s1302,TV Show,Behind Her Eyes,United Kingdom,2021,TV-MA,1 Season,"British TV Shows, International TV Shows, TV Dramas",2
s1303,TV Show,MeatEater,United States,2021,TV-14,4 Seasons,"Docuseries, Reality TV, Science & Nature TV",15
s1307,TV Show,Good Girls,United States,2020,TV-MA,3 Seasons,"Crime TV Shows, TV Comedies, TV Dramas",18
s1309,TV Show,Booba,United Kingdom,2021,TV-Y7,4 Seasons,"Kids' TV, TV Comedies",15
s1311,TV Show,The Crew,United States,2021,TV-14,1 Season,TV Comedies,0
s1314,TV Show,Buried by the Bernards,United States,2021,TV-14,1 Season,Reality TV,0
s1315,TV Show,Chappelle's Show,United States,2005,TV-MA,2 Seasons,TV Comedies,17
s1318,TV Show,Nadiya Bakes,United Kingdom,2021,TV-G,1 Season,"British TV Shows, International TV Shows, Reality TV",5
s1321,TV Show,Capitani,Luxembourg,2019,TV-MA,1 Season,"Crime TV Shows, International TV Shows, TV Dramas",2
s1322,TV Show,El Chema,Mexico,2016,TV-MA,1 Season,"Crime TV Shows, Spanish-Language TV Shows, TV Action & Adventure",16
s1329,TV Show,Crime Scene: The Vanishing at the Cecil Hotel,United States,2021,TV-MA,1 Season,"Crime TV Shows, Docuseries",11
s1332,TV Show,Five Came Back: The Reference Films,United States,1945,TV-MA,1 Season,TV Shows,19
s1333,TV Show,ICarly,United States,2008,TV-G,2 Seasons,"Kids' TV, TV Comedies",17
s1336,TV Show,The Sinner,United States,2020,TV-MA,3 Seasons,"Crime TV Shows, TV Dramas, TV Mysteries",18
s1339,TV Show,Hache,Spain,2021,TV-MA,2 Seasons,"Crime TV Shows, International TV Shows, Spanish-Language TV Shows",16
s1340,TV Show,Invisible City,Brazil,2021,TV-MA,1 Season,"Crime TV Shows, International TV Shows, TV Dramas",2
s1349,TV Show,Firefly Lane,United States,2021,TV-MA,1 Season,"Romantic TV Shows, TV Dramas",11
s1350,TV Show,"Pablo Escobar, el patrón del mal",Colombia,2012,TV-MA,1 Season,"Crime TV Shows, International TV Shows, Spanish-Language TV Shows",16
s1351,TV Show,Power Rangers Ninja Steel,United States,2018,TV-Y7,2 Seasons,Kids' TV,7
s1353,TV Show,Tiffany Haddish Presents: They Ready,United States,2021,TV-MA,2 Seasons,"Stand-Up Comedy & Talk Shows, TV Comedies",11
s1355,TV Show,Heartland,Canada,2019,TV-14,13 Seasons,TV Dramas,12
s1356,TV Show,Love Daily,United States,2018,TV-14,1 Season,"Romantic TV Shows, Teen TV Shows",0
s1357,TV Show,My Dead Ex,United States,2018,TV-14,1 Season,"TV Comedies, Teen TV Shows",0
s1361,TV Show,The House Arrest of Us,Philippines,2020,TV-MA,1 Season,"International TV Shows, Romantic TV Shows, TV Comedies",4
s1362,TV Show,The Unsettling,United States,2019,TV-14,1 Season,"TV Horror, Teen TV Shows",0
s1363,TV Show,Total Drama,"Canada, United States, France",2015,TV-PG,7 Seasons,"Kids' TV, TV Comedies",3
s1364,TV Show,Zac and Mia,United States,2019,TV-14,2 Seasons,"Romantic TV Shows, TV Dramas, Teen TV Shows",0
s1366,TV Show,Zig & Sharko,France,2019,TV-Y7,2 Seasons,"Kids' TV, TV Comedies",7
s1372,TV Show,We Are: The Brooklyn Saints,United States,2021,TV-14,1 Season,Docuseries,9
s1374,TV Show,50M2,Turkey,2021,TV-MA,1 Season,"International TV Shows, TV Dramas, TV Thrillers",2
s1376,TV Show,BONDING,United States,2021,TV-MA,2 Seasons,"TV Comedies, TV Dramas",11
s1378,TV Show,Outlander,United States,2018,TV-MA,4 Seasons,"Romantic TV Shows, TV Action & Adventure, TV Dramas",18
s1381,TV Show,Go Dog Go,"United States, United Kingdom",2021,TV-Y,1 Season,Kids' TV,8
s1384,TV Show,Blown Away,Canada,2021,TV-14,2 Seasons,"International TV Shows, Reality TV",1
s1385,TV Show,Busted!,South Korea,2021,TV-14,3 Seasons,"Crime TV Shows, International TV Shows, Korean TV Shows",10
s1386,TV Show,Demon Slayer: Kimetsu no Yaiba,Japan,2019,TV-14,1 Season,"Anime Series, International TV Shows",14
s1393,TV Show,Daughter From Another Mother,Mexico,2021,TV-MA,1 Season,"International TV Shows, Spanish-Language TV Shows, TV Comedies",16
s1395,TV Show,Spycraft,United States,2021,TV-MA,1 Season,"Docuseries, Science & Nature TV",11
s1396,TV Show,Hello Ninja,United States,2021,TV-Y,4 Seasons,Kids' TV,15
s1401,TV Show,Bling Empire,United States,2021,TV-MA,1 Season,Reality TV,11
s1402,TV Show,Carmen Sandiego,United States,2021,TV-Y7,4 Seasons,"Kids' TV, TV Thrillers",15
s1403,TV Show,Disenchantment,United States,2021,TV-14,3 Seasons,"TV Action & Adventure, TV Comedies, TV Sci-Fi & Fantasy",15
s1405,TV Show,Henry Danger,United States,2016,TV-G,3 Seasons,"Kids' TV, TV Comedies",15
s1409,TV Show,The Magicians,"United States, Canada",2020,TV-MA,5 Seasons,"TV Dramas, TV Sci-Fi & Fantasy",18
s1417,TV Show,Night Stalker: The Hunt for a Serial Killer,United States,2021,TV-MA,1 Season,"Crime TV Shows, Docuseries",11
s1420,TV Show,Last Tango in Halifax,United Kingdom,2020,TV-MA,4 Seasons,"British TV Shows, Romantic TV Shows, TV Dramas",18
s1428,TV Show,Inside the World’s Toughest Prisons,United Kingdom,2021,TV-MA,5 Seasons,"British TV Shows, Crime TV Shows, Docuseries",18
s1430,TV Show,Mighty Little Bheem: Kite Festival,India,2021,TV-Y,1 Season,"Kids' TV, TV Comedies",8
s1431,TV Show,Pretend It’s a City,United States,2021,TV-14,1 Season,Docuseries,9
s1433,TV Show,The Idhun Chronicles,Spain,2021,TV-14,2 Seasons,"Anime Series, International TV Shows, Spanish-Language TV Shows",14
s1438,TV Show,Surviving Death,United States,2021,TV-MA,1 Season,"Docuseries, Reality TV",11
s1440,TV Show,History of Swear Words,United States,2021,TV-MA,1 Season,"Docuseries, TV Comedies",11
s1441,TV Show,Nailed It! Mexico,"Mexico, United States",2021,TV-PG,3 Seasons,"International TV Shows, Reality TV, Spanish-Language TV Shows",1
s1443,TV Show,Korean Pork Belly Rhapsody,Unknown,2020,TV-G,1 Season,"Docuseries, International TV Shows",9
s1444,TV Show,QB1: Beyond the Lights,United States,2019,TV-14,1 Season,Docuseries,9
s1449,TV Show,Cobra Kai,United States,2021,TV-14,3 Seasons,"TV Action & Adventure, TV Comedies, TV Dramas",15
s1450,TV Show,Dream Home Makeover,United States,2021,TV-G,2 Seasons,Reality TV,0
s1456,TV Show,Headspace Guide to Meditation,United States,2021,TV-G,1 Season,"Docuseries, Science & Nature TV",9
s1458,TV Show,Jenni Rivera: Mariposa de Barrio,United States,2017,TV-MA,1 Season,"Spanish-Language TV Shows, TV Dramas",11
s1461,TV Show,Monarca,Mexico,2021,TV-MA,2 Seasons,"International TV Shows, Spanish-Language TV Shows, TV Dramas",2
s1463,TV Show,Running Man,Unknown,2020,TV-Y7,1 Season,"Kids' TV, TV Comedies",7
s1464,TV Show,The Cat in the Hat Knows a Lot About That!,"Canada, United Kingdom, United States",2014,TV-Y,1 Season,Kids' TV,8
s1466,TV Show,The Haunted Hathaways,United States,2013,TV-G,2 Seasons,"Kids' TV, TV Comedies, TV Sci-Fi & Fantasy",7
s1474,TV Show,Chilling Adventures of Sabrina,United States,2020,TV-14,4 Seasons,"TV Horror, TV Mysteries, TV Sci-Fi & Fantasy",15
s1477,TV Show,Best Leftovers Ever!,United States,2020,TV-G,1 Season,Reality TV,0
s1478,TV Show,Dare Me,United States,2019,TV-MA,1 Season,"Crime TV Shows, TV Dramas, TV Thrillers",11
s1479,TV Show,Equinox,"Denmark, United States",2020,TV-MA,1 Season,"International TV Shows, TV Mysteries, TV Thrillers",11
s1480,TV Show,SanPa: Sins of the Savior,Italy,2020,TV-MA,1 Season,"Crime TV Shows, Docuseries, International TV Shows",16
s1481,TV Show,Still Game,United Kingdom,2018,TV-14,9 Seasons,"British TV Shows, Classic & Cult TV, International TV Shows",3
s1483,TV Show,Transformers: War for Cybertron: Earthrise,Unknown,2020,TV-Y7,1 Season,Anime Series,7
s1484,TV Show,A Love So Beautiful,South Korea,2020,TV-PG,1 Season,"International TV Shows, Romantic TV Shows, TV Comedies",4
s1488,TV Show,Sakho & Mangane,Senegal,2019,TV-MA,1 Season,"Crime TV Shows, International TV Shows, TV Dramas",2
s1490,TV Show,Regiment Diaries,India,2020,TV-PG,2 Seasons,"Docuseries, International TV Shows",9
s1493,TV Show,Bridgerton,United States,2020,TV-MA,1 Season,"Romantic TV Shows, TV Dramas",11
s1504,TV Show,Lovestruck in the City,South Korea,2020,TV-14,1 Season,"International TV Shows, Romantic TV Shows, TV Comedies",4
s1506,TV Show,Rhyme Time Town Singalongs,United States,2020,TV-Y,1 Season,Kids' TV,8
s1507,TV Show,Shaun the Sheep,"United Kingdom, Finland, Germany, United States, Australia, Japan, France, Ireland",2016,TV-Y,2 Seasons,"British TV Shows, Kids' TV, TV Comedies",8
s1509,TV Show,Timmy Time,United Kingdom,2010,TV-Y,1 Season,"British TV Shows, Kids' TV",8
s1515,TV Show,Diamond City,South Africa,2019,TV-MA,1 Season,"Crime TV Shows, International TV Shows, TV Dramas",2
s1517,TV Show,Home for Christmas,Norway,2020,TV-MA,2 Seasons,"International TV Shows, Romantic TV Shows, TV Comedies",4
s1521,TV Show,Paava Kadhaigal,India,2020,TV-MA,1 Season,"International TV Shows, TV Dramas",2
s1528,TV Show,Morphle,Netherlands,2020,TV-Y,2 Seasons,"British TV Shows, Kids' TV",8
s1529,TV Show,Run On,South Korea,2020,TV-MA,1 Season,"International TV Shows, Romantic TV Shows, TV Comedies",4
s1531,TV Show,Schulz Saves America,United States,2020,TV-MA,1 Season,"Stand-Up Comedy & Talk Shows, TV Comedies",11
s1533,TV Show,Anitta: Made In Honório,Brazil,2020,TV-MA,1 Season,"Docuseries, International TV Shows",16
s1534,TV Show,BREAK IT ALL: The History of Rock in Latin America,Unknown,2020,TV-MA,1 Season,"Docuseries, Spanish-Language TV Shows",16
s1536,TV Show,How To Ruin Christmas,South Africa,2020,TV-MA,1 Season,"International TV Shows, TV Comedies, TV Dramas",2
s1539,TV Show,Marvel Anime: Wolverine,"United States, Japan",2011,TV-14,1 Season,"Anime Series, International TV Shows",14
s1540,TV Show,Marvel Anime: X-Men,Japan,2011,TV-14,1 Season,"Anime Series, International TV Shows",14
s1542,TV Show,The Ripper,United Kingdom,2020,TV-MA,1 Season,"British TV Shows, Crime TV Shows, Docuseries",5
s1544,TV Show,Black Ink Crew New York,United States,2014,TV-14,2 Seasons,Reality TV,0
s1546,TV Show,Pup Academy,United States,2020,TV-Y,2 Seasons,"Kids' TV, TV Comedies",8
s1547,TV Show,Song Exploder,United States,2020,TV-MA,2 Seasons,Docuseries,11
s1548,TV Show,Teen Mom 2,United States,2011,TV-14,2 Seasons,Reality TV,0
s1549,TV Show,The Challenge,United States,2006,TV-14,2 Seasons,Reality TV,17
s1552,TV Show,Hilda,"United Kingdom, Canada, United States",2021,TV-Y7,2 Seasons,Kids' TV,7
s1553,TV Show,Tiny Pretty Things,United States,2020,TV-MA,1 Season,"TV Dramas, TV Mysteries, TV Thrillers",11
s1555,TV Show,Children of Adam,Lebanon,2020,TV-14,1 Season,"International TV Shows, TV Dramas, TV Thrillers",13
s1556,TV Show,Grizzy et les Lemmings,France,2018,TV-Y,2 Seasons,"Kids' TV, TV Comedies",8
s1560,TV Show,The Mess You Leave Behind,Spain,2020,TV-MA,1 Season,"International TV Shows, Spanish-Language TV Shows, TV Dramas",2
s1563,TV Show,Alice in Borderland,Japan,2020,TV-MA,1 Season,"International TV Shows, TV Action & Adventure, TV Mysteries",16
s1565,TV Show,Futmalls.com,Unknown,2020,TV-14,1 Season,"Crime TV Shows, International TV Shows, TV Dramas",13
s1570,TV Show,Masameer Classics,Saudi Arabia,2013,TV-14,4 Seasons,"International TV Shows, TV Comedies",15
s1571,TV Show,Once Upon a Time,Egypt,2019,TV-14,1 Season,"International TV Shows, Romantic TV Shows, TV Dramas",13
s1573,TV Show,The Big Show Show,United States,2020,TV-G,2 Seasons,"Kids' TV, TV Comedies",7
s1574,TV Show,The Expanding Universe of Ashley Garcia,United States,2020,TV-PG,3 Seasons,"Kids' TV, TV Comedies, Teen TV Shows",15
s1575,TV Show,The Surgeon's Cut,United States,2020,TV-14,1 Season,"Docuseries, Science & Nature TV",9
s1579,TV Show,Juman,Kuwait,2019,TV-PG,1 Season,"International TV Shows, Romantic TV Shows, TV Dramas",13
s1580,TV Show,Mr. Iglesias,United States,2020,TV-14,3 Seasons,"TV Comedies, Teen TV Shows",15
s1584,TV Show,100 Days My Prince,South Korea,2018,TV-14,1 Season,"International TV Shows, Romantic TV Shows, TV Dramas",13
s1586,TV Show,Manhunt: Deadly Games,Unknown,2020,TV-14,1 Season,"Crime TV Shows, TV Dramas, TV Mysteries",13
s1587,TV Show,Room 2806: The Accusation,France,2020,TV-MA,1 Season,"Crime TV Shows, Docuseries, International TV Shows",16
s1588,TV Show,Detention,Taiwan,2020,TV-MA,1 Season,"International TV Shows, TV Dramas, TV Horror",2
s1590,TV Show,Bhaag Beanie Bhaag,India,2020,TV-MA,1 Season,"International TV Shows, Romantic TV Shows, TV Comedies",4
s1591,TV Show,Big Mouth,United States,2020,TV-MA,4 Seasons,TV Comedies,18
s1594,TV Show,Kings of Jo'Burg,South Africa,2020,TV-MA,1 Season,"Crime TV Shows, International TV Shows, TV Dramas",2
s1597,TV Show,The Great British Baking Show: Holidays,Unknown,2020,TV-MA,3 Seasons,"British TV Shows, Reality TV",1
s1604,TV Show,Alien Worlds,United Kingdom,2020,TV-PG,1 Season,"British TV Shows, Docuseries, International TV Shows",5
s1606,TV Show,Check The Store Next Door: The Next Chapter,Indonesia,2020,TV-14,2 Seasons,"International TV Shows, TV Comedies, TV Dramas",13
s1612,TV Show,Are You The One,United States,2014,TV-14,2 Seasons,Reality TV,0
s1615,TV Show,Gormiti,"Spain, Italy",2018,TV-Y,1 Season,Kids' TV,8
s1616,TV Show,Ink Master,United States,2012,TV-14,2 Seasons,Reality TV,0
s1619,TV Show,Octonauts,"United States, Ireland, United Kingdom, India",2015,TV-Y,4 Seasons,"British TV Shows, Kids' TV",15
s1620,TV Show,Oddbods,"United Kingdom, Singapore",2017,TV-Y,1 Season,"Kids' TV, TV Comedies",8
s1623,TV Show,Stargate SG-1,"United States, Canada",2006,TV-MA,10 Seasons,"Classic & Cult TV, TV Action & Adventure, TV Sci-Fi & Fantasy",12
s1624,TV Show,The Bachelorette,United States,2010,TV-14,1 Season,"Reality TV, Romantic TV Shows",0
s1626,TV Show,The Guest,South Korea,2018,TV-14,1 Season,"International TV Shows, TV Horror, TV Mysteries",10
s1628,TV Show,The Holiday Movies That Made Us,United States,2020,TV-PG,1 Season,Docuseries,9
s1629,TV Show,The Repair Shop,United Kingdom,2018,TV-PG,1 Season,"British TV Shows, Reality TV",5
s1635,TV Show,The Uncanny Counter,South Korea,2020,TV-14,1 Season,"International TV Shows, TV Action & Adventure, TV Dramas",13
s1639,TV Show,Fabulous Lives of Bollywood Wives,India,2020,TV-MA,1 Season,"International TV Shows, Reality TV",1
s1640,TV Show,Heartbreak High,Australia,1999,TV-14,7 Seasons,"International TV Shows, TV Dramas, Teen TV Shows",6
s1641,TV Show,Over Christmas,Germany,2020,TV-MA,1 Season,"International TV Shows, Romantic TV Shows, TV Comedies",4
s1642,TV Show,Sugar Rush Christmas,United States,2020,TV-14,2 Seasons,Reality TV,0
s1650,TV Show,Great Pretender,Japan,2020,TV-MA,2 Seasons,"Anime Series, Crime TV Shows, International TV Shows",14
s1655,TV Show,Before 30,Nigeria,2015,TV-MA,1 Season,"International TV Shows, Romantic TV Shows, TV Comedies",4
s1659,TV Show,Valentino,Egypt,2020,TV-14,1 Season,"International TV Shows, TV Comedies, TV Dramas",13
s1662,TV Show,Strongest Deliveryman,South Korea,2017,TV-MA,1 Season,"International TV Shows, Romantic TV Shows, TV Dramas",2
s1668,TV Show,Flavorful Origins,China,2020,TV-G,3 Seasons,"Docuseries, International TV Shows",9
s1669,TV Show,Heart & Soul,Unknown,2019,TV-14,1 Season,"International TV Shows, TV Dramas",13
s1671,TV Show,Mismatched,India,2020,TV-MA,1 Season,"International TV Shows, Romantic TV Shows, TV Comedies",4
s1673,TV Show,Voices of Fire,United States,2020,TV-PG,1 Season,"Docuseries, Reality TV",9
s1685,TV Show,Holiday Home Makeover with Mr. Christmas,United States,2020,TV-G,1 Season,Reality TV,0
s1688,TV Show,The Boss Baby: Back in Business,United States,2020,TV-Y7,4 Seasons,"Kids' TV, TV Comedies",15
s1689,TV Show,We Are the Champions,United States,2020,TV-MA,1 Season,"Docuseries, Reality TV",11
s1693,TV Show,America's Next Top Model,United States,2013,TV-14,2 Seasons,Reality TV,0
s1694,TV Show,Beyblade Burst Rise,Japan,2019,TV-Y,1 Season,"Anime Series, Kids' TV",8
s1697,TV Show,Polly Pocket,"Canada, United States, Ireland",2021,TV-Y,2 Seasons,Kids' TV,8
s1698,TV Show,Survivor,United States,2014,TV-14,2 Seasons,Reality TV,0
s1699,TV Show,The Crown,"United Kingdom, United States",2020,TV-MA,4 Seasons,"British TV Shows, International TV Shows, TV Dramas",18
s1702,TV Show,American Horror Story,United States,2019,TV-MA,9 Seasons,"TV Horror, TV Mysteries, TV Thrillers",3
s1707,TV Show,The Minions of Midas,Spain,2020,TV-MA,1 Season,"Crime TV Shows, International TV Shows, Spanish-Language TV Shows",16
s1709,TV Show,Ethos,Turkey,2020,TV-MA,1 Season,"International TV Shows, TV Dramas",2
s1712,TV Show,Graceful Friends,South Korea,2020,TV-MA,1 Season,"Crime TV Shows, International TV Shows, TV Dramas",2
s1716,TV Show,A Queen Is Born,Brazil,2020,TV-14,1 Season,"International TV Shows, Reality TV",1
s1717,TV Show,Aunty Donna's Big Ol' House of Fun,Australia,2020,TV-MA,1 Season,TV Comedies,11
s1718,TV Show,The Liberator,United States,2020,TV-MA,1 Season,"TV Action & Adventure, TV Dramas",11
s1719,TV Show,Trial 4,United States,2020,TV-MA,1 Season,"Crime TV Shows, Docuseries",11
s1722,TV Show,A Lion in the House,United States,2006,TV-14,1 Season,TV Shows,17
s1723,TV Show,DASH & LILY,United States,2020,TV-14,1 Season,"Romantic TV Shows, TV Comedies, TV Dramas",0
s1724,TV Show,Bakugan: Armored Alliance,Unknown,2020,TV-Y7,1 Season,"Anime Series, Kids' TV",7
s1725,TV Show,Bakugan: Battle Planet,"Japan, Canada, United States",2018,TV-PG,1 Season,"Anime Series, Kids' TV",7
s1727,TV Show,Country Ever After,United States,2020,TV-PG,1 Season,Reality TV,0
s1731,TV Show,Wrong Kind of Black,Australia,2018,TV-MA,1 Season,"International TV Shows, TV Comedies, TV Dramas",2
s1734,TV Show,Carmel: Who Killed Maria Marta?,Argentina,2020,TV-14,1 Season,"Crime TV Shows, Docuseries, International TV Shows",9
s1738,TV Show,Paranormal,Egypt,2020,TV-14,1 Season,"International TV Shows, TV Dramas, TV Horror",13
s1741,TV Show,Love & Anarchy,Sweden,2020,TV-MA,1 Season,"International TV Shows, Romantic TV Shows, TV Comedies",4
s1747,TV Show,Can You Hear Me?,Canada,2020,TV-MA,2 Seasons,"International TV Shows, TV Comedies, TV Dramas",2
s1749,TV Show,60 Days In,United States,2019,TV-MA,1 Season,Reality TV,11
s1751,TV Show,Dawson's Creek,United States,2002,TV-14,6 Seasons,"Romantic TV Shows, TV Dramas, Teen TV Shows",6
s1755,TV Show,Forged in Fire,United States,2019,TV-14,1 Season,Reality TV,0
s1756,TV Show,Leah Remini: Scientology and the Aftermath,United States,2018,TV-14,3 Seasons,Docuseries,15
s1757,TV Show,LEGO Jurassic World: Legend of Isla Nublar,United States,2019,TV-Y,1 Season,Kids' TV,8
s1758,TV Show,LEGO Jurassic World: Secret Exhibit,United States,2018,TV-Y,1 Season,Kids' TV,8
s1759,TV Show,LEGO Ninjago,Canada,2020,TV-Y7,2 Seasons,Kids' TV,7
s1760,TV Show,LEGO Ninjago: Masters of Spinjitzu,"Denmark, Singapore, Canada, United States",2019,TV-Y7,10 Seasons,Kids' TV,12
s1761,TV Show,LEGO: CITY Adventures,"United States, France, Denmark",2019,TV-Y,1 Season,"Kids' TV, TV Comedies",8
s1766,TV Show,The Garfield Show,"France, United States",2018,TV-Y,4 Seasons,"Kids' TV, TV Comedies",15
s1767,TV Show,The Good Detective,South Korea,2020,TV-MA,1 Season,"Crime TV Shows, International TV Shows, TV Dramas",2
s1770,TV Show,Voice,South Korea,2018,TV-14,2 Seasons,"Crime TV Shows, International TV Shows, Korean TV Shows",10
s1772,TV Show,Afronta! Facing It!,Brazil,2017,TV-PG,1 Season,"Docuseries, International TV Shows",9
s1774,TV Show,Zumbo's Just Desserts,Australia,2019,TV-PG,1 Season,"International TV Shows, Reality TV",1
s1779,TV Show,Kongsuni and Friends,Unknown,2020,TV-Y,2 Seasons,"Kids' TV, Korean TV Shows",8
s1780,TV Show,Marvel's Agents of S.H.I.E.L.D.,United States,2020,TV-14,7 Seasons,"TV Action & Adventure, TV Sci-Fi & Fantasy",3
s1782,TV Show,Somebody Feed Phil,United States,2020,TV-14,4 Seasons,"Docuseries, Reality TV",15
s1783,TV Show,Suburra: Blood on Rome,Italy,2020,TV-MA,3 Seasons,"Crime TV Shows, International TV Shows, TV Dramas",2
s1791,TV Show,Blood of Zeus,United States,2020,TV-MA,1 Season,Anime Series,11
s1792,TV Show,Chico Bon Bon: Monkey with a Tool Belt,United States,2020,TV-Y,4 Seasons,Kids' TV,15
s1795,TV Show,The Devil Punisher,Taiwan,2020,TV-14,1 Season,"International TV Shows, Romantic TV Shows, TV Mysteries",4
s1800,TV Show,Barbarians,Germany,2020,TV-MA,1 Season,"International TV Shows, TV Action & Adventure, TV Dramas",2
s1801,TV Show,Move,United States,2020,TV-MA,1 Season,"Docuseries, International TV Shows",11
s1804,TV Show,Stolen Away,Spain,2020,TV-MA,1 Season,"Crime TV Shows, International TV Shows, Spanish-Language TV Shows",16
s1805,TV Show,The Queen's Gambit,United States,2020,TV-MA,1 Season,TV Dramas,11
s1814,TV Show,My Next Guest Needs No Introduction With David Letterman,United States,2020,TV-MA,3 Seasons,Stand-Up Comedy & Talk Shows,18
s1829,TV Show,Unsolved Mysteries,Unknown,2020,TV-MA,2 Seasons,"Crime TV Shows, Docuseries",16
s1835,TV Show,Start-Up,South Korea,2020,TV-14,1 Season,"International TV Shows, Romantic TV Shows, TV Comedies",4
s1838,TV Show,Grand Army,United States,2020,TV-MA,1 Season,"TV Dramas, Teen TV Shows",11
s1840,TV Show,La Révolution,France,2020,TV-MA,1 Season,"International TV Shows, TV Action & Adventure, TV Dramas",2
s1841,TV Show,Someone Has to Die,"Mexico, Spain",2020,TV-MA,1 Season,"Crime TV Shows, International TV Shows, Spanish-Language TV Shows",16
s1842,TV Show,The Last Kids on Earth,United States,2020,TV-Y7,3 Seasons,"Kids' TV, TV Comedies",7
s1848,TV Show,Fireman Sam,United Kingdom,2018,TV-Y,4 Seasons,"British TV Shows, Kids' TV",8
s1849,TV Show,Half & Half,United States,2005,TV-14,4 Seasons,TV Comedies,17
s1852,TV Show,One on One,United States,2006,TV-14,5 Seasons,"TV Comedies, Teen TV Shows",3
s1853,TV Show,Power Rangers Beast Morphers,United States,2020,TV-Y7,2 Seasons,Kids' TV,7
s1855,TV Show,Social Distance,United States,2020,TV-MA,1 Season,"TV Comedies, TV Dramas",11
s1861,TV Show,The Cabin with Bert Kreischer,United States,2020,TV-MA,1 Season,"Reality TV, TV Comedies",11
s1865,TV Show,Kipo and the Age of Wonderbeasts,United States,2020,TV-Y7,3 Seasons,"Kids' TV, TV Comedies",7
s1869,TV Show,Deaf U,United States,2020,TV-MA,1 Season,Docuseries,11
s1874,TV Show,The Haunting of Bly Manor,United States,2020,TV-MA,1 Season,"TV Dramas, TV Horror, TV Mysteries",11
s1876,TV Show,Do Do Sol Sol La La Sol,South Korea,2020,TV-14,1 Season,"International TV Shows, Romantic TV Shows, TV Comedies",4
s1878,TV Show,Private Lives,South Korea,2020,TV-14,1 Season,"Crime TV Shows, International TV Shows, TV Dramas",13
s1879,TV Show,The 100,"United States, Canada",2020,TV-MA,7 Seasons,"TV Action & Adventure, TV Dramas, TV Sci-Fi & Fantasy",3
s1881,TV Show,To the Lake,Russia,2020,TV-MA,1 Season,"International TV Shows, TV Dramas, TV Mysteries",2
s1886,TV Show,Bad Boy Billionaires: India,India,2020,TV-14,1 Season,"British TV Shows, Docuseries, International TV Shows",9
s1890,TV Show,Pat a Pat Como,Unknown,2016,TV-Y,1 Season,Kids' TV,8
s1891,TV Show,Qurious Como,Unknown,2017,TV-Y,1 Season,Kids' TV,8
s1894,TV Show,DreamWorks Happy Holidays from Madagascar,United States,2005,TV-PG,1 Season,"Kids' TV, TV Comedies",17
s1895,TV Show,Emily in Paris,United States,2020,TV-MA,1 Season,"Romantic TV Shows, TV Comedies, TV Dramas",11
s1896,TV Show,H2O: Just Add Water,Australia,2009,TV-PG,3 Seasons,"Kids' TV, TV Dramas",17
s1907,TV Show,Evil,United States,2019,TV-14,1 Season,TV Dramas,0
s1908,TV Show,Familiar Wife,South Korea,2018,TV-MA,1 Season,"International TV Shows, Romantic TV Shows, TV Dramas",2
s1909,TV Show,Food Wars!: Shokugeki no Soma,Japan,2016,TV-MA,2 Seasons,"Anime Series, International TV Shows, Teen TV Shows",14
s1911,TV Show,"Good Morning, Verônica",Brazil,2020,TV-MA,1 Season,"Crime TV Shows, International TV Shows, TV Mysteries",16
s1915,TV Show,Journey of an African Colony,Unknown,2018,TV-MA,1 Season,"Docuseries, International TV Shows",16
s1916,TV Show,Oktoberfest: Beer & Blood,"Germany, Czech Republic",2020,TV-MA,1 Season,"International TV Shows, TV Dramas",2
s1918,TV Show,Secreto bien guardado,Argentina,2019,TV-MA,1 Season,"International TV Shows, Romantic TV Shows, Spanish-Language TV Shows",16
s1919,TV Show,Sword Art Online,Japan,2018,TV-MA,3 Seasons,"Anime Series, International TV Shows",14
s1923,TV Show,The Parkers,United States,2003,TV-PG,5 Seasons,TV Comedies,6
s1924,TV Show,The Unicorn,United States,2019,TV-14,1 Season,"TV Comedies, TV Dramas",0
s1926,TV Show,You Cannot Hide,Mexico,2020,TV-MA,1 Season,"Crime TV Shows, International TV Shows, Spanish-Language TV Shows",16
s1929,TV Show,Black Butler,Japan,2010,TV-MA,3 Seasons,"Anime Series, International TV Shows",14
s1930,TV Show,Man with a Plan,United States,2020,TV-PG,4 Seasons,TV Comedies,15
s1934,TV Show,Wentworth,Australia,2020,TV-MA,8 Seasons,"Crime TV Shows, TV Dramas",3
s1948,TV Show,"Whose Vote Counts, Explained",United States,2020,TV-PG,1 Season,Docuseries,9
s1949,TV Show,Van Helsing,United States,2019,TV-MA,4 Seasons,"International TV Shows, TV Action & Adventure, TV Dramas",18
s1950,TV Show,The Good Place,United States,2020,TV-14,4 Seasons,TV Comedies,15
s1952,TV Show,A Perfect Crime,Germany,2020,TV-14,1 Season,"Crime TV Shows, Docuseries, International TV Shows",9
s1953,TV Show,Mighty Little Bheem,Unknown,2020,TV-Y,3 Seasons,"Kids' TV, TV Comedies",8
s1955,TV Show,Sneakerheads,United States,2020,TV-MA,1 Season,TV Comedies,11
s1956,TV Show,The School Nurse Files,South Korea,2020,TV-MA,1 Season,"International TV Shows, TV Dramas, TV Mysteries",2
s1959,TV Show,The Chef Show,United States,2020,TV-MA,4 Seasons,Docuseries,18
s1962,TV Show,The Playbook,United States,2020,TV-MA,1 Season,Docuseries,11
s1974,TV Show,Fukrey Boyzzz,Unknown,2020,TV-Y,1 Season,"Kids' TV, TV Comedies",8
s1979,TV Show,Ratched,United States,2020,TV-MA,1 Season,"TV Dramas, TV Horror, TV Mysteries",11
s1980,TV Show,The American Barbecue Showdown,United States,2020,TV-G,1 Season,Reality TV,0
s1981,TV Show,The Blacklist,United States,2019,TV-14,7 Seasons,"Crime TV Shows, TV Dramas, TV Thrillers",3
s1984,TV Show,Dragon's Dogma,Unknown,2020,TV-MA,1 Season,"Anime Series, International TV Shows",16
s1989,TV Show,The Last Word,Germany,2020,TV-MA,1 Season,"International TV Shows, TV Comedies, TV Dramas",2
s1990,TV Show,Baby,Italy,2020,TV-MA,3 Seasons,"International TV Shows, TV Dramas, Teen TV Shows",2
s1991,TV Show,Challenger,United States,2020,TV-14,1 Season,"Docuseries, Science & Nature TV",9
s1992,TV Show,Criminal: UK,"United Kingdom, France, Germany, Spain",2020,TV-MA,2 Seasons,"British TV Shows, Crime TV Shows, International TV Shows",5
s1994,TV Show,Signs,Poland,2020,TV-MA,2 Seasons,"Crime TV Shows, International TV Shows, TV Dramas",2
s1995,TV Show,Sing On!,United States,2020,TV-PG,1 Season,Reality TV,0
s1999,TV Show,Call the Midwife,United Kingdom,2020,TV-MA,9 Seasons,"British TV Shows, International TV Shows, TV Dramas",3
s2003,TV Show,Taco Chronicles,United States,2020,TV-MA,2 Seasons,"Docuseries, International TV Shows, Reality TV",11
s2007,TV Show,Buddi,"United Kingdom, China",2020,TV-Y,2 Seasons,"British TV Shows, Kids' TV",8
s2009,TV Show,Family Business,France,2020,TV-MA,2 Seasons,"International TV Shows, TV Comedies, TV Dramas",2
s2010,TV Show,Girlfriends,United States,2007,TV-14,8 Seasons,TV Comedies,3
s2013,TV Show,The Barrier,Spain,2020,TV-MA,1 Season,"International TV Shows, Spanish-Language TV Shows, TV Dramas",2
s2014,TV Show,The Duchess,United Kingdom,2020,TV-MA,1 Season,"British TV Shows, International TV Shows, TV Comedies",5
s2022,TV Show,Greenleaf,United States,2020,TV-14,5 Seasons,TV Dramas,15
s2023,TV Show,Julie and the Phantoms,United States,2020,TV-G,1 Season,"Kids' TV, TV Comedies",7
s2033,TV Show,Get Organized with The Home Edit,United States,2020,TV-PG,1 Season,Reality TV,0
s2034,TV Show,La Línea: Shadow of Narco,Spain,2020,TV-MA,1 Season,"Crime TV Shows, Docuseries, International TV Shows",16
s2038,TV Show,Record of Youth,South Korea,2020,TV-14,1 Season,"International TV Shows, Romantic TV Shows, TV Dramas",13
s2041,TV Show,Transformers: Cyberverse,Unknown,2020,TV-Y7,2 Seasons,Kids' TV,7
s2043,TV Show,Cleverman,"Australia, New Zealand, United States",2017,TV-MA,1 Season,"TV Dramas, TV Sci-Fi & Fantasy, TV Thrillers",11
s2045,TV Show,Away,United States,2020,TV-14,1 Season,"Romantic TV Shows, TV Dramas, TV Sci-Fi & Fantasy",0
s2048,TV Show,Spirit Riding Free: Riding Academy,United States,2020,TV-Y7,2 Seasons,Kids' TV,7
s2054,TV Show,Young Wallander,United Kingdom,2020,TV-MA,1 Season,"Crime TV Shows, International TV Shows, TV Dramas",2
s2055,TV Show,Chef's Table: BBQ,United States,2020,TV-14,1 Season,"Docuseries, Reality TV",0
s2059,TV Show,The Witcher: A Look Inside the Episodes,Unknown,2020,TV-MA,1 Season,"Docuseries, TV Sci-Fi & Fantasy",11
s2063,TV Show,Blue Exorcist,Japan,2017,TV-MA,2 Seasons,"Anime Series, International TV Shows",14
s2064,TV Show,Bookmarks,United States,2020,TV-Y,1 Season,Kids' TV,8
s2065,TV Show,Borgen,Denmark,2012,TV-MA,3 Seasons,"International TV Shows, TV Dramas",2
s2067,TV Show,Erased,Japan,2016,TV-14,1 Season,"Anime Series, International TV Shows, TV Thrillers",14
s2069,TV Show,Felipe Esparza: Bad Decisions,United States,2020,TV-MA,1 Season,"Stand-Up Comedy & Talk Shows, TV Comedies",11
s2070,TV Show,H,France,2002,TV-MA,4 Seasons,"International TV Shows, TV Comedies",17
s2071,TV Show,Heidi,"France, Australia, Germany",2020,TV-Y7,1 Season,Kids' TV,7
s2074,TV Show,"Sister, Sister",United States,1998,TV-PG,6 Seasons,"TV Comedies, Teen TV Shows",6
s2079,TV Show,The Promised Neverland,Japan,2019,TV-14,1 Season,"Anime Series, International TV Shows, TV Thrillers",14
s2081,TV Show,Thomas and Friends,United Kingdom,2020,TV-Y,2 Seasons,"British TV Shows, Classic & Cult TV, Kids' TV",8
s2086,TV Show,I AM A KILLER: RELEASED,"United Kingdom, United States",2020,TV-MA,1 Season,"British TV Shows, Crime TV Shows, Docuseries",5
s2087,TV Show,Masaba Masaba,India,2020,TV-MA,1 Season,"International TV Shows, TV Comedies, TV Dramas",2
s2090,TV Show,Aggretsuko,Japan,2020,TV-14,3 Seasons,"Anime Series, International TV Shows",14
s2094,TV Show,Her Mother's Killer,Colombia,2020,TV-MA,1 Season,"International TV Shows, Spanish-Language TV Shows, TV Dramas",2
s2097,TV Show,Million Dollar Beach House,United States,2020,TV-MA,1 Season,Reality TV,11
s2099,TV Show,Emily's Wonder Lab,United States,2020,TV-Y,1 Season,Kids' TV,8
s2100,TV Show,Trinkets,United States,2020,TV-MA,2 Seasons,"TV Dramas, Teen TV Shows",11
s2102,TV Show,Baewatch: Parental Guidance,Unknown,2019,TV-MA,1 Season,"British TV Shows, Reality TV, Romantic TV Shows",1
s2103,TV Show,Ojos in d' House,Nigeria,2013,TV-G,1 Season,"International TV Shows, TV Comedies",4
s2106,TV Show,Hoops,United States,2020,TV-MA,1 Season,TV Comedies,11
s2107,TV Show,Rust Valley Restorers,Canada,2020,TV-14,3 Seasons,"International TV Shows, Reality TV",1
s2109,TV Show,Goedam,South Korea,2020,TV-MA,1 Season,"International TV Shows, TV Horror, TV Mysteries",16
s2113,TV Show,DeMarcus Family Rules,United States,2020,TV-14,1 Season,Reality TV,0
s2114,TV Show,High Score,United States,2020,TV-14,1 Season,"Docuseries, Science & Nature TV",9
s2119,TV Show,Glitch Techs,United States,2020,TV-Y7,2 Seasons,Kids' TV,7
s2123,TV Show,Stranger,South Korea,2020,TV-MA,2 Seasons,"Crime TV Shows, International TV Shows, Korean TV Shows",10
s2124,TV Show,Dérè: An African Tale,Unknown,2016,TV-PG,1 Season,"International TV Shows, Romantic TV Shows, TV Dramas",13
s2125,TV Show,Rita,Denmark,2020,TV-MA,5 Seasons,"International TV Shows, TV Comedies, TV Dramas",18
s2126,TV Show,Takki,Saudi Arabia,2014,TV-14,2 Seasons,"International TV Shows, TV Dramas",13
s2128,TV Show,3%,Brazil,2020,TV-MA,4 Seasons,"International TV Shows, TV Dramas, TV Sci-Fi & Fantasy",18
s2134,TV Show,Teenage Bounty Hunters,United States,2020,TV-MA,1 Season,"Crime TV Shows, TV Comedies, TV Dramas",11
s2135,TV Show,The Great Heist,Colombia,2020,TV-MA,1 Season,"Crime TV Shows, International TV Shows, Spanish-Language TV Shows",16
s2136,TV Show,The Legend of Korra,United States,2014,TV-Y7,4 Seasons,"Kids' TV, TV Action & Adventure, TV Sci-Fi & Fantasy",15
s2137,TV Show,Zoids Wild,Japan,2018,TV-Y7,1 Season,"Anime Series, Kids' TV",7
s2141,TV Show,(Un)Well,United States,2020,TV-MA,1 Season,Reality TV,11
s2145,TV Show,GAME ON: A Comedy Crossover Event,United States,2020,TV-G,1 Season,"Kids' TV, TV Comedies",7
s2146,TV Show,Terrace House: Tokyo 2019-2020,Japan,2019,TV-MA,2 Seasons,"International TV Shows, Reality TV",1
s2149,TV Show,The Governor,Nigeria,2016,TV-14,1 Season,"International TV Shows, TV Dramas",13
s2152,TV Show,High Seas,Spain,2020,TV-MA,3 Seasons,"Crime TV Shows, International TV Shows, Spanish-Language TV Shows",16
s2153,TV Show,Selling Sunset,Unknown,2020,TV-MA,3 Seasons,Reality TV,1
s2154,TV Show,Sing On! Germany,Germany,2020,TV-PG,1 Season,"International TV Shows, Reality TV",1
s2157,TV Show,Tiny Creatures,United States,2020,TV-PG,1 Season,"Docuseries, Science & Nature TV, TV Action & Adventure",9
s2158,TV Show,Wizards: Tales of Arcadia,United States,2020,TV-Y7,1 Season,"Kids' TV, TV Action & Adventure, TV Sci-Fi & Fantasy",7
s2159,TV Show,Word Party Songs,United States,2020,TV-Y,1 Season,Kids' TV,8
s2161,TV Show,Ever After High,Canada,2016,TV-Y7,5 Seasons,Kids' TV,15
s2163,TV Show,The Rain,"Denmark, United States",2020,TV-MA,3 Seasons,"International TV Shows, TV Dramas, TV Mysteries",18
s2166,TV Show,World's Most Wanted,United States,2020,TV-14,1 Season,"Crime TV Shows, Docuseries, International TV Shows",9
s2169,TV Show,Mystery Lab,Brazil,2020,TV-PG,1 Season,"Docuseries, International TV Shows, Science & Nature TV",9
s2171,TV Show,Immigration Nation,United States,2020,TV-MA,1 Season,Docuseries,11
s2174,TV Show,Moesha,United States,2000,TV-PG,6 Seasons,"TV Comedies, Teen TV Shows",6
s2175,TV Show,My Perfect Landing,Canada,2020,TV-G,1 Season,Kids' TV,7
s2176,TV Show,Nagi-Asu: A Lull in the Sea,Japan,2014,TV-14,1 Season,"Anime Series, Romantic TV Shows, Teen TV Shows",14
s2179,TV Show,The Next Step,Canada,2018,TV-G,1 Season,"Kids' TV, Reality TV, TV Dramas",7
s2181,TV Show,Toradora!,Japan,2008,TV-14,1 Season,"Anime Series, International TV Shows, Romantic TV Shows",14
s2182,TV Show,Transformers Rescue Bots Academy,United States,2020,TV-Y,2 Seasons,Kids' TV,8
s2185,TV Show,Get Even,United Kingdom,2020,TV-PG,1 Season,"British TV Shows, Crime TV Shows, International TV Shows",5
s2190,TV Show,Sugar Rush,United States,2020,TV-PG,3 Seasons,Reality TV,0
s2191,TV Show,The Umbrella Academy,"United States, Canada",2020,TV-14,2 Seasons,"TV Action & Adventure, TV Mysteries, TV Sci-Fi & Fantasy",0
s2193,TV Show,Transformers: War For Cybertron Trilogy,United States,2020,TV-Y7,1 Season,Anime Series,7
s2195,TV Show,Unlucky Ploy,Unknown,2020,TV-MA,1 Season,"International TV Shows, Romantic TV Shows, TV Comedies",4
s2202,TV Show,Last Chance U,United States,2020,TV-MA,5 Seasons,Docuseries,18
s2204,TV Show,Shameless (U.S.),United States,2019,TV-MA,10 Seasons,"TV Comedies, TV Dramas",12
s2213,TV Show,Sing On! Spain,Spain,2020,TV-G,1 Season,"International TV Shows, Reality TV, Spanish-Language TV Shows",1
s2215,TV Show,Sinatra: All or Nothing at All,United States,2015,TV-14,1 Season,Docuseries,9
s2218,TV Show,Fear City: New York vs The Mafia,United States,2020,TV-MA,1 Season,"Crime TV Shows, Docuseries",11
s2219,TV Show,Norsemen,Norway,2020,TV-MA,3 Seasons,"International TV Shows, TV Comedies",18
s2223,TV Show,Street Food: Latin America,Unknown,2020,TV-PG,1 Season,"Docuseries, Spanish-Language TV Shows",9
s2224,TV Show,Killer Women with Piers Morgan,United Kingdom,2017,TV-MA,1 Season,"British TV Shows, Crime TV Shows, Docuseries",5
s2226,TV Show,Gigantosaurus,France,2019,TV-Y,1 Season,Kids' TV,8
s2227,TV Show,Single Wives,Australia,2018,TV-MA,1 Season,"Reality TV, Romantic TV Shows",1
s2228,TV Show,Cursed,"United Kingdom, Australia",2020,TV-MA,1 Season,"TV Action & Adventure, TV Dramas, TV Sci-Fi & Fantasy",2
s2230,TV Show,In The Dark,United States,2020,TV-14,2 Seasons,"Crime TV Shows, TV Dramas",0
s2231,TV Show,Kissing Game,Brazil,2020,TV-MA,1 Season,"International TV Shows, TV Dramas, TV Mysteries",2
s2236,TV Show,Dark Desire,Mexico,2020,TV-MA,1 Season,"Crime TV Shows, International TV Shows, Spanish-Language TV Shows",16
s2238,TV Show,Skin Decision: Before and After,United States,2020,TV-MA,1 Season,"Reality TV, Science & Nature TV",11
s2239,TV Show,Sunny Bunnies,Belarus,2016,TV-Y,2 Seasons,"British TV Shows, Kids' TV, TV Comedies",8
s2242,TV Show,The Business of Drugs,United States,2020,TV-MA,1 Season,Docuseries,11
s2246,TV Show,Dating Around: Brazil,Brazil,2020,TV-14,1 Season,"International TV Shows, Reality TV, Romantic TV Shows",1
s2247,TV Show,Down to Earth with Zac Efron,United States,2020,TV-PG,1 Season,"Docuseries, Reality TV, Science & Nature TV",9
s2250,TV Show,The Epic Tales of Captain Underpants in Space,United States,2020,TV-Y7,1 Season,"Kids' TV, TV Action & Adventure, TV Comedies",7
s2252,TV Show,The Twelve,Belgium,2019,TV-MA,1 Season,"Crime TV Shows, International TV Shows, TV Dramas",2
s2254,TV Show,Japan Sinks: 2020,Japan,2020,TV-MA,1 Season,"Anime Series, International TV Shows",14
s2255,TV Show,The Protector,Turkey,2020,TV-MA,4 Seasons,"International TV Shows, Romantic TV Shows, TV Action & Adventure",18
s2256,TV Show,Was It Love?,South Korea,2020,TV-14,1 Season,"International TV Shows, Korean TV Shows, Romantic TV Shows",10
s2259,TV Show,Stateless,Australia,2020,TV-MA,1 Season,"International TV Shows, TV Dramas",2
s2276,TV Show,Hook,Thailand,2020,TV-MA,1 Season,"International TV Shows, Romantic TV Shows, TV Comedies",4
s2293,TV Show,Little Singham,India,2020,TV-Y7,2 Seasons,"Kids' TV, TV Comedies",7
s2294,TV Show,Cable Girls,Spain,2019,TV-MA,6 Seasons,"International TV Shows, Romantic TV Shows, Spanish-Language TV Shows",3
s2298,TV Show,JU-ON: Origins,Japan,2020,TV-MA,1 Season,"International TV Shows, TV Horror, TV Mysteries",16
s2299,TV Show,Southern Survival,United States,2020,TV-PG,1 Season,Reality TV,0
s2300,TV Show,The Baby-Sitters Club,United States,2020,TV-G,1 Season,"Kids' TV, TV Dramas",0
s2302,TV Show,Supermarket Sweep,United States,1993,TV-G,1 Season,Reality TV,17
s2304,TV Show,Warrior Nun,United States,2020,TV-MA,1 Season,"TV Action & Adventure, TV Mysteries, TV Sci-Fi & Fantasy",11
s2306,TV Show,21 Again,United Kingdom,2019,TV-MA,1 Season,"British TV Shows, Reality TV",5
s2307,TV Show,A Touch of Green,Taiwan,2016,TV-MA,1 Season,"International TV Shows, TV Dramas",2
s2308,TV Show,Abby Hatcher,"United States, Canada",2019,TV-Y,1 Season,Kids' TV,8
s2314,TV Show,Say I Do,United States,2020,TV-14,1 Season,"Reality TV, Romantic TV Shows",0
s2319,TV Show,Trotro,France,2004,TV-Y,1 Season,Kids' TV,17
s2321,TV Show,BNA,Japan,2020,TV-14,1 Season,"Anime Series, International TV Shows",14
s2323,TV Show,Homemade,"Chile, Italy",2020,TV-MA,1 Season,"International TV Shows, TV Dramas",2
s2328,TV Show,Dark,"Germany, United States",2020,TV-MA,3 Seasons,"Crime TV Shows, International TV Shows, TV Dramas",18
s2330,TV Show,All For Love,Colombia,2020,TV-MA,1 Season,"International TV Shows, Romantic TV Shows, Spanish-Language TV Shows",16
s2332,TV Show,Home Game,United States,2020,TV-MA,1 Season,Docuseries,11
s2338,TV Show,Twogether,South Korea,2020,TV-G,1 Season,"International TV Shows, Korean TV Shows, Reality TV",10
s2344,TV Show,Crazy Delicious,United Kingdom,2020,TV-PG,1 Season,"British TV Shows, International TV Shows, Reality TV",5
s2347,TV Show,"Roswell, New Mexico",United States,2020,TV-14,2 Seasons,"Classic & Cult TV, TV Dramas, TV Sci-Fi & Fantasy",0
s2350,TV Show,It's Okay to Not Be Okay,South Korea,2020,TV-MA,1 Season,"International TV Shows, Korean TV Shows, Romantic TV Shows",10
s2353,TV Show,Babies,United States,2020,TV-14,2 Seasons,"Docuseries, Science & Nature TV",9
s2358,TV Show,Floor Is Lava,United States,2020,TV-PG,1 Season,Reality TV,0
s2360,TV Show,Most Beautiful Thing,Brazil,2020,TV-MA,2 Seasons,"International TV Shows, Romantic TV Shows, TV Dramas",2
s2363,TV Show,The Politician,United States,2020,TV-MA,2 Seasons,"TV Comedies, TV Dramas, Teen TV Shows",11
s2379,TV Show,The Order,United States,2020,TV-MA,2 Seasons,"International TV Shows, TV Dramas, TV Horror",2
s2384,TV Show,The Chase,United States,2015,TV-PG,2 Seasons,Reality TV,0
s2389,TV Show,Alexa & Katie,United States,2020,TV-G,4 Seasons,"Kids' TV, TV Comedies",15
s2391,TV Show,How to Get Away with Murder,United States,2020,TV-14,6 Seasons,"Crime TV Shows, TV Dramas, TV Mysteries",3
s2395,TV Show,Dating Around,Unknown,2020,TV-MA,2 Seasons,"Reality TV, Romantic TV Shows",1
s2396,TV Show,F is for Family,"United States, France, Canada",2020,TV-MA,4 Seasons,TV Comedies,18
s2397,TV Show,Frank Elstner: Just One Last Question,Germany,2020,TV-MA,1 Season,"International TV Shows, Stand-Up Comedy & Talk Shows",16
s2400,TV Show,ONE PIECE,Japan,2002,TV-14,4 Seasons,Anime Series,17
s2401,TV Show,The Search,Mexico,2020,TV-MA,1 Season,"Crime TV Shows, International TV Shows, Spanish-Language TV Shows",16
s2402,TV Show,The Woods,"Poland, United States",2020,TV-MA,1 Season,"Crime TV Shows, International TV Shows, TV Dramas",2
s2405,TV Show,Curon,Italy,2020,TV-MA,1 Season,"International TV Shows, TV Dramas, TV Horror",2
s2406,TV Show,DC's Legends of Tomorrow,United States,2020,TV-14,5 Seasons,"TV Action & Adventure, TV Sci-Fi & Fantasy",15
s2407,TV Show,Lenox Hill,United States,2020,TV-MA,1 Season,"Docuseries, Reality TV, Science & Nature TV",11
s2409,TV Show,My Mister,South Korea,2018,TV-MA,1 Season,"Crime TV Shows, International TV Shows, Korean TV Shows",10
s2410,TV Show,Reality Z,Brazil,2020,TV-MA,1 Season,"International TV Shows, TV Horror, TV Mysteries",16
s2416,TV Show,Queen of the South,"United States, Mexico, Spain, Malta",2018,TV-MA,4 Seasons,"Crime TV Shows, TV Action & Adventure, TV Dramas",18
s2418,TV Show,13 Reasons Why,United States,2020,TV-MA,4 Seasons,"Crime TV Shows, TV Dramas, TV Mysteries",18
s2423,TV Show,Queer Eye,United States,2020,TV-14,5 Seasons,Reality TV,15
s2424,TV Show,Supernatural,"United States, Canada",2019,TV-14,15 Seasons,"Classic & Cult TV, TV Action & Adventure, TV Horror",12
s2427,TV Show,BAKI,Japan,2020,TV-MA,3 Seasons,"Anime Series, International TV Shows",14
s2433,TV Show,Alone,Unknown,2019,TV-14,1 Season,Reality TV,1
s2445,TV Show,Cardcaptor Sakura,Japan,1999,TV-Y7,2 Seasons,"Anime Series, International TV Shows",17
s2448,TV Show,Dear My Friends,South Korea,2016,TV-MA,1 Season,"International TV Shows, Korean TV Shows, TV Dramas",10
s2450,TV Show,Megalobox,Japan,2018,TV-MA,1 Season,"Anime Series, International TV Shows",14
s2451,TV Show,Midnight Diner,Japan,2014,TV-MA,3 Seasons,"International TV Shows, TV Dramas",2
s2453,TV Show,My Shy Boss,South Korea,2017,TV-MA,1 Season,"International TV Shows, Korean TV Shows, Romantic TV Shows",10
s2454,TV Show,Revolutionary Love,South Korea,2017,TV-MA,1 Season,"International TV Shows, Korean TV Shows, Romantic TV Shows",10
s2460,TV Show,Space Force,United States,2020,TV-MA,1 Season,TV Comedies,11
s2462,TV Show,"Can't Cope, Won't Cope",Ireland,2018,TV-MA,2 Seasons,"TV Comedies, TV Dramas",2
s2463,TV Show,Dorohedoro,Japan,2020,TV-MA,1 Season,"Anime Series, International TV Shows",14
s2467,TV Show,Mako Mermaids: An H2O Adventure,Australia,2016,TV-G,4 Seasons,"Kids' TV, TV Comedies",15
s2471,TV Show,Supergirl,United States,2019,TV-14,5 Seasons,"TV Action & Adventure, TV Sci-Fi & Fantasy",15
s2473,TV Show,Betaal,India,2020,TV-MA,1 Season,"International TV Shows, TV Action & Adventure, TV Horror",16
s2474,TV Show,Dynasty,United States,2019,TV-14,3 Seasons,TV Dramas,15
s2477,TV Show,History 101,United Kingdom,2020,TV-14,1 Season,"British TV Shows, Docuseries, International TV Shows",5
s2481,TV Show,Trailer Park Boys: The Animated Series,Canada,2020,TV-MA,2 Seasons,TV Comedies,11
s2487,TV Show,Mystic Pop-up Bar,South Korea,2020,TV-MA,1 Season,"International TV Shows, Korean TV Shows, TV Comedies",10
s2496,TV Show,Especial 20 años Fútbol de Primera,Unknown,2020,TV-14,1 Season,"Docuseries, International TV Shows, Spanish-Language TV Shows",9
s2500,TV Show,The Queen and the Conqueror,Colombia,2020,TV-14,1 Season,"International TV Shows, Spanish-Language TV Shows, TV Dramas",13
s2508,TV Show,Patton Oswalt: I Love Everything,United States,2020,TV-MA,1 Season,"Stand-Up Comedy & Talk Shows, TV Comedies",11
s2509,TV Show,Sweet Magnolias,United States,2020,TV-14,1 Season,"Romantic TV Shows, TV Dramas",0
s2515,TV Show,The Big Flower Fight,United Kingdom,2020,TV-PG,1 Season,"British TV Shows, International TV Shows, Reality TV",5
s2516,TV Show,Patriot Act with Hasan Minhaj,United States,2020,TV-MA,6 Seasons,"Stand-Up Comedy & Talk Shows, TV Comedies",3
s2518,TV Show,Boys Over Flowers,South Korea,2009,TV-14,1 Season,"International TV Shows, Korean TV Shows, Romantic TV Shows",10
s2519,TV Show,Iris,South Korea,2009,TV-14,1 Season,"International TV Shows, Korean TV Shows, TV Action & Adventure",10
s2520,TV Show,Avatar: The Last Airbender,United States,2007,TV-Y7,3 Seasons,"Classic & Cult TV, Kids' TV, TV Action & Adventure",17
s2523,TV Show,Inhuman Resources,France,2020,TV-MA,1 Season,"Crime TV Shows, International TV Shows, TV Dramas",2
s2524,TV Show,Madam Secretary,United States,2019,TV-PG,6 Seasons,TV Dramas,3
s2525,TV Show,Magic for Humans,United States,2020,TV-14,3 Seasons,"Reality TV, TV Comedies",15
s2526,TV Show,Parasyte: The Maxim,Japan,2014,TV-MA,1 Season,"Anime Series, International TV Shows, TV Horror",14
s2527,TV Show,She-Ra and the Princesses of Power,United States,2020,TV-Y7,5 Seasons,"Kids' TV, TV Action & Adventure, TV Sci-Fi & Fantasy",15
s2528,TV Show,Sleepless Society: Two Pillows & A Lost Soul,Thailand,2020,TV-MA,1 Season,"Crime TV Shows, International TV Shows, TV Dramas",2
s2529,TV Show,Strangers from Hell,South Korea,2019,TV-MA,1 Season,"International TV Shows, Korean TV Shows, TV Horror",10
s2530,TV Show,The Wiggles,Australia,2015,TV-Y,2 Seasons,Kids' TV,8
s2531,TV Show,White Lines,"United Kingdom, Spain",2020,TV-MA,1 Season,"British TV Shows, Crime TV Shows, International TV Shows",5
s2543,TV Show,True: Terrific Tales,Canada,2020,TV-Y,1 Season,Kids' TV,8
s2547,TV Show,Bordertown,"Finland, France",2019,TV-MA,3 Seasons,"Crime TV Shows, International TV Shows, TV Dramas",2
s2549,TV Show,Trial By Media,United States,2020,TV-MA,1 Season,"Crime TV Shows, Docuseries",11
s2552,TV Show,Dead to Me,United States,2020,TV-MA,2 Seasons,"TV Comedies, TV Dramas",11
s2553,TV Show,Restaurants on the Edge,Canada,2020,TV-14,2 Seasons,"International TV Shows, Reality TV",1
s2554,TV Show,The Eddy,"United Kingdom, Germany, United States, France",2020,TV-MA,1 Season,"International TV Shows, TV Dramas",2
s2555,TV Show,The Hollow,Canada,2020,TV-Y7,2 Seasons,"Kids' TV, TV Thrillers",7
s2558,TV Show,Scissor Seven,China,2020,TV-MA,2 Seasons,"International TV Shows, TV Action & Adventure, TV Comedies",16
s2566,TV Show,Almost Happy,Argentina,2020,TV-MA,1 Season,"International TV Shows, Spanish-Language TV Shows, TV Comedies",16
s2569,TV Show,Hangar 1: The UFO Files,Unknown,2015,TV-PG,1 Season,Docuseries,9
s2570,TV Show,Hoarders,Unknown,2020,TV-PG,1 Season,Reality TV,1
s2575,TV Show,The Universe: Ancient Mysteries Solved,Unknown,2015,TV-PG,1 Season,"Docuseries, Science & Nature TV",9
s2576,TV Show,WWII in HD,United States,2009,TV-14,1 Season,Docuseries,9
s2581,TV Show,Hollywood,United States,2020,TV-MA,1 Season,TV Dramas,11
s2584,TV Show,Masha and the Bear,Russia,2019,TV-Y,4 Seasons,Kids' TV,15
s2586,TV Show,Medici: Masters of Florence,"Italy, United Kingdom, France",2019,TV-MA,3 Seasons,"International TV Shows, TV Dramas",2
s2587,TV Show,Monthly Girls' Nozaki Kun,Japan,2014,TV-PG,1 Season,"Anime Series, Romantic TV Shows",14
s2589,TV Show,Oh Yuck,Canada,2020,TV-G,1 Season,"Kids' TV, TV Comedies",7
s2591,TV Show,Reckoning,"Australia, United States",2019,TV-MA,1 Season,"Crime TV Shows, TV Dramas, TV Mysteries",11
s2599,TV Show,DRIFTING DRAGONS,Japan,2020,TV-14,1 Season,"Anime Series, International TV Shows",14
s2600,TV Show,El señor de los Cielos,"United States, Mexico, Colombia",2019,TV-MA,7 Seasons,"Crime TV Shows, International TV Shows, Spanish-Language TV Shows",3
s2601,TV Show,Good Witch,"United States, Canada",2019,TV-PG,5 Seasons,"TV Dramas, TV Sci-Fi & Fantasy",15
s2603,TV Show,The Forest of Love: Deep Cut,Japan,2020,TV-MA,1 Season,"Crime TV Shows, International TV Shows, TV Dramas",2
s2604,TV Show,The Victims' Game,Taiwan,2020,TV-MA,1 Season,"Crime TV Shows, International TV Shows, TV Dramas",2
s2607,TV Show,Extracurricular,South Korea,2020,TV-MA,1 Season,"Crime TV Shows, International TV Shows, Korean TV Shows",10
s2610,TV Show,Nadiya’s Time to Eat,United Kingdom,2020,TV-G,1 Season,"British TV Shows, International TV Shows, Reality TV",5
s2612,TV Show,Tjovitjo,South Africa,2017,TV-MA,2 Seasons,"International TV Shows, TV Dramas",2
s2628,TV Show,"Coronavirus, Explained",United States,2020,TV-PG,1 Season,"Docuseries, Science & Nature TV",9
s2629,TV Show,The Last Kingdom,United Kingdom,2020,TV-MA,4 Seasons,"British TV Shows, International TV Shows, TV Action & Adventure",18
s2632,TV Show,My Secret Romance,South Korea,2017,TV-14,1 Season,"International TV Shows, Korean TV Shows, Romantic TV Shows",10
s2640,TV Show,دفعة القاهرة,Unknown,2019,TV-14,1 Season,"International TV Shows, TV Dramas",13
s2641,TV Show,After Life,United Kingdom,2020,TV-MA,2 Seasons,"British TV Shows, International TV Shows, TV Comedies",5
s2642,TV Show,DreamWorks Spooky Stories: Volume 2,Unknown,2011,TV-PG,1 Season,"Kids' TV, TV Comedies",7
s2644,TV Show,Love 101,Turkey,2020,TV-MA,1 Season,"International TV Shows, TV Dramas, Teen TV Shows",2
s2646,TV Show,Ghost in the Shell: SAC_2045,"Japan, United States",2020,TV-14,1 Season,"Anime Series, Crime TV Shows, International TV Shows",14
s2649,TV Show,The House of Flowers,Mexico,2020,TV-MA,3 Seasons,"International TV Shows, Spanish-Language TV Shows, TV Comedies",16
s2652,TV Show,Absurd Planet,United States,2020,TV-PG,1 Season,"Docuseries, Science & Nature TV, TV Comedies",9
s2658,TV Show,Win the Wilderness,United Kingdom,2020,TV-14,1 Season,"British TV Shows, International TV Shows, Reality TV",5
s2659,TV Show,Bleach,Japan,2006,TV-14,5 Seasons,"Anime Series, International TV Shows",3
s2660,TV Show,Middleditch & Schwartz,United States,2020,TV-MA,1 Season,TV Comedies,11
s2661,TV Show,Nicky Jam: El Ganador,"Puerto Rico, United States, Colombia",2018,TV-MA,1 Season,"Crime TV Shows, International TV Shows, Spanish-Language TV Shows",16
s2662,TV Show,Cooked with Cannabis,United States,2020,TV-MA,1 Season,Reality TV,11
s2663,TV Show,The Midnight Gospel,United States,2020,TV-MA,1 Season,TV Comedies,11
s2665,TV Show,ChuChu TV Nursery Rhymes & Kids Songs (Hindi),India,2019,TV-Y,1 Season,Kids' TV,8
s2666,TV Show,The King: Eternal Monarch,South Korea,2020,TV-14,1 Season,"Crime TV Shows, International TV Shows, Korean TV Shows",10
s2667,TV Show,#blackAF,United States,2020,TV-MA,1 Season,TV Comedies,11
s2670,TV Show,El Dragón: Return of a Warrior,Mexico,2020,TV-MA,2 Seasons,"Crime TV Shows, International TV Shows, Spanish-Language TV Shows",16
s2671,TV Show,Hasmukh,India,2020,TV-MA,1 Season,"Crime TV Shows, International TV Shows, TV Comedies",16
s2676,TV Show,Fary : Hexagone,France,2020,TV-MA,2 Seasons,"International TV Shows, Stand-Up Comedy & Talk Shows, TV Comedies",16
s2677,TV Show,Fauda,Israel,2020,TV-MA,3 Seasons,"Crime TV Shows, International TV Shows, TV Action & Adventure",16
s2685,TV Show,The Innocence Files,United States,2020,TV-MA,1 Season,"Crime TV Shows, Docuseries",11
s2692,TV Show,Brews Brothers,United States,2020,TV-MA,1 Season,TV Comedies,11
s2697,TV Show,The Trial,Italy,2019,TV-MA,1 Season,"Crime TV Shows, International TV Shows, TV Dramas",2
s2699,TV Show,Hi Score Girl,Japan,2019,TV-14,2 Seasons,"Anime Series, International TV Shows, Romantic TV Shows",14
s2700,TV Show,The Circle France,Unknown,2020,TV-MA,1 Season,"International TV Shows, Reality TV",1
s2709,TV Show,El Reemplazante,Chile,2013,TV-MA,2 Seasons,"International TV Shows, Spanish-Language TV Shows, TV Dramas",2
s2711,TV Show,Legacies,United States,2019,TV-14,2 Seasons,"TV Dramas, TV Sci-Fi & Fantasy, Teen TV Shows",0
s2719,TV Show,Community,United States,2015,TV-14,6 Seasons,TV Comedies,3
s2728,TV Show,How to Fix a Drug Scandal,United States,2020,TV-MA,1 Season,"Crime TV Shows, Docuseries",11
s2737,TV Show,Man Like Mobeen,United Kingdom,2020,TV-MA,3 Seasons,"British TV Shows, International TV Shows, TV Comedies",5
s2740,TV Show,Pokémon the Series,Unknown,2019,TV-Y7,3 Seasons,"Anime Series, Kids' TV",7
s2741,TV Show,Saint Seiya,Japan,1986,TV-14,6 Seasons,Anime Series,6
s2743,TV Show,Sunderland 'Til I Die,United Kingdom,2020,TV-MA,2 Seasons,"British TV Shows, Docuseries, International TV Shows",5
s2744,TV Show,The Iliza Shlesinger Sketch Show,United States,2020,TV-MA,1 Season,TV Comedies,11
s2747,TV Show,The Windsors,United Kingdom,2020,TV-MA,3 Seasons,"British TV Shows, International TV Shows, TV Comedies",5
s2749,TV Show,Well-Intended Love,China,2020,TV-14,2 Seasons,"International TV Shows, Romantic TV Shows, TV Comedies",4
s2752,TV Show,Akbar Birbal,India,2019,TV-G,1 Season,"Kids' TV, TV Comedies, TV Dramas",7
s2753,TV Show,Bal Ganesh,Unknown,2019,TV-Y7,1 Season,Kids' TV,7
s2760,TV Show,Tree House Tales,Unknown,2019,TV-Y,1 Season,Kids' TV,8
s2762,TV Show,Rugal,South Korea,2020,TV-MA,1 Season,"Crime TV Shows, International TV Shows, Korean TV Shows",10
s2765,TV Show,Happy!,United States,2019,TV-MA,2 Seasons,"Crime TV Shows, TV Action & Adventure, TV Comedies",11
s2766,TV Show,Ladies Up,India,2019,TV-MA,1 Season,"International TV Shows, Stand-Up Comedy & Talk Shows, TV Comedies",16
s2768,TV Show,Ozark,United States,2020,TV-MA,3 Seasons,"Crime TV Shows, TV Dramas, TV Thrillers",18
s2773,TV Show,Wassup Man GO!,Unknown,2020,TV-MA,1 Season,"International TV Shows, Korean TV Shows, Reality TV",1
s2775,TV Show,7SEEDS,Unknown,2020,TV-MA,2 Seasons,"Anime Series, International TV Shows",16
s2778,TV Show,Unorthodox,Germany,2020,TV-MA,1 Season,"International TV Shows, TV Dramas",2
s2784,TV Show,Freud,"Austria, Germany",2020,TV-MA,1 Season,"Crime TV Shows, International TV Shows, TV Dramas",2
s2785,TV Show,J-Style Trip,"Taiwan, China",2020,TV-14,1 Season,"International TV Shows, Reality TV",1
s2786,TV Show,Barbie Dreamhouse Adventures: Go Team Roberts,Unknown,2020,TV-Y,2 Seasons,Kids' TV,8
s2788,TV Show,Archibald's Next Big Thing,Unknown,2020,TV-Y7,2 Seasons,"Kids' TV, TV Comedies",7
s2789,TV Show,Dino Girl Gauko,"United States, Japan",2020,TV-Y7,2 Seasons,"Anime Series, Kids' TV",7
s2791,TV Show,Greenhouse Academy,United States,2020,TV-PG,4 Seasons,"Kids' TV, TV Dramas, Teen TV Shows",15
s2792,TV Show,Self Made: Inspired by the Life of Madam C.J. Walker,United States,2020,TV-MA,1 Season,TV Dramas,11
s2793,TV Show,She,India,2020,TV-MA,1 Season,"Crime TV Shows, International TV Shows, TV Dramas",2
s2794,TV Show,The English Game,United Kingdom,2020,TV-14,1 Season,"British TV Shows, International TV Shows, TV Dramas",13
s2795,TV Show,The Letter for the King,United Kingdom,2020,TV-PG,1 Season,"British TV Shows, International TV Shows, TV Action & Adventure",5
s2796,TV Show,"Tiger King: Murder, Mayhem and Madness",United States,2020,TV-MA,1 Season,"Crime TV Shows, Docuseries",11
s2798,TV Show,Vampires,France,2020,TV-MA,1 Season,"International TV Shows, TV Dramas, TV Horror",2
s2803,TV Show,Caliphate,Sweden,2020,TV-MA,1 Season,"International TV Shows, TV Dramas",2
s2805,TV Show,Women Of The Night,Netherlands,2019,TV-MA,1 Season,"Crime TV Shows, International TV Shows, TV Dramas",2
s2808,TV Show,Shaun the Sheep: Adventures from Mossy Bottom,"United Kingdom, United States, Ireland",2020,TV-Y7,1 Season,"British TV Shows, Kids' TV, TV Comedies",7
s2809,TV Show,We Speak Dance,United States,2018,TV-MA,1 Season,Docuseries,11
s2814,TV Show,Ken Burns Presents: College Behind Bars: A Film by Lynn Novick and Produced by Sarah Botstein,United States,2019,TV-MA,1 Season,Docuseries,11
s2817,TV Show,100 Humans,United States,2020,TV-14,1 Season,"Docuseries, Science & Nature TV",9
s2819,TV Show,Bloodride,Norway,2020,TV-MA,1 Season,"International TV Shows, TV Horror, TV Mysteries",16
s2822,TV Show,Kingdom,"South Korea, United States",2020,TV-MA,2 Seasons,"International TV Shows, Korean TV Shows, TV Action & Adventure",10
s2825,TV Show,The Valhalla Murders,Iceland,2020,TV-MA,1 Season,"Crime TV Shows, International TV Shows, TV Dramas",2
s2826,TV Show,Dirty Money,United States,2020,TV-MA,2 Seasons,"Crime TV Shows, Docuseries",11
s2827,TV Show,On My Block,United States,2020,TV-14,3 Seasons,"Romantic TV Shows, TV Comedies, TV Dramas",15
s2828,TV Show,The Circle Brazil,"Brazil, United Kingdom",2020,TV-MA,1 Season,"International TV Shows, Reality TV",1
s2839,TV Show,Ugly Delicious,United States,2020,TV-MA,2 Seasons,Docuseries,11
s2842,TV Show,Mighty Little Bheem: Festival of Colors,India,2020,TV-Y,1 Season,"Kids' TV, TV Comedies",8
s2847,TV Show,Velvet,Spain,2016,TV-14,4 Seasons,"International TV Shows, Romantic TV Shows, Spanish-Language TV Shows",15
s2855,TV Show,Akame ga Kill!,Japan,2014,TV-14,1 Season,"Anime Series, Crime TV Shows, International TV Shows",14
s2856,TV Show,Babylon Berlin,Germany,2020,TV-MA,3 Seasons,"Crime TV Shows, International TV Shows, TV Dramas",2
s2858,TV Show,Calico Critters Mini Episodes Clover,Unknown,2020,TV-Y,1 Season,Kids' TV,8
s2869,TV Show,Always a Witch,Colombia,2019,TV-14,2 Seasons,"International TV Shows, Spanish-Language TV Shows, TV Comedies",4
s2871,TV Show,Queen Sono,South Africa,2020,TV-MA,1 Season,"International TV Shows, TV Action & Adventure, TV Dramas",2
s2872,TV Show,Toy Boy,Spain,2019,TV-MA,1 Season,"Crime TV Shows, International TV Shows, Spanish-Language TV Shows",16
s2873,TV Show,Unstoppable,Mexico,2020,TV-MA,1 Season,"International TV Shows, Spanish-Language TV Shows, TV Dramas",2
s2875,TV Show,Altered Carbon,United States,2020,TV-MA,2 Seasons,"Crime TV Shows, TV Action & Adventure, TV Dramas",11
s2876,TV Show,Followers,Japan,2020,TV-MA,1 Season,"International TV Shows, TV Dramas",2
s2878,TV Show,Six Windows in the Desert,Saudi Arabia,2020,TV-14,1 Season,TV Shows,0
s2881,TV Show,I Am Not Okay With This,United States,2020,TV-MA,1 Season,"TV Comedies, TV Dramas, TV Sci-Fi & Fantasy",11
s2884,TV Show,The Trials of Gabriel Fernandez,United States,2020,TV-MA,1 Season,"Crime TV Shows, Docuseries",11
s2889,TV Show,"Hi Bye, Mama!",South Korea,2020,TV-14,1 Season,"International TV Shows, Korean TV Shows, Romantic TV Shows",10
s2891,TV Show,Unabomber - In His Own Words,Canada,2018,TV-MA,1 Season,"Crime TV Shows, Docuseries",11
s2892,TV Show,Gentefied,United States,2020,TV-MA,1 Season,"TV Comedies, TV Dramas",11
s2893,TV Show,Hyena,South Korea,2020,TV-MA,1 Season,"International TV Shows, Korean TV Shows, Romantic TV Shows",10
s2894,TV Show,Passion. Panache. Pep,Unknown,2020,TV-G,1 Season,"International TV Shows, Reality TV",1
s2895,TV Show,Puerta 7,Argentina,2020,TV-MA,1 Season,"Crime TV Shows, International TV Shows, Spanish-Language TV Shows",16
s2901,TV Show,Spectros,Brazil,2020,TV-MA,1 Season,"International TV Shows, TV Horror, TV Mysteries",16
s2903,TV Show,DreamWorks Shrek's Swamp Stories,United States,2008,TV-PG,1 Season,"Kids' TV, TV Action & Adventure, TV Comedies",17
s2907,TV Show,On the Real,Nigeria,2017,TV-MA,1 Season,"International TV Shows, TV Dramas",2
s2911,TV Show,Talking Tom and Friends,Cyprus,2017,TV-Y,1 Season,"Kids' TV, TV Comedies",8
s2918,TV Show,Taj Mahal 1989,India,2020,TV-MA,1 Season,"International TV Shows, Romantic TV Shows, TV Comedies",4
s2921,TV Show,Love Is Blind,United States,2021,TV-MA,1 Season,"Reality TV, Romantic TV Shows",11
s2922,TV Show,Narcos: Mexico,"Mexico, United States",2020,TV-MA,2 Seasons,"Crime TV Shows, TV Action & Adventure, TV Dramas",11
s2923,TV Show,Palazuelos mi rey,Unknown,2019,TV-14,1 Season,"International TV Shows, Reality TV, Spanish-Language TV Shows",1
s2924,TV Show,Sleepless Society: Insomnia,Thailand,2019,TV-MA,1 Season,"Crime TV Shows, International TV Shows, TV Dramas",2
s2927,TV Show,We Bare Bears,United States,2018,TV-Y,2 Seasons,"Kids' TV, TV Comedies",8
s2932,TV Show,Better Call Saul,United States,2018,TV-MA,4 Seasons,"Crime TV Shows, TV Comedies, TV Dramas",18
s2938,TV Show,Dragons: Rescue Riders,United States,2020,TV-Y,2 Seasons,"Kids' TV, TV Comedies",8
s2939,TV Show,Fifty: The Series,Nigeria,2018,TV-14,2 Seasons,"International TV Shows, Romantic TV Shows, TV Dramas",13
s2942,TV Show,Locke & Key,"Canada, United States",2020,TV-14,1 Season,"TV Action & Adventure, TV Dramas, TV Mysteries",0
s2943,TV Show,My Holo Love,Unknown,2020,TV-14,1 Season,"International TV Shows, Korean TV Shows, Romantic TV Shows",10
s2945,TV Show,Who Killed Malcolm X?,United States,2020,TV-MA,1 Season,"Crime TV Shows, Docuseries",11
s2946,TV Show,Cagaster of an Insect Cage,Japan,2020,TV-MA,1 Season,"Anime Series, International TV Shows",14
s2948,TV Show,Arrow,United States,2019,TV-14,8 Seasons,"Crime TV Shows, TV Action & Adventure",3
s2949,TV Show,The Pharmacist,United States,2020,TV-MA,1 Season,"Crime TV Shows, Docuseries",11
s2954,TV Show,Team Kaylie,United States,2020,TV-PG,3 Seasons,"Kids' TV, TV Comedies",15
s2959,TV Show,Is It Wrong to Try to Pick Up Girls in a Dungeon?,Japan,2015,TV-MA,1 Season,"Anime Series, International TV Shows",14
s2960,TV Show,Itaewon Class,South Korea,2020,TV-MA,1 Season,"International TV Shows, Korean TV Shows, TV Dramas",10
s2963,TV Show,Miraculous: Tales of Ladybug & Cat Noir,"France, South Korea, Japan, United States",2019,TV-Y7,5 Seasons,"Kids' TV, TV Action & Adventure",15
s2966,TV Show,No Game No Life,Japan,2014,TV-MA,1 Season,"Anime Series, International TV Shows",14
s2967,TV Show,Pop Team Epic,Japan,2018,TV-14,1 Season,"Anime Series, International TV Shows",14
s2968,TV Show,Shopkins,United States,2014,TV-Y,1 Season,Kids' TV,8
s2972,TV Show,Diablero,Mexico,2020,TV-MA,2 Seasons,"International TV Shows, Spanish-Language TV Shows, TV Action & Adventure",16
s2975,TV Show,Luna Nera,Italy,2020,TV-MA,1 Season,"International TV Shows, Romantic TV Shows, TV Dramas",2
s2977,TV Show,Unauthorized Living,Spain,2020,TV-MA,2 Seasons,"Crime TV Shows, International TV Shows, Spanish-Language TV Shows",16
s2978,TV Show,Ainori Love Wagon: African Journey,Japan,2019,TV-14,1 Season,"International TV Shows, Reality TV, Romantic TV Shows",1
s2980,TV Show,THE STRANGER,United Kingdom,2020,TV-MA,1 Season,"British TV Shows, Crime TV Shows, International TV Shows",5
s2981,TV Show,What the Love! with Karan Johar,United States,2020,TV-14,1 Season,"International TV Shows, Reality TV, Romantic TV Shows",0
s2983,TV Show,Find Yourself,Unknown,2020,TV-14,1 Season,"International TV Shows, Romantic TV Shows, TV Comedies",4
s2984,TV Show,Night on Earth,United Kingdom,2020,TV-PG,1 Season,"Docuseries, Science & Nature TV",9
s2985,TV Show,Omniscient,Brazil,2020,TV-MA,1 Season,"International TV Shows, TV Dramas, TV Sci-Fi & Fantasy",2
s2992,TV Show,Rise of Empires: Ottoman,Unknown,2020,TV-MA,1 Season,Docuseries,11
s2993,TV Show,Sons of the Caliphate,Nigeria,2017,TV-14,2 Seasons,"International TV Shows, TV Dramas",13
s2994,TV Show,The goop lab with Gwyneth Paltrow,United States,2020,TV-MA,1 Season,Reality TV,11
s2995,TV Show,The Ranch,United States,2020,TV-MA,8 Seasons,"TV Comedies, TV Dramas",3
s2998,TV Show,October Faction,United States,2020,TV-MA,1 Season,"TV Action & Adventure, TV Dramas, TV Horror",11
s2999,TV Show,​SAINT SEIYA: Knights of the Zodiac,Japan,2020,TV-14,2 Seasons,"Anime Series, International TV Shows",14
s3000,TV Show,The Ghost Bride,"Taiwan, Malaysia",2020,TV-14,1 Season,"International TV Shows, TV Dramas, TV Mysteries",13
s3001,TV Show,Pandemic: How to Prevent an Outbreak,United States,2020,TV-14,1 Season,"Docuseries, Science & Nature TV",9
s3002,TV Show,Playing with Fire,United States,2019,TV-MA,1 Season,"International TV Shows, Romantic TV Shows, Spanish-Language TV Shows",16
s3006,TV Show,DreamWorks How to Train Your Dragon Legends,United States,2011,TV-PG,1 Season,"Kids' TV, TV Action & Adventure, TV Sci-Fi & Fantasy",0
s3011,TV Show,Ares,Netherlands,2020,TV-MA,1 Season,"International TV Shows, TV Dramas, TV Horror",2
s3012,TV Show,Hip-Hop Evolution,Canada,2020,TV-MA,4 Seasons,"Docuseries, International TV Shows",18
s3013,TV Show,Nailed It! Germany,Germany,2020,TV-14,1 Season,"International TV Shows, Reality TV",1
s3014,TV Show,Tiny House Nation,United States,2019,TV-PG,2 Seasons,Reality TV,0
s3016,TV Show,Handsome Siblings,China,2020,TV-14,1 Season,"International TV Shows, TV Dramas, TV Sci-Fi & Fantasy",13
s3021,TV Show,Soul Eater,Japan,2008,TV-14,1 Season,"Anime Series, International TV Shows",14
s3025,TV Show,Killer Inside: The Mind of Aaron Hernandez,United States,2020,TV-MA,1 Season,"Crime TV Shows, Docuseries",11
s3029,TV Show,The Ollie & Moon Show,France,2018,TV-Y,1 Season,Kids' TV,8
s3031,TV Show,The Healing Powers of Dude,Unknown,2020,TV-G,1 Season,"Kids' TV, TV Comedies, TV Dramas",7
s3034,TV Show,AJ and the Queen,United States,2020,TV-14,1 Season,"TV Comedies, TV Dramas",0
s3035,TV Show,Giri / Haji,United Kingdom,2019,TV-MA,1 Season,"British TV Shows, Crime TV Shows, International TV Shows",5
s3036,TV Show,Harvey Street Kids,United States,2020,TV-Y7,4 Seasons,"Kids' TV, TV Comedies",15
s3037,TV Show,Jamtara - Sabka Number Ayega,India,2020,TV-MA,1 Season,"Crime TV Shows, International TV Shows, TV Dramas",2
s3038,TV Show,Medical Police,United States,2020,TV-MA,1 Season,"Crime TV Shows, TV Action & Adventure, TV Comedies",11
s3040,TV Show,The InBESTigators,Australia,2020,TV-Y,2 Seasons,"Kids' TV, TV Comedies",8
s3041,TV Show,Until Dawn,France,2020,TV-MA,1 Season,"International TV Shows, Reality TV, TV Comedies",1
s3043,TV Show,Cheer,United States,2020,TV-MA,1 Season,"Docuseries, Reality TV, Teen TV Shows",11
s3046,TV Show,Dracula,United Kingdom,2020,TV-14,1 Season,"British TV Shows, International TV Shows, TV Dramas",13
s3048,TV Show,Anne with an E,Canada,2019,TV-PG,3 Seasons,"International TV Shows, TV Dramas, Teen TV Shows",2
s3050,TV Show,"Sex, Explained",United States,2020,TV-MA,1 Season,"Docuseries, Science & Nature TV",11
s3051,TV Show,Thieves of the Wood,Belgium,2019,TV-MA,1 Season,"International TV Shows, TV Action & Adventure, TV Dramas",2
s3053,TV Show,Because This Is My First Life,South Korea,2017,TV-14,1 Season,"International TV Shows, Korean TV Shows, Romantic TV Shows",10
s3054,TV Show,Border Security: America's Front Line,Canada,2018,TV-14,1 Season,"Crime TV Shows, International TV Shows, Reality TV",1
s3056,TV Show,Cells at Work!,Japan,2018,TV-PG,1 Season,"Anime Series, Teen TV Shows",14
s3057,TV Show,Chhota Bheem Kung Fu Dhamaka Series,Unknown,2019,TV-Y7,1 Season,Kids' TV,7
s3064,TV Show,Live Up To Your Name,South Korea,2017,TV-MA,1 Season,"International TV Shows, Korean TV Shows, Romantic TV Shows",10
s3066,TV Show,Messiah,United States,2020,TV-MA,1 Season,"TV Dramas, TV Thrillers",11
s3067,TV Show,Mia and Me,"Netherlands, Germany, Italy, Canada",2017,TV-Y7,2 Seasons,Kids' TV,7
s3068,TV Show,"Nisman: The Prosecutor, the President, and the Spy","Spain, Germany, Denmark, United States",2020,TV-MA,1 Season,"Crime TV Shows, Docuseries, International TV Shows",16
s3072,TV Show,Reply 1988,South Korea,2015,TV-14,1 Season,"International TV Shows, Korean TV Shows, Romantic TV Shows",10
s3075,TV Show,Save Me,South Korea,2017,TV-MA,1 Season,"International TV Shows, Korean TV Shows, TV Dramas",10
s3076,TV Show,Spinning Out,United States,2020,TV-MA,1 Season,TV Dramas,11
s3077,TV Show,The Bride of Habaek,South Korea,2017,TV-14,1 Season,"International TV Shows, Korean TV Shows, Romantic TV Shows",10
s3080,TV Show,ARASHI's Diary -Voyage-,Japan,2019,TV-PG,1 Season,"Docuseries, International TV Shows",9
s3083,TV Show,Occupied,"Norway, Sweden",2019,TV-MA,3 Seasons,"International TV Shows, TV Dramas, TV Thrillers",2
s3084,TV Show,Pucca: Love Recipe,Unknown,2018,TV-Y7,1 Season,"Kids' TV, Korean TV Shows",7
s3085,TV Show,Rainbow Ruby,"South Korea, Canada, United States, China",2016,TV-Y,1 Season,Kids' TV,8
s3086,TV Show,Robot Trains,South Korea,2018,TV-Y7,2 Seasons,"Kids' TV, Korean TV Shows",7
s3087,TV Show,The Degenerates,Unknown,2019,TV-MA,2 Seasons,"Stand-Up Comedy & Talk Shows, TV Comedies",11
s3088,TV Show,Yanxi Palace: Princess Adventures,China,2019,TV-14,1 Season,"International TV Shows, TV Dramas",13
s3089,TV Show,The Disastrous Life of Saiki K.: Reawakened,Japan,2019,TV-14,1 Season,"Anime Series, International TV Shows",14
s3093,TV Show,Kevin Hart: Don’t F**k This Up,United States,2019,TV-MA,1 Season,Docuseries,11
s3096,TV Show,The Bonfire of Destiny,France,2019,TV-MA,1 Season,"International TV Shows, TV Dramas",2
s3097,TV Show,You,United States,2019,TV-MA,2 Seasons,"Crime TV Shows, Romantic TV Shows, TV Dramas",11
s3104,TV Show,CAROLE & TUESDAY,Japan,2019,TV-MA,2 Seasons,"Anime Series, International TV Shows, Teen TV Shows",14
s3107,TV Show,Lost in Space,United States,2019,TV-PG,2 Seasons,"TV Action & Adventure, TV Dramas, TV Sci-Fi & Fantasy",0
s3109,TV Show,Private Practice,United States,2012,TV-14,6 Seasons,"TV Comedies, TV Dramas",3
s3112,TV Show,Agent,"Mauritius, South Africa",2019,TV-MA,1 Season,"International TV Shows, TV Dramas",2
s3118,TV Show,The Witcher,"United States, Poland",2019,TV-MA,1 Season,"International TV Shows, TV Action & Adventure, TV Dramas",2
s3120,TV Show,Twice Upon A Time,France,2019,TV-MA,1 Season,"International TV Shows, Romantic TV Shows, TV Dramas",2
s3121,TV Show,Ultraviolet,Poland,2019,TV-MA,2 Seasons,"Crime TV Shows, International TV Shows, TV Dramas",2
s3122,TV Show,Don't F**k with Cats: Hunting an Internet Killer,"United Kingdom, United States",2019,TV-MA,1 Season,"Crime TV Shows, Docuseries",11
s3123,TV Show,Soundtrack,United States,2019,TV-MA,1 Season,"Romantic TV Shows, TV Dramas",11
s3128,TV Show,Cinderella and the Four Knights,South Korea,2016,TV-PG,1 Season,"International TV Shows, Korean TV Shows, Romantic TV Shows",10
s3129,TV Show,Cocomong,United States,2015,TV-Y,2 Seasons,"Kids' TV, Korean TV Shows",8
s3130,TV Show,Crash Landing on You,South Korea,2019,TV-14,1 Season,"International TV Shows, Korean TV Shows, Romantic TV Shows",10
s3131,TV Show,"Crazy, Lovely, Cool",Nigeria,2018,TV-MA,1 Season,"International TV Shows, TV Dramas",2
s3138,TV Show,Girls und Panzer,Japan,2012,TV-PG,1 Season,"Anime Series, International TV Shows",14
s3147,TV Show,Scooby-Doo!: Mystery Incorporated,United States,2012,TV-Y7,2 Seasons,"Kids' TV, TV Comedies",7
s3149,TV Show,What's New Scooby-Doo?,United States,2005,TV-Y7,3 Seasons,"Kids' TV, TV Comedies",17
s3166,TV Show,Astronomy Club: The Sketch Show,United States,2019,TV-MA,1 Season,TV Comedies,11
s3169,TV Show,Fuller House,United States,2020,TV-PG,5 Seasons,TV Comedies,15
s3174,TV Show,Teasing Master Takagi-san,Japan,2019,TV-PG,1 Season,"Anime Series, International TV Shows, Romantic TV Shows",14
s3175,TV Show,The Chosen One,Brazil,2019,TV-MA,2 Seasons,"International TV Shows, TV Dramas, TV Mysteries",2
s3176,TV Show,The Confession Killer,United States,2019,TV-14,1 Season,"Crime TV Shows, Docuseries",9
s3177,TV Show,Three Days of Christmas,Spain,2019,TV-MA,1 Season,"International TV Shows, Spanish-Language TV Shows, TV Dramas",2
s3178,TV Show,Triad Princess,Unknown,2019,TV-MA,1 Season,"Crime TV Shows, International TV Shows, Romantic TV Shows",16
s3183,TV Show,V Wars,United States,2019,TV-MA,1 Season,"TV Action & Adventure, TV Dramas, TV Horror",11
s3184,TV Show,The Last O.G.,United States,2019,TV-MA,2 Seasons,TV Comedies,11
s3185,TV Show,The Prince of Tennis ~ Match! Tennis Juniors ~,China,2019,TV-PG,1 Season,"International TV Shows, TV Dramas, Teen TV Shows",13
s3186,TV Show,The Road to Love,Colombia,2019,TV-14,1 Season,"International TV Shows, Romantic TV Shows, Spanish-Language TV Shows",4
s3188,TV Show,Nightflyers,United States,2018,TV-MA,1 Season,"TV Horror, TV Mysteries, TV Sci-Fi & Fantasy",11
s3193,TV Show,Eastsiders,United States,2018,TV-MA,4 Seasons,"TV Comedies, TV Dramas",18
s3200,TV Show,Space Jungle,Unknown,2016,TV-Y,2 Seasons,"Kids' TV, Korean TV Shows, TV Comedies",8
s3205,TV Show,Chocolate,South Korea,2019,TV-14,1 Season,"International TV Shows, Korean TV Shows, Romantic TV Shows",10
s3209,TV Show,Chip and Potato,"United Kingdom, Canada",2019,TV-Y,2 Seasons,Kids' TV,8
s3213,TV Show,La Reina del Sur,"Mexico, United States, Spain, Colombia",2019,TV-MA,2 Seasons,"Crime TV Shows, International TV Shows, Spanish-Language TV Shows",16
s3217,TV Show,The Charming Stepmom,Unknown,2019,TV-14,1 Season,"International TV Shows, Romantic TV Shows, TV Comedies",4
s3220,TV Show,Levius,Japan,2019,TV-14,1 Season,"Anime Series, International TV Shows",14
s3221,TV Show,Lugar de Mulher,Brazil,2019,TV-MA,1 Season,"International TV Shows, Stand-Up Comedy & Talk Shows, TV Comedies",16
s3222,TV Show,Merry Happy Whatever,United States,2019,TV-PG,1 Season,TV Comedies,0
s3223,TV Show,Mythomaniac,France,2019,TV-MA,1 Season,"International TV Shows, TV Comedies, TV Dramas",2
s3231,TV Show,The Crime,Poland,2015,TV-MA,2 Seasons,"Crime TV Shows, International TV Shows, TV Dramas",2
s3233,TV Show,Zona Rosa,Mexico,2019,TV-MA,1 Season,"International TV Shows, Spanish-Language TV Shows, Stand-Up Comedy & Talk Shows",16
s3237,TV Show,Once Upon A Time In Lingjian Mountain,China,2019,TV-14,1 Season,"International TV Shows, TV Comedies, TV Sci-Fi & Fantasy",4
s3239,TV Show,Dolly Parton's Heartstrings,United States,2019,TV-14,1 Season,TV Dramas,0
s3242,TV Show,Nailed It! Holiday!,United States,2019,TV-PG,2 Seasons,Reality TV,0
s3243,TV Show,Narcoworld: Dope Stories,United States,2019,TV-MA,1 Season,"Crime TV Shows, Docuseries",11
s3244,TV Show,Nobody's Looking,Brazil,2019,TV-MA,1 Season,"International TV Shows, TV Comedies, TV Dramas",2
s3246,TV Show,Singapore Social,"Singapore, United States",2019,TV-MA,1 Season,"International TV Shows, Reality TV",11
s3247,TV Show,The Dragon Prince,"United States, Canada",2019,TV-Y7,3 Seasons,"Kids' TV, TV Action & Adventure, TV Sci-Fi & Fantasy",7
s3248,TV Show,Trolls: The Beat Goes On!,United States,2019,TV-Y7,8 Seasons,"Kids' TV, TV Comedies",3
s3250,TV Show,Bangkok Buddies,Thailand,2019,TV-MA,1 Season,"International TV Shows, TV Comedies, TV Dramas",2
s3253,TV Show,Holiday Secrets,Germany,2019,TV-MA,1 Season,"International TV Shows, TV Dramas",2
s3256,TV Show,Who Killed Little Gregory?,France,2019,TV-MA,1 Season,"Crime TV Shows, Docuseries, International TV Shows",16
s3258,TV Show,Miss Culinary,Unknown,2019,TV-14,1 Season,"International TV Shows, Romantic TV Shows, TV Comedies",4
s3259,TV Show,Candy Online,Taiwan,2019,TV-MA,1 Season,"International TV Shows, TV Dramas, Teen TV Shows",2
s3264,TV Show,At the Dolphin Bay,Taiwan,2003,TV-14,1 Season,"International TV Shows, Romantic TV Shows",17
s3270,TV Show,I'm with the Band: Nasty Cherry,United States,2019,TV-MA,1 Season,Reality TV,11
s3271,TV Show,Inheritors,South Korea,2013,TV-14,1 Season,"International TV Shows, Korean TV Shows, Romantic TV Shows",10
s3272,TV Show,K-On!,Japan,2010,TV-PG,2 Seasons,"Anime Series, Teen TV Shows",14
s3275,TV Show,La Robe De Mariee Des Cieux,Taiwan,2004,TV-MA,1 Season,"International TV Shows, Romantic TV Shows",17
s3276,TV Show,Llama Llama,United States,2019,TV-Y,2 Seasons,Kids' TV,8
s3277,TV Show,My MVP Valentine,Taiwan,2002,TV-PG,1 Season,"International TV Shows, Romantic TV Shows, TV Dramas",17
s3278,TV Show,My Sassy Girl,South Korea,2017,TV-14,1 Season,"International TV Shows, Korean TV Shows, Romantic TV Shows",10
s3280,TV Show,The Club,Mexico,2019,TV-MA,1 Season,"Crime TV Shows, International TV Shows, Spanish-Language TV Shows",16
s3282,TV Show,The Stranded,Thailand,2019,TV-MA,1 Season,"International TV Shows, TV Action & Adventure, TV Dramas",2
s3283,TV Show,The Toys That Made Us,United States,2019,TV-14,3 Seasons,"Docuseries, Reality TV",15
s3284,TV Show,The Yard,Turkey,2019,TV-MA,2 Seasons,"Crime TV Shows, International TV Shows, TV Dramas",2
s3285,TV Show,Westside Story,Unknown,2003,TV-14,1 Season,"International TV Shows, Romantic TV Shows, TV Action & Adventure",17
s3287,TV Show,My Dear Warrior,Thailand,2019,TV-14,1 Season,"International TV Shows, Romantic TV Shows, TV Comedies",4
s3288,TV Show,Maradona in Mexico,"Argentina, United States, Mexico",2020,TV-MA,1 Season,"Docuseries, Spanish-Language TV Shows",11
s3289,TV Show,Chief of Staff,South Korea,2019,TV-14,2 Seasons,"International TV Shows, Korean TV Shows, TV Dramas",10
s3292,TV Show,Put Your Head on My Shoulder,China,2019,TV-14,1 Season,"International TV Shows, Romantic TV Shows, Teen TV Shows",4
s3294,TV Show,Little Things,India,2019,TV-MA,3 Seasons,"International TV Shows, Romantic TV Shows, TV Comedies",4
s3295,TV Show,Greatest Events of WWII in Colour,United Kingdom,2019,TV-14,1 Season,"British TV Shows, Docuseries, International TV Shows",5
s3296,TV Show,Green Eggs and Ham,"United Kingdom, Canada, United States",2019,TV-Y7,1 Season,"Kids' TV, TV Action & Adventure, TV Comedies",7
s3299,TV Show,Wild District,Colombia,2019,TV-MA,2 Seasons,"Crime TV Shows, International TV Shows, Spanish-Language TV Shows",16
s3302,TV Show,SCAMS,Japan,2019,TV-14,1 Season,"Crime TV Shows, International TV Shows, TV Dramas",13
s3305,TV Show,Sam & Cat,United States,2014,TV-PG,2 Seasons,"Kids' TV, TV Comedies",7
s3307,TV Show,The End of the F***ing World,United Kingdom,2019,TV-MA,2 Seasons,"British TV Shows, International TV Shows, TV Comedies",5
s3311,TV Show,Meet the Adebanjos,United Kingdom,2016,TV-PG,3 Seasons,"British TV Shows, International TV Shows, TV Comedies",5
s3314,TV Show,The Devil Next Door,United States,2019,TV-MA,1 Season,"Crime TV Shows, Docuseries",11
s3317,TV Show,Bella and the Bulldogs,United States,2015,TV-G,1 Season,"Kids' TV, TV Comedies",7
s3326,TV Show,Victorious,United States,2013,TV-G,3 Seasons,"Kids' TV, TV Comedies",15
s3328,TV Show,A Year In Space,United States,2015,TV-PG,1 Season,"Docuseries, International TV Shows, Science & Nature TV",9
s3329,TV Show,Ad Vitam,France,2018,TV-MA,1 Season,"Crime TV Shows, International TV Shows, TV Dramas",2
s3331,TV Show,Billy on the Street,United States,2016,TV-14,4 Seasons,"International TV Shows, Reality TV, TV Comedies",15
s3334,TV Show,CLANNAD,Japan,2008,TV-PG,2 Seasons,"Anime Series, Teen TV Shows",17
s3337,TV Show,Haikyu!!,Japan,2015,TV-14,2 Seasons,"Anime Series, International TV Shows, Teen TV Shows",14
s3340,TV Show,"Love, Chunibyo & Other Delusions!",Japan,2014,TV-PG,2 Seasons,"Anime Series, Romantic TV Shows, Teen TV Shows",14
s3341,TV Show,Maid-Sama!,Japan,2010,TV-14,1 Season,"Anime Series, Romantic TV Shows",14
s3342,TV Show,Mobile Suit Gundam: Iron-Blooded Orphans,Japan,2016,TV-14,2 Seasons,"Anime Series, International TV Shows",14
s3343,TV Show,Queer Eye: We're in Japan!,"United States, Japan",2019,TV-14,1 Season,"International TV Shows, Reality TV",0
s3345,TV Show,The Boulet Brothers Dragula,United States,2019,TV-MA,2 Seasons,Reality TV,11
s3346,TV Show,The Deep,"Canada, Australia",2019,TV-Y7,3 Seasons,Kids' TV,7
s3352,TV Show,Vientos de agua,"Argentina, Spain",2006,TV-MA,1 Season,"International TV Shows, Spanish-Language TV Shows, TV Dramas",17
s3353,TV Show,We Are the Wave,Germany,2019,TV-MA,1 Season,"International TV Shows, TV Dramas, TV Mysteries",2
s3356,TV Show,KENGAN ASHURA,"United States, Japan",2019,TV-MA,2 Seasons,"Anime Series, International TV Shows",14
s3357,TV Show,Nowhere Man,Taiwan,2019,TV-MA,1 Season,"Crime TV Shows, International TV Shows, TV Action & Adventure",16
s3358,TV Show,Sleepless Society: Bedtime Wishes,Unknown,2019,TV-MA,1 Season,"Crime TV Shows, International TV Shows, TV Dramas",2
s3359,TV Show,"Bring It On, Ghost",South Korea,2016,TV-14,1 Season,"International TV Shows, Korean TV Shows, Romantic TV Shows",10
s3361,TV Show,Tomorrow with You,South Korea,2017,TV-14,1 Season,"International TV Shows, Korean TV Shows, Romantic TV Shows",10
s3362,TV Show,Tunnel,Unknown,2019,TV-14,1 Season,"Crime TV Shows, International TV Shows, TV Dramas",13
s3364,TV Show,Shine On with Reese,United States,2018,TV-MA,1 Season,"Docuseries, Stand-Up Comedy & Talk Shows",11
s3368,TV Show,"Wait, My Youth",China,2019,TV-PG,1 Season,"International TV Shows, Romantic TV Shows, Teen TV Shows",4
s3369,TV Show,A Little Thing Called First Love,China,2019,TV-G,1 Season,"International TV Shows, Romantic TV Shows, Teen TV Shows",4
s3370,TV Show,BoJack Horseman,United States,2020,TV-MA,6 Seasons,TV Comedies,3
s3371,TV Show,Brotherhood,Brazil,2019,TV-MA,1 Season,"Crime TV Shows, International TV Shows, TV Dramas",2
s3374,TV Show,Drug Squad: Costa del Sol,Spain,2019,TV-MA,1 Season,"Crime TV Shows, International TV Shows, Spanish-Language TV Shows",16
s3376,TV Show,Monzón: A Knockout Blow,Argentina,2018,TV-MA,1 Season,"Crime TV Shows, International TV Shows, Spanish-Language TV Shows",16
s3378,TV Show,Nailed It! France,France,2019,TV-14,1 Season,"International TV Shows, Reality TV",1
s3379,TV Show,Nailed It! Spain,Spain,2019,TV-PG,1 Season,"International TV Shows, Reality TV, Spanish-Language TV Shows",1
s3382,TV Show,The Untamed,China,2019,TV-14,1 Season,"International TV Shows, TV Action & Adventure, TV Mysteries",13
s3383,TV Show,Daybreak,United States,2019,TV-MA,1 Season,"TV Action & Adventure, TV Comedies, TV Horror",11
s3386,TV Show,"Breakfast, Lunch & Dinner",United States,2019,TV-MA,1 Season,Docuseries,11
s3394,TV Show,"ChuChu TV Kids Songs, Learning Videos & Bedtime Stories",Unknown,2019,TV-Y,1 Season,Kids' TV,8
s3401,TV Show,Interior Design Masters,United Kingdom,2019,TV-PG,1 Season,"British TV Shows, International TV Shows, Reality TV",5
s3402,TV Show,Little Baby Bum: Nursery Rhyme Friends,United Kingdom,2019,TV-Y,2 Seasons,"British TV Shows, Kids' TV",8
s3404,TV Show,Mighty Little Bheem: Diwali,India,2019,TV-Y,1 Season,"Kids' TV, TV Comedies",8
s3405,TV Show,MONKART,Unknown,2017,TV-Y7,1 Season,"Kids' TV, Korean TV Shows",7
s3407,TV Show,Spirit Riding Free: Pony Tales,United States,2019,TV-Y7,2 Seasons,Kids' TV,7
s3411,TV Show,Toon,Netherlands,2017,TV-MA,2 Seasons,"International TV Shows, TV Comedies",16
s3415,TV Show,Chosen,China,2019,TV-14,2 Seasons,"Crime TV Shows, International TV Shows, TV Action & Adventure",13
s3416,TV Show,THE UNLISTED,Australia,2019,TV-PG,1 Season,"Kids' TV, TV Thrillers",7
s3417,TV Show,Another Miss Oh,South Korea,2016,TV-MA,1 Season,"International TV Shows, Korean TV Shows, Romantic TV Shows",10
s3421,TV Show,Second 20s,South Korea,2015,TV-14,1 Season,"International TV Shows, Korean TV Shows, Romantic TV Shows",10
s3424,TV Show,Black Money Love,Turkey,2014,TV-MA,1 Season,"Crime TV Shows, International TV Shows, TV Dramas",2
s3427,TV Show,The Lies Within,South Korea,2019,TV-14,1 Season,"Crime TV Shows, International TV Shows, Korean TV Shows",10
s3431,TV Show,Insatiable,United States,2019,TV-MA,2 Seasons,"TV Comedies, TV Dramas, Teen TV Shows",11
s3434,TV Show,The Hook Up Plan,France,2020,TV-MA,2 Seasons,"International TV Shows, Romantic TV Shows, TV Comedies",4
s3436,TV Show,Beyblade Burst Turbo,Unknown,2018,TV-Y7,1 Season,"Anime Series, Kids' TV",7
s3438,TV Show,Ultramarine Magmell,Japan,2019,TV-14,1 Season,"Anime Series, International TV Shows",14
s3441,TV Show,Rhythm + Flow,United States,2019,TV-MA,1 Season,Reality TV,11
s3445,TV Show,Legend Quest: Masters of Myth,Mexico,2019,TV-Y7,1 Season,"Kids' TV, Spanish-Language TV Shows",7
s3446,TV Show,My Country: The New Age,South Korea,2019,TV-14,1 Season,"International TV Shows, Korean TV Shows, TV Action & Adventure",10
s3450,TV Show,Creeped Out,"United Kingdom, Canada",2019,TV-PG,2 Seasons,"British TV Shows, Kids' TV, TV Thrillers",5
s3453,TV Show,Peaky Blinders,United Kingdom,2019,TV-MA,5 Seasons,"British TV Shows, Crime TV Shows, International TV Shows",18
s3454,TV Show,Raising Dion,United States,2019,TV-PG,1 Season,"Kids' TV, TV Action & Adventure, TV Dramas",0
s3455,TV Show,Rotten,United States,2019,TV-MA,2 Seasons,"Docuseries, Science & Nature TV",11
s3456,TV Show,Super Monsters,Unknown,2019,TV-Y,3 Seasons,Kids' TV,8
s3458,TV Show,Seis Manos,United States,2019,TV-MA,1 Season,"Anime Series, Crime TV Shows",11
s3459,TV Show,Living Undocumented,United States,2019,TV-MA,1 Season,Docuseries,11
s3462,TV Show,Cheese in the Trap,South Korea,2016,TV-14,1 Season,"International TV Shows, Korean TV Shows, Romantic TV Shows",10
s3463,TV Show,Chicago Typewriter,South Korea,2017,TV-14,1 Season,"International TV Shows, Korean TV Shows, Romantic TV Shows",10
s3464,TV Show,College Romance,India,2018,TV-MA,1 Season,"International TV Shows, Romantic TV Shows, TV Comedies",4
s3465,TV Show,Engineering Girls,India,2018,TV-MA,1 Season,"International TV Shows, TV Comedies",16
s3467,TV Show,Girls Hostel,India,2018,TV-MA,1 Season,"International TV Shows, TV Comedies, TV Dramas",2
s3468,TV Show,Inmates,India,2017,TV-MA,1 Season,"International TV Shows, TV Comedies",16
s3471,TV Show,Miniforce X,South Korea,2018,TV-Y7,1 Season,"Kids' TV, Korean TV Shows",7
s3474,TV Show,The K2,South Korea,2016,TV-14,1 Season,"International TV Shows, Korean TV Shows, Romantic TV Shows",10
s3475,TV Show,The Liar and His Lover,South Korea,2017,TV-PG,1 Season,"International TV Shows, Korean TV Shows, Romantic TV Shows",10
s3478,TV Show,Gotham,United States,2019,TV-MA,5 Seasons,"Crime TV Shows, TV Action & Adventure, TV Dramas",18
s3482,TV Show,Bard of Blood,India,2019,TV-MA,1 Season,"International TV Shows, TV Action & Adventure, TV Dramas",2
s3484,TV Show,El Marginal,Argentina,2019,TV-MA,3 Seasons,"Crime TV Shows, International TV Shows, Spanish-Language TV Shows",16
s3489,TV Show,The Inmate,Mexico,2018,TV-MA,1 Season,"Crime TV Shows, International TV Shows, Spanish-Language TV Shows",16
s3490,TV Show,Abstract: The Art of Design,United States,2019,TV-14,2 Seasons,Docuseries,9
s3492,TV Show,Glitch,Australia,2019,TV-MA,3 Seasons,"International TV Shows, TV Dramas, TV Horror",2
s3500,TV Show,Vagabond,South Korea,2019,TV-MA,1 Season,"International TV Shows, Korean TV Shows, TV Action & Adventure",10
s3502,TV Show,Criminal: France,Unknown,2019,TV-MA,1 Season,"Crime TV Shows, International TV Shows, TV Dramas",2
s3503,TV Show,Criminal: Germany,Germany,2019,TV-MA,1 Season,"British TV Shows, Crime TV Shows, International TV Shows",16
s3504,TV Show,Criminal: Spain,Spain,2019,TV-MA,1 Season,"British TV Shows, Crime TV Shows, International TV Shows",16
s3505,TV Show,Fastest Car,United States,2019,TV-MA,2 Seasons,Reality TV,11
s3506,TV Show,Inside Bill's Brain: Decoding Bill Gates,United States,2019,TV-14,1 Season,"Docuseries, Science & Nature TV",9
s3507,TV Show,The Hockey Girls,Spain,2019,TV-MA,1 Season,"International TV Shows, TV Comedies, TV Dramas",2
s3511,TV Show,When the Camellia Blooms,South Korea,2019,TV-14,1 Season,"International TV Shows, Korean TV Shows, Romantic TV Shows",10
s3516,TV Show,Surviving R. Kelly,United States,2019,TV-MA,1 Season,"Crime TV Shows, Docuseries",11
s3520,TV Show,Kabaneri of the Iron Fortress: The Battle of Unato,Japan,2019,TV-MA,1 Season,"Anime Series, International TV Shows, TV Horror",14
s3522,TV Show,Marianne,France,2019,TV-MA,1 Season,"International TV Shows, TV Dramas, TV Horror",2
s3525,TV Show,Top Boy,Unknown,2019,TV-MA,1 Season,"British TV Shows, Crime TV Shows, International TV Shows",16
s3526,TV Show,Unbelievable,United States,2019,TV-MA,1 Season,"Crime TV Shows, TV Dramas",11
s3527,TV Show,The I-Land,United States,2019,TV-MA,1 Season,"TV Action & Adventure, TV Dramas, TV Sci-Fi & Fantasy",11
s3528,TV Show,"The Mind, Explained",United States,2019,TV-14,1 Season,"Docuseries, Science & Nature TV",9
s3535,TV Show,The Spy,France,2019,TV-MA,1 Season,"International TV Shows, TV Dramas, TV Thrillers",2
s3540,TV Show,Loo Loo Kids: Johny & Friends Musical Adventures,Unknown,2016,TV-Y,1 Season,Kids' TV,8
s3541,TV Show,Moving Art,United States,2018,TV-G,3 Seasons,"Docuseries, Science & Nature TV",9
s3542,TV Show,Naruto,Japan,2006,TV-14,9 Seasons,"Anime Series, International TV Shows",3
s3544,TV Show,Serial Killer with Piers Morgan,United Kingdom,2018,TV-14,1 Season,"British TV Shows, Crime TV Shows, Docuseries",5
s3547,TV Show,Luo Bao Bei,"China, United Kingdom",2018,TV-Y,1 Season,"British TV Shows, Kids' TV",8
s3551,TV Show,Styling Hollywood,Unknown,2019,TV-14,1 Season,Reality TV,1
s3552,TV Show,The Dark Crystal: Age of Resistance,"United Kingdom, United States",2019,TV-PG,1 Season,"TV Action & Adventure, TV Dramas, TV Sci-Fi & Fantasy",0
s3553,TV Show,The Good Bandit,Colombia,2018,TV-MA,1 Season,"Crime TV Shows, International TV Shows, Spanish-Language TV Shows",16
s3554,TV Show,True and the Rainbow Kingdom,"United States, Canada",2019,TV-Y,3 Seasons,Kids' TV,8
s3559,TV Show,Million Pound Menu,United Kingdom,2019,TV-MA,2 Seasons,"British TV Shows, International TV Shows, Reality TV",5
s3562,TV Show,13 Reasons Why: Beyond the Reasons,United States,2019,TV-MA,3 Seasons,"Crime TV Shows, Docuseries",18
s3563,TV Show,HERO MASK,Unknown,2019,TV-14,2 Seasons,"Anime Series, Crime TV Shows, International TV Shows",14
s3572,TV Show,Hyperdrive,United States,2019,TV-PG,1 Season,Reality TV,0
s3576,TV Show,45 rpm,Spain,2019,TV-MA,1 Season,"International TV Shows, Romantic TV Shows, Spanish-Language TV Shows",16
s3577,TV Show,Apache: The Life of Carlos Tevez,Argentina,2019,TV-MA,1 Season,"Crime TV Shows, International TV Shows, Spanish-Language TV Shows",16
s3578,TV Show,Better Than Us,Russia,2019,TV-MA,1 Season,"Crime TV Shows, International TV Shows, TV Dramas",2
s3579,TV Show,Diagnosis,United States,2019,TV-14,1 Season,"Docuseries, Science & Nature TV",9
s3580,TV Show,Green Frontier,Colombia,2019,TV-MA,1 Season,"Crime TV Shows, International TV Shows, Spanish-Language TV Shows",16
s3582,TV Show,MINDHUNTER,United States,2019,TV-MA,2 Seasons,"Crime TV Shows, TV Dramas, TV Mysteries",11
s3586,TV Show,The King's Avatar,China,2019,TV-MA,1 Season,"International TV Shows, TV Action & Adventure, TV Dramas",2
s3588,TV Show,Victim Number 8,Spain,2018,TV-MA,1 Season,"International TV Shows, Spanish-Language TV Shows, TV Action & Adventure",16
s3589,TV Show,Cannon Busters,"United States, Japan",2019,TV-MA,1 Season,"Anime Series, International TV Shows",14
s3590,TV Show,Sacred Games,"India, United States",2019,TV-MA,2 Seasons,"Crime TV Shows, International TV Shows, TV Dramas",2
s3591,TV Show,Til Death Do Us Part,Taiwan,2019,TV-MA,1 Season,"International TV Shows, TV Dramas, TV Thrillers",2
s3593,TV Show,Happy Jail,Unknown,2019,TV-MA,1 Season,"Crime TV Shows, Docuseries",16
s3598,TV Show,Knightfall,United States,2019,TV-MA,2 Seasons,TV Dramas,11
s3599,TV Show,DC Super Hero Girls,United States,2019,TV-Y7,1 Season,Kids' TV,7
s3601,TV Show,GLOW,United States,2019,TV-MA,3 Seasons,"TV Comedies, TV Dramas",18
s3602,TV Show,IZombie,United States,2019,TV-MA,5 Seasons,"TV Comedies, TV Dramas, TV Horror",18
s3605,TV Show,Sintonia,Brazil,2019,TV-MA,1 Season,"Crime TV Shows, International TV Shows, TV Dramas",2
s3606,TV Show,The Family,United States,2019,TV-14,1 Season,Docuseries,9
s3607,TV Show,Bad Guys,South Korea,2014,TV-MA,1 Season,"Crime TV Shows, International TV Shows, Korean TV Shows",10
s3608,TV Show,Dollar,Lebanon,2019,TV-MA,1 Season,"International TV Shows, TV Dramas",2
s3609,TV Show,Jane The Virgin,United States,2019,TV-14,5 Seasons,"Romantic TV Shows, TV Comedies, TV Dramas",15
s3610,TV Show,Let's Eat 2,"Malaysia, Singapore, Hong Kong",2015,TV-MA,1 Season,"International TV Shows, Korean TV Shows, Romantic TV Shows",10
s3611,TV Show,Let’s Eat,South Korea,2013,TV-PG,1 Season,"International TV Shows, Korean TV Shows, Romantic TV Shows",10
s3612,TV Show,Misaeng,South Korea,2014,TV-MA,1 Season,"International TV Shows, Korean TV Shows, TV Dramas",10
s3613,TV Show,Oh My Ghost,South Korea,2015,TV-MA,1 Season,"International TV Shows, Korean TV Shows, Romantic TV Shows",10
s3614,TV Show,Reply 1994,South Korea,2014,TV-MA,1 Season,"International TV Shows, Korean TV Shows, Romantic TV Shows",10
s3615,TV Show,Reply 1997,South Korea,2012,TV-MA,1 Season,"International TV Shows, Korean TV Shows, Romantic TV Shows",10
s3616,TV Show,Wu Assassins,United States,2019,TV-MA,1 Season,"TV Action & Adventure, TV Sci-Fi & Fantasy",11
s3625,TV Show,No Good Nick,United States,2019,TV-PG,2 Seasons,"Kids' TV, TV Comedies, TV Dramas",0
s3628,TV Show,Basketball or Nothing,United States,2019,TV-PG,1 Season,"Docuseries, Reality TV",9
s3633,TV Show,Sleepless Society: Nyctophobia,Thailand,2019,TV-MA,1 Season,"International TV Shows, TV Mysteries, TV Thrillers",16
s3634,TV Show,The Letdown,Australia,2019,TV-MA,2 Seasons,"International TV Shows, TV Comedies, TV Dramas",2
s3637,TV Show,Twelve Forever,United States,2019,TV-PG,1 Season,Kids' TV,0
s3641,TV Show,My First First Love,South Korea,2019,TV-14,2 Seasons,"International TV Shows, Korean TV Shows, Romantic TV Shows",10
s3643,TV Show,Another Life,United States,2019,TV-MA,1 Season,"British TV Shows, International TV Shows, TV Action & Adventure",11
s3645,TV Show,Beat Bugs,"Australia, Canada",2018,TV-Y,3 Seasons,Kids' TV,8
s3652,TV Show,Sexy Central,Hong Kong,2019,TV-MA,1 Season,"International TV Shows, Romantic TV Shows, TV Dramas",2
s3654,TV Show,Comedians in Cars Getting Coffee,United States,2019,TV-14,6 Seasons,"Stand-Up Comedy & Talk Shows, TV Comedies",3
s3655,TV Show,The Epic Tales of Captain Underpants,United States,2019,TV-Y7,3 Seasons,"Kids' TV, TV Comedies",7
s3656,TV Show,Typewriter,India,2019,TV-MA,1 Season,"International TV Shows, TV Horror, TV Mysteries",16
s3657,TV Show,Rookie Historian Goo Hae-Ryung,South Korea,2019,TV-14,1 Season,"International TV Shows, Korean TV Shows, Romantic TV Shows",10
s3660,TV Show,Pinky Malinky,United States,2019,TV-Y7,3 Seasons,"Kids' TV, TV Comedies",7
s3661,TV Show,Unrequited Love,China,2019,TV-14,1 Season,"International TV Shows, Romantic TV Shows, TV Dramas",13
s3664,TV Show,Angel Beats!,Japan,2010,TV-PG,1 Season,"Anime Series, International TV Shows",14
s3665,TV Show,Anohana: The Flower We Saw That Day,Japan,2011,TV-14,1 Season,"Anime Series, International TV Shows, Teen TV Shows",14
s3666,TV Show,God Eater,Japan,2015,TV-14,1 Season,"Anime Series, International TV Shows",14
s3667,TV Show,GRANBLUE FANTASY the Animation,Japan,2017,TV-PG,1 Season,"Anime Series, International TV Shows",14
s3668,TV Show,3Below: Tales of Arcadia,United States,2019,TV-Y7,2 Seasons,"Kids' TV, TV Action & Adventure, TV Sci-Fi & Fantasy",7
s3670,TV Show,Bonus Family,Sweden,2019,TV-MA,3 Seasons,"International TV Shows, TV Dramas",2
s3672,TV Show,Extreme Engagement,Unknown,2019,TV-MA,1 Season,"International TV Shows, Reality TV",1
s3674,TV Show,One Spring Night,South Korea,2019,TV-14,1 Season,"International TV Shows, Korean TV Shows, Romantic TV Shows",10
s3675,TV Show,PILI Fantasy: War of Dragons,Unknown,2019,TV-14,1 Season,"International TV Shows, TV Action & Adventure, TV Sci-Fi & Fantasy",13
s3678,TV Show,True Tunes,Unknown,2019,TV-Y,1 Season,Kids' TV,8
s3681,TV Show,Free Rein,United States,2019,TV-G,3 Seasons,"British TV Shows, Kids' TV, TV Dramas",15
s3683,TV Show,The Legend of White Snake,China,2019,TV-14,1 Season,"International TV Shows, Romantic TV Shows, TV Dramas",13
s3685,TV Show,Kakegurui,Unknown,2019,TV-MA,2 Seasons,"International TV Shows, TV Dramas, TV Thrillers",2
s3686,TV Show,Stranger Things,United States,2019,TV-14,3 Seasons,"TV Horror, TV Mysteries, TV Sci-Fi & Fantasy",15
s3687,TV Show,The Last Czars,United States,2019,TV-MA,1 Season,"Docuseries, TV Dramas",11
s3688,TV Show,Yummy Mummies,Australia,2019,TV-MA,2 Seasons,"International TV Shows, Reality TV",1
s3689,TV Show,Bangkok Love Stories: Objects of Affection,Thailand,2019,TV-14,1 Season,"International TV Shows, Romantic TV Shows, TV Dramas",13
s3690,TV Show,Bangkok Love Stories: Plead,Thailand,2019,TV-14,1 Season,"International TV Shows, Romantic TV Shows, TV Dramas",13
s3691,TV Show,Designated Survivor: 60 Days,South Korea,2019,TV-14,1 Season,"International TV Shows, Korean TV Shows, TV Dramas",10
s3692,TV Show,DreamWorks Kung Fu Panda Awesome Secrets,United States,2008,TV-PG,1 Season,"Kids' TV, TV Action & Adventure, TV Comedies",17
s3693,TV Show,Hatchimals | Adventures in Hatchtopia,United States,2018,TV-Y,2 Seasons,Kids' TV,8
s3695,TV Show,Molang,France,2015,TV-Y,1 Season,Kids' TV,8
s3696,TV Show,Rabbids Invasion,France,2018,TV-Y7,1 Season,"Kids' TV, TV Comedies",7
s3697,TV Show,Record of Grancrest War,Japan,2018,TV-MA,1 Season,"Anime Series, International TV Shows",14
s3701,TV Show,Scare Tactics,United States,2011,TV-MA,2 Seasons,"Reality TV, TV Comedies, TV Horror",11
s3703,TV Show,Dope,United States,2019,TV-MA,3 Seasons,"Crime TV Shows, Docuseries",18
s3705,TV Show,Exhibit A,United States,2019,TV-MA,1 Season,"Crime TV Shows, Docuseries, Science & Nature TV",11
s3706,TV Show,Instant Hotel,Australia,2019,TV-MA,2 Seasons,"International TV Shows, Reality TV",1
s3708,TV Show,Motown Magic,"Australia, United States",2019,TV-Y,2 Seasons,"Kids' TV, TV Sci-Fi & Fantasy",8
s3709,TV Show,Paquita Salas,Spain,2018,TV-MA,3 Seasons,"International TV Shows, Spanish-Language TV Shows, TV Comedies",16
s3711,TV Show,Answer for Heaven,Unknown,2019,TV-MA,1 Season,"Crime TV Shows, International TV Shows, TV Comedies",16
s3717,TV Show,Forest of Piano,Japan,2019,TV-14,2 Seasons,"Anime Series, International TV Shows",14
s3720,TV Show,Bolívar,Colombia,2019,TV-MA,1 Season,"International TV Shows, Romantic TV Shows, Spanish-Language TV Shows",16
s3722,TV Show,Girls Incarcerated,United States,2019,TV-MA,2 Seasons,"Docuseries, Reality TV",11
s3723,TV Show,Go! Live Your Way,Argentina,2019,TV-PG,2 Seasons,"Kids' TV, Spanish-Language TV Shows, Teen TV Shows",7
s3724,TV Show,Magi: The Labyrinth of Magic,Japan,2013,TV-MA,2 Seasons,"Anime Series, International TV Shows",14
s3725,TV Show,Neon Genesis Evangelion,Japan,1995,TV-MA,1 Season,"Anime Series, International TV Shows",17
s3726,TV Show,Shooter,United States,2018,TV-14,3 Seasons,"Crime TV Shows, TV Action & Adventure, TV Dramas",15
s3727,TV Show,The Casketeers,New Zealand,2019,TV-14,2 Seasons,"International TV Shows, Reality TV",1
s3728,TV Show,The Confession Tapes,United States,2019,TV-MA,2 Seasons,"Crime TV Shows, Docuseries",11
s3737,TV Show,Fate/Zero,Japan,2012,TV-MA,2 Seasons,"Anime Series, International TV Shows",14
s3738,TV Show,Kill la Kill,Japan,2014,TV-MA,1 Season,"Anime Series, International TV Shows",14
s3742,TV Show,Puella Magi Madoka Magica,Japan,2011,TV-14,1 Season,"Anime Series, International TV Shows",14
s3743,TV Show,Somewhere Only We Know,China,2019,TV-MA,1 Season,"International TV Shows, Romantic TV Shows, TV Comedies",4
s3744,TV Show,The Alcàsser Murders,Spain,2019,TV-MA,1 Season,"Crime TV Shows, Docuseries, International TV Shows",16
s3745,TV Show,Unit 42,Belgium,2017,TV-MA,1 Season,"Crime TV Shows, International TV Shows, TV Dramas",2
s3746,TV Show,Awake: The Million Dollar Game,United States,2019,TV-PG,1 Season,Reality TV,0
s3747,TV Show,Black Spot,"France, Belgium",2019,TV-MA,2 Seasons,"Crime TV Shows, International TV Shows, TV Dramas",2
s3749,TV Show,El desconocido,Unknown,2019,TV-MA,2 Seasons,"Crime TV Shows, International TV Shows, Spanish-Language TV Shows",16
s3750,TV Show,Girlfriends' Guide to Divorce,United States,2019,TV-MA,5 Seasons,"TV Comedies, TV Dramas",18
s3751,TV Show,Leila,India,2019,TV-MA,1 Season,"British TV Shows, International TV Shows, TV Dramas",2
s3752,TV Show,Marlon,United States,2018,TV-14,2 Seasons,TV Comedies,0
s3753,TV Show,Marvel's Jessica Jones,United States,2019,TV-MA,3 Seasons,"Crime TV Shows, TV Action & Adventure, TV Dramas",18
s3755,TV Show,Yankee,Mexico,2019,TV-MA,1 Season,"Crime TV Shows, International TV Shows, Spanish-Language TV Shows",16
s3756,TV Show,Jinn,Jordan,2019,TV-MA,1 Season,"International TV Shows, TV Dramas, TV Mysteries",2
s3761,TV Show,Upin & Ipin,Malaysia,2011,TV-Y,1 Season,Kids' TV,8
s3763,TV Show,Designated Survivor,United States,2019,TV-MA,3 Seasons,"Crime TV Shows, TV Dramas, TV Thrillers",18
s3770,TV Show,Super Monsters Monster Pets,United States,2019,TV-Y,1 Season,Kids' TV,8
s3771,TV Show,Tales of the City,United States,2019,TV-MA,1 Season,TV Dramas,11
s3775,TV Show,Black Mirror,United Kingdom,2019,TV-MA,5 Seasons,"British TV Shows, International TV Shows, TV Dramas",18
s3779,TV Show,Documentary Now!,United States,2019,TV-14,3 Seasons,TV Comedies,15
s3780,TV Show,Malibu Rescue: The Series,United States,2019,TV-G,1 Season,"Kids' TV, TV Action & Adventure, TV Comedies",7
s3781,TV Show,Arthdal Chronicles,South Korea,2019,TV-MA,1 Season,"International TV Shows, Korean TV Shows, TV Action & Adventure",10
s3783,TV Show,A Thousand Goodnights,Taiwan,2019,TV-14,1 Season,"International TV Shows, TV Dramas",13
s3785,TV Show,March Comes in Like a Lion,Japan,2017,TV-14,2 Seasons,"Anime Series, International TV Shows, Teen TV Shows",14
s3788,TV Show,Bad Blood,Canada,2019,TV-MA,2 Seasons,"Crime TV Shows, TV Dramas",2
s3790,TV Show,Killer Ratings,Unknown,2019,TV-MA,1 Season,"Crime TV Shows, Docuseries, International TV Shows",16
s3793,TV Show,When They See Us,United States,2019,TV-MA,1 Season,"Crime TV Shows, TV Dramas",11
s3795,TV Show,Historical Roasts,United States,2019,TV-MA,1 Season,"Stand-Up Comedy & Talk Shows, TV Comedies",11
s3797,TV Show,Hyper HardBoiled Gourmet Report,Unknown,2017,TV-MA,1 Season,"Docuseries, International TV Shows",16
s3800,TV Show,She's Gotta Have It,United States,2018,TV-MA,2 Seasons,"Romantic TV Shows, TV Comedies, TV Dramas",11
s3802,TV Show,WHAT / IF,United States,2019,TV-MA,1 Season,"TV Dramas, TV Thrillers",11
s3807,TV Show,Prince of Peoria,United States,2019,TV-G,2 Seasons,"Kids' TV, TV Comedies",7
s3808,TV Show,Rosario Tijeras,Mexico,2018,TV-MA,2 Seasons,"Crime TV Shows, International TV Shows, Spanish-Language TV Shows",16
s3809,TV Show,1994,Mexico,2019,TV-MA,1 Season,"Crime TV Shows, Docuseries, International TV Shows",16
s3813,TV Show,It's Bruno!,United States,2019,TV-MA,1 Season,TV Comedies,11
s3818,TV Show,White Gold,United Kingdom,2019,TV-MA,2 Seasons,"British TV Shows, International TV Shows, TV Comedies",5
s3822,TV Show,Dennis and Gnasher Unleashed,United Kingdom,2017,TV-Y,1 Season,"British TV Shows, Kids' TV, TV Comedies",8
s3824,TV Show,"Heidi, bienvenida a casa",Argentina,2017,TV-Y,1 Season,"Kids' TV, Spanish-Language TV Shows",8
s3825,TV Show,I Hear You,Unknown,2019,TV-14,1 Season,"International TV Shows, Romantic TV Shows, TV Dramas",13
s3827,TV Show,Revisions,Japan,2018,TV-14,1 Season,"Anime Series, International TV Shows",14
s3832,TV Show,The Defected,"China, Hong Kong",2019,TV-14,1 Season,"Crime TV Shows, International TV Shows, TV Dramas",13
s3836,TV Show,Easy,United States,2019,TV-MA,3 Seasons,"TV Comedies, TV Dramas",18
s3838,TV Show,Jailbirds,Unknown,2019,TV-MA,1 Season,"Docuseries, Reality TV",1
s3839,TV Show,The Mechanism,Brazil,2019,TV-MA,2 Seasons,"Crime TV Shows, International TV Shows, TV Dramas",2
s3840,TV Show,The Princess Weiyoung,China,2016,TV-14,1 Season,"International TV Shows, Romantic TV Shows, TV Dramas",13
s3841,TV Show,The Society,United States,2019,TV-MA,1 Season,"TV Dramas, Teen TV Shows",11
s3844,TV Show,Away From Home,Unknown,2015,TV-PG,1 Season,"International TV Shows, TV Dramas",13
s3845,TV Show,Bibik-Bibikku,Unknown,2016,TV-PG,1 Season,"International TV Shows, TV Comedies",4
s3846,TV Show,Cinta 100KG,Unknown,2016,TV-14,1 Season,"International TV Shows, Romantic TV Shows, TV Dramas",13
s3847,TV Show,Cinta Iris,Unknown,2015,TV-PG,1 Season,"International TV Shows, Romantic TV Shows, TV Dramas",13
s3848,TV Show,Cinta Si Wedding Planner,Unknown,2015,TV-14,1 Season,"International TV Shows, Romantic TV Shows, TV Dramas",13
s3849,TV Show,Cinta Teruna Kimchi,Unknown,2016,TV-PG,1 Season,"International TV Shows, TV Dramas",13
s3850,TV Show,Secret of Success,Unknown,2015,TV-14,1 Season,"International TV Shows, Romantic TV Shows, TV Comedies",4
s3851,TV Show,The Missing Menu,Unknown,2016,TV-PG,1 Season,"International TV Shows, TV Dramas",13
s3852,TV Show,Unchained Fate,Unknown,2016,TV-14,1 Season,"International TV Shows, TV Dramas, TV Sci-Fi & Fantasy",13
s3853,TV Show,Abyss,South Korea,2019,TV-14,1 Season,"Crime TV Shows, International TV Shows, Korean TV Shows",10
s3854,TV Show,I Have a Script,Unknown,2019,TV-14,1 Season,"International TV Shows, TV Comedies, TV Dramas",13
s3855,TV Show,In the Bosom of a Thorn,Kuwait,2019,TV-14,1 Season,"International TV Shows, TV Dramas",13
s3856,TV Show,The Writer,Lebanon,2019,TV-14,1 Season,"Crime TV Shows, International TV Shows, TV Dramas",13
s3857,TV Show,What If?,Unknown,2019,TV-14,1 Season,"International TV Shows, TV Dramas",13
s3861,TV Show,Crime Diaries: Night Out,Mexico,2019,TV-MA,1 Season,"Crime TV Shows, International TV Shows, Spanish-Language TV Shows",16
s3862,TV Show,Cupcake & Dino - General Services,"Canada, Brazil",2019,TV-Y7,2 Seasons,"Kids' TV, TV Comedies",7
s3865,TV Show,Flinch,United Kingdom,2019,TV-PG,1 Season,Reality TV,1
s3868,TV Show,Tuca & Bertie,United States,2019,TV-MA,1 Season,TV Comedies,11
s3871,TV Show,Code Geass: Lelouch of the Rebellion,Japan,2008,TV-MA,2 Seasons,"Anime Series, International TV Shows",14
s3877,TV Show,Angel 'N' Devil,Taiwan,2014,TV-14,1 Season,"International TV Shows, TV Action & Adventure, TV Comedies",4
s3879,TV Show,Hong Kong West Side Stories,Hong Kong,2018,TV-MA,1 Season,"International TV Shows, TV Comedies, TV Dramas",2
s3880,TV Show,Ingress: The Animation,Japan,2018,TV-MA,1 Season,"Anime Series, Crime TV Shows, International TV Shows",14
s3881,TV Show,K.O. One Re-act,Unknown,2013,TV-14,1 Season,"International TV Shows, TV Comedies, TV Dramas",13
s3882,TV Show,K.O.3an Guo,Taiwan,2009,TV-14,1 Season,"International TV Shows, TV Comedies, TV Sci-Fi & Fantasy",4
s3883,TV Show,KO One Return,Unknown,2012,TV-MA,1 Season,"International TV Shows, TV Comedies, TV Dramas",2
s3884,TV Show,The Outsiders,Taiwan,2004,TV-MA,1 Season,"Crime TV Shows, International TV Shows, Romantic TV Shows",17
s3885,TV Show,Ash vs. Evil Dead,United States,2018,TV-MA,3 Seasons,"TV Action & Adventure, TV Comedies, TV Horror",18
s3887,TV Show,Señora Acero,"Mexico, United States",2018,TV-MA,5 Seasons,"Crime TV Shows, International TV Shows, Spanish-Language TV Shows",18
s3888,TV Show,Chambers,United States,2019,TV-MA,1 Season,"TV Horror, TV Mysteries, Teen TV Shows",11
s3893,TV Show,Street Food,United States,2019,TV-PG,1 Season,Docuseries,9
s3894,TV Show,The Hateful Eight: Extended Version,Unknown,2015,R,1 Season,TV Shows,1
s3898,TV Show,KO One,Taiwan,2005,TV-MA,1 Season,"International TV Shows, TV Action & Adventure, TV Comedies",17
s3899,TV Show,Lunatics,Australia,2019,TV-MA,1 Season,"International TV Shows, TV Comedies",16
s3901,TV Show,My Dear Boy,Taiwan,2017,TV-MA,1 Season,"International TV Shows, Romantic TV Shows",4
s3902,TV Show,Rilakkuma and Kaoru,"Japan, United States",2019,TV-PG,1 Season,"Anime Series, International TV Shows",14
s3903,TV Show,Samantha!,Brazil,2019,TV-MA,2 Seasons,"International TV Shows, TV Comedies",16
s3921,TV Show,Crazy Ex-Girlfriend,United States,2019,TV-MA,4 Seasons,"Romantic TV Shows, TV Comedies",18
s3926,TV Show,Huge in France,United States,2019,TV-MA,1 Season,TV Comedies,11
s3928,TV Show,New Girl,United States,2018,TV-14,7 Seasons,"Romantic TV Shows, TV Comedies",3
s3929,TV Show,Persona,South Korea,2019,TV-MA,1 Season,"International TV Shows, Korean TV Shows, TV Dramas",10
s3932,TV Show,You vs. Wild,United States,2019,TV-PG,1 Season,"Kids' TV, Reality TV, Science & Nature TV",0
s3935,TV Show,Time: The Kalief Browder Story,United States,2017,TV-MA,1 Season,Docuseries,11
s3937,TV Show,Derek,United Kingdom,2015,TV-MA,3 Seasons,"British TV Shows, International TV Shows, TV Comedies",5
s3938,TV Show,Imposters,United States,2017,TV-MA,2 Seasons,"Crime TV Shows, International TV Shows, TV Comedies",16
s3939,TV Show,Our Planet,"United States, United Kingdom",2019,TV-PG,1 Season,"Docuseries, Science & Nature TV",9
s3941,TV Show,Quicksand,Sweden,2019,TV-MA,1 Season,"Crime TV Shows, International TV Shows, TV Dramas",2
s3942,TV Show,Rimba Racer,Malaysia,2017,TV-PG,1 Season,Kids' TV,7
s3943,TV Show,Roman Empire: Reign of Blood,"Canada, United States",2019,TV-MA,3 Seasons,Docuseries,18
s3944,TV Show,Spirit: Riding Free,United States,2019,TV-Y7,8 Seasons,Kids' TV,3
s3945,TV Show,Tijuana,Mexico,2019,TV-MA,1 Season,"Crime TV Shows, International TV Shows, Spanish-Language TV Shows",16
s3947,TV Show,Possessed,South Korea,2019,TV-MA,1 Season,"Crime TV Shows, International TV Shows, Korean TV Shows",10
s3950,TV Show,Tango,Lebanon,2018,TV-14,1 Season,"International TV Shows, Romantic TV Shows, TV Dramas",13
s3954,TV Show,Kicko & Super Speedo,Unknown,2018,TV-Y7,1 Season,"Kids' TV, TV Comedies",7
s3957,TV Show,"That Winter, the Wind Blows",South Korea,2013,TV-MA,1 Season,"International TV Shows, Korean TV Shows, Romantic TV Shows",10
s3959,TV Show,Ultraman,"United States, Japan",2019,TV-14,1 Season,"Anime Series, International TV Shows",14
s3962,TV Show,Pablo,United Kingdom,2017,TV-Y,1 Season,"British TV Shows, Kids' TV",8
s3965,TV Show,Osmosis,France,2019,TV-MA,1 Season,"International TV Shows, TV Dramas, TV Mysteries",2
s3966,TV Show,Santa Clarita Diet,United States,2019,TV-MA,3 Seasons,"TV Comedies, TV Horror, TV Thrillers",18
s3969,TV Show,The Terminal,Unknown,2018,TV-14,1 Season,"International TV Shows, TV Dramas",13
s3970,TV Show,Traitors,United Kingdom,2019,TV-MA,1 Season,"British TV Shows, International TV Shows, TV Dramas",5
s3971,TV Show,Versailles,"France, Canada",2018,TV-MA,3 Seasons,"International TV Shows, TV Dramas",2
s3972,TV Show,Ainori Love Wagon: Asian Journey,Japan,2018,TV-MA,2 Seasons,"International TV Shows, Reality TV, Romantic TV Shows",1
s3977,TV Show,The Eagle of El-Se'eed,Unknown,2018,TV-14,1 Season,"Crime TV Shows, International TV Shows, TV Action & Adventure",13
s3980,TV Show,Charlie's Colorforms City,United States,2019,TV-Y,1 Season,Kids' TV,8
s3981,TV Show,Crime Diaries: The Candidate,Mexico,2019,TV-MA,1 Season,"Crime TV Shows, International TV Shows, Spanish-Language TV Shows",16
s3982,TV Show,Delhi Crime,India,2019,TV-MA,1 Season,"Crime TV Shows, International TV Shows, TV Dramas",2
s3985,TV Show,The 10 Sins,Unknown,2018,TV-14,1 Season,"International TV Shows, TV Dramas",13
s3987,TV Show,The OA,United States,2019,TV-MA,2 Seasons,"TV Dramas, TV Mysteries, TV Sci-Fi & Fantasy",11
s3989,TV Show,Bo on the Go!,Canada,2007,TV-Y,1 Season,Kids' TV,17
s3990,TV Show,Stay Tuned!,Japan,2019,TV-14,1 Season,"International TV Shows, TV Comedies, TV Dramas",13
s3997,TV Show,February 9,Unknown,2018,TV-14,1 Season,"International TV Shows, TV Dramas",13
s3999,TV Show,My Husband Won't Fit,Japan,2019,TV-MA,1 Season,"International TV Shows, Romantic TV Shows, TV Dramas",2
s4002,TV Show,Green Door,Taiwan,2019,TV-MA,1 Season,"International TV Shows, Romantic TV Shows, TV Comedies",4
s4007,TV Show,If I Hadn't Met You,Spain,2018,TV-MA,1 Season,"International TV Shows, Romantic TV Shows, TV Dramas",2
s4013,TV Show,My Pride,Unknown,2018,TV-14,1 Season,"International TV Shows, TV Dramas",13
s4015,TV Show,Robozuna,United Kingdom,2018,TV-Y7,2 Seasons,"British TV Shows, Kids' TV",7
s4016,TV Show,The Disappearance of Madeleine McCann,Unknown,2019,TV-14,1 Season,"Crime TV Shows, Docuseries",9
s4017,TV Show,Turn Up Charlie,United Kingdom,2019,TV-MA,1 Season,"British TV Shows, International TV Shows, TV Comedies",5
s4023,TV Show,More to Say,Egypt,2018,TV-14,1 Season,"International TV Shows, TV Dramas, TV Mysteries",13
s4024,TV Show,The Land of Hypocrisy,Egypt,2018,TV-14,1 Season,"International TV Shows, TV Comedies, TV Sci-Fi & Fantasy",4
s4027,TV Show,Eugenie Nights,Egypt,2018,TV-14,1 Season,"International TV Shows, Romantic TV Shows, TV Dramas",13
s4028,TV Show,This Evening,Egypt,2017,TV-14,1 Season,"International TV Shows, TV Dramas",13
s4029,TV Show,Into the Badlands,United States,2018,TV-MA,3 Seasons,TV Action & Adventure,18
s4030,TV Show,Bangkok Love Stories: Hey You!,Unknown,2018,TV-14,1 Season,"International TV Shows, Romantic TV Shows, TV Dramas",13
s4031,TV Show,Disappearance,Egypt,2018,TV-MA,1 Season,"International TV Shows, TV Dramas, TV Mysteries",2
s4033,TV Show,Immortals,Turkey,2018,TV-MA,1 Season,"International TV Shows, TV Dramas, TV Horror",2
s4036,TV Show,The Confrontation,Unknown,2018,TV-PG,1 Season,"International TV Shows, TV Dramas",13
s4043,TV Show,American Crime Story: The People v. O.J. Simpson,United States,2016,TV-MA,1 Season,"Crime TV Shows, TV Dramas",11
s4044,TV Show,Secret City,Australia,2016,TV-MA,2 Seasons,"International TV Shows, TV Dramas, TV Mysteries",2
s4045,TV Show,A Korean Odyssey,South Korea,2017,TV-MA,1 Season,"International TV Shows, Korean TV Shows, Romantic TV Shows",10
s4055,TV Show,Cricket Fever: Mumbai Indians,India,2019,TV-MA,1 Season,"Docuseries, International TV Shows",16
s4056,TV Show,Larva Island,Unknown,2019,TV-Y7,2 Seasons,"Kids' TV, Korean TV Shows, TV Comedies",7
s4057,TV Show,Losers,Unknown,2019,TV-MA,1 Season,Docuseries,11
s4058,TV Show,Northern Rescue,Canada,2019,TV-14,1 Season,TV Dramas,13
s4064,TV Show,The Disastrous Life of Saiki K.,Japan,2018,TV-14,3 Seasons,"Anime Series, International TV Shows, Teen TV Shows",14
s4080,TV Show,Unsolved,United States,2018,TV-MA,1 Season,"Crime TV Shows, TV Dramas",11
s4085,TV Show,Chef's Table,United States,2019,TV-MA,6 Seasons,"Docuseries, Reality TV",3
s4090,TV Show,The Big Family Cooking Showdown,United Kingdom,2018,TV-PG,2 Seasons,"British TV Shows, International TV Shows, Reality TV",5
s4091,TV Show,Z4,Brazil,2018,TV-PG,2 Seasons,Kids' TV,7
s4105,TV Show,Hjørdis,Denmark,2015,TV-MA,1 Season,"International TV Shows, TV Comedies, TV Dramas",2
s4106,TV Show,Larry Charles' Dangerous World of Comedy,Unknown,2019,TV-MA,1 Season,"Docuseries, TV Comedies",11
s4110,TV Show,The 43,Unknown,2019,TV-MA,1 Season,"Crime TV Shows, Docuseries, International TV Shows",16
s4112,TV Show,The Kirlian Frequency,Argentina,2017,TV-14,1 Season,"International TV Shows, Spanish-Language TV Shows, TV Horror",13
s4115,TV Show,Barbie Dreamhouse Adventures,"United States, Canada",2018,TV-Y,3 Seasons,Kids' TV,8
s4117,TV Show,Velvet Colección,Spain,2018,TV-14,2 Seasons,"International TV Shows, Romantic TV Shows, Spanish-Language TV Shows",4
s4119,TV Show,Iron Ladies,Taiwan,2018,TV-14,1 Season,"International TV Shows, Romantic TV Shows, TV Dramas",13
s4120,TV Show,The Break,Belgium,2018,TV-MA,2 Seasons,"Crime TV Shows, International TV Shows, TV Dramas",2
s4123,TV Show,One Day at a Time,United States,2019,TV-PG,3 Seasons,TV Comedies,15
s4126,TV Show,The Last of the Schmucks,Egypt,2017,TV-MA,1 Season,"International TV Shows, TV Comedies",16
s4127,TV Show,Hidden Worlds,Egypt,2018,TV-14,1 Season,"Crime TV Shows, International TV Shows, TV Dramas",13
s4128,TV Show,Live,South Korea,2018,TV-MA,1 Season,"Crime TV Shows, International TV Shows, Korean TV Shows",10
s4130,TV Show,Safe,United Kingdom,2018,TV-MA,1 Season,"British TV Shows, Crime TV Shows, International TV Shows",5
s4131,TV Show,Tayee,Egypt,2018,TV-MA,1 Season,"International TV Shows, TV Dramas",2
s4132,TV Show,Violet Evergarden,Japan,2018,TV-14,1 Season,"Anime Series, International TV Shows, Romantic TV Shows",14
s4133,TV Show,Romance is a bonus book,South Korea,2019,TV-14,1 Season,"International TV Shows, Korean TV Shows, Romantic TV Shows",10
s4142,TV Show,Littlest Pet Shop: A World of Our Own,United States,2018,TV-Y7,2 Seasons,Kids' TV,7
s4143,TV Show,Russian Doll,United States,2019,TV-MA,1 Season,"TV Comedies, TV Dramas",11
s4144,TV Show,Sparta,Russia,2018,TV-MA,1 Season,"Crime TV Shows, International TV Shows, TV Dramas",2
s4145,TV Show,Sword Art Online Alternative: Gun Gale Online,Japan,2018,TV-MA,1 Season,"Anime Series, International TV Shows",14
s4150,TV Show,Paprika,Unknown,2018,TV-Y,1 Season,Kids' TV,8
s4163,TV Show,A Taiwanese Tale of Two Cities,Taiwan,2018,TV-MA,1 Season,"International TV Shows, TV Dramas",2
s4164,TV Show,Z Nation,United States,2018,TV-MA,5 Seasons,"TV Action & Adventure, TV Comedies, TV Horror",18
s4167,TV Show,Black Earth Rising,United Kingdom,2018,TV-MA,1 Season,"British TV Shows, International TV Shows, TV Dramas",5
s4168,TV Show,Club of Crows,Mexico,2019,TV-MA,4 Seasons,"International TV Shows, Spanish-Language TV Shows, TV Comedies",18
s4169,TV Show,Examination of Conscience,Spain,2019,TV-MA,1 Season,"Crime TV Shows, Docuseries, International TV Shows",16
s4172,TV Show,The Perfect Match,Unknown,2017,TV-14,1 Season,"International TV Shows, Romantic TV Shows, TV Comedies",4
s4173,TV Show,Conversations with a Killer: The Ted Bundy Tapes,United States,2019,TV-MA,1 Season,"Crime TV Shows, Docuseries",11
s4175,TV Show,Innocent,Turkey,2017,TV-MA,1 Season,"Crime TV Shows, International TV Shows, TV Dramas",2
s4179,TV Show,Marvel's The Punisher,United States,2019,TV-MA,2 Seasons,"Crime TV Shows, TV Action & Adventure, TV Thrillers",11
s4180,TV Show,Memory Love,Unknown,2017,TV-14,1 Season,"International TV Shows, Romantic TV Shows, TV Dramas",13
s4184,TV Show,The World's Most Extraordinary Homes,United Kingdom,2019,TV-G,3 Seasons,"British TV Shows, Docuseries, International TV Shows",5
s4185,TV Show,Trigger Warning with Killer Mike,Unknown,2019,TV-MA,1 Season,"Docuseries, Stand-Up Comedy & Talk Shows",11
s4190,TV Show,Lavender,Taiwan,2002,TV-14,1 Season,"International TV Shows, Romantic TV Shows, TV Dramas",17
s4197,TV Show,La Grande Chaumière Violette,Taiwan,2016,TV-14,1 Season,"International TV Shows, TV Dramas",13
s4200,TV Show,Back with the Ex,Unknown,2018,TV-MA,1 Season,"International TV Shows, Reality TV, Romantic TV Shows",1
s4201,TV Show,Friends from College,United States,2019,TV-MA,2 Seasons,"Romantic TV Shows, TV Comedies",11
s4202,TV Show,Hardy Bucks,Ireland,2018,TV-MA,4 Seasons,TV Comedies,18
s4203,TV Show,Horrid Henry,United Kingdom,2019,TV-Y7,2 Seasons,"British TV Shows, Kids' TV, TV Comedies",7
s4207,TV Show,Pocoyo,"Spain, United Kingdom",2017,TV-Y,4 Seasons,"Kids' TV, Spanish-Language TV Shows",8
s4208,TV Show,When Heroes Fly,Israel,2018,TV-MA,1 Season,"International TV Shows, TV Action & Adventure, TV Dramas",2
s4216,TV Show,See You in Time,Unknown,2017,TV-14,1 Season,"International TV Shows, Romantic TV Shows, TV Dramas",13
s4217,TV Show,Déjà Vu,Unknown,2013,TV-14,1 Season,"International TV Shows, Romantic TV Shows, TV Dramas",13
s4219,TV Show,A Series of Unfortunate Events,United States,2019,TV-PG,3 Seasons,"Kids' TV, TV Action & Adventure, TV Comedies",15
s4221,TV Show,COMEDIANS of the world,United States,2019,TV-MA,13 Seasons,"Stand-Up Comedy & Talk Shows, TV Comedies",12
s4227,TV Show,The Paper,Croatia,2018,TV-MA,2 Seasons,"International TV Shows, TV Dramas",2
s4228,TV Show,Tidying Up with Marie Kondo,United States,2019,TV-PG,1 Season,Reality TV,0
s4251,TV Show,Pioneers: First Women Filmmakers*,Unknown,1925,TV-14,1 Season,TV Shows,19
s4252,TV Show,In Family We Trust,Thailand,2018,TV-MA,1 Season,"Crime TV Shows, International TV Shows, TV Dramas",2
s4255,TV Show,Hashoter Hatov,Israel,2015,TV-MA,1 Season,"Crime TV Shows, International TV Shows, TV Comedies",16
s4257,TV Show,Murder Mountain,United States,2018,TV-MA,1 Season,"Crime TV Shows, Docuseries",11
s4258,TV Show,Selection Day,India,2018,TV-14,1 Season,"International TV Shows, TV Dramas, Teen TV Shows",13
s4261,TV Show,Stand Up and Away! with Brian Regan,United States,2018,TV-PG,1 Season,"Stand-Up Comedy & Talk Shows, TV Comedies",0
s4262,TV Show,Way Back into Love,Taiwan,2011,TV-14,1 Season,"International TV Shows, Romantic TV Shows, TV Comedies",4
s4263,TV Show,Watership Down,"United Kingdom, Ireland, United States",2018,TV-PG,1 Season,"British TV Shows, International TV Shows, TV Action & Adventure",5
s4264,TV Show,Demon's Path,Unknown,2018,TV-14,1 Season,"Crime TV Shows, International TV Shows, TV Dramas",13
s4265,TV Show,People Just Do Nothing,United Kingdom,2018,TV-MA,5 Seasons,"British TV Shows, TV Comedies",18
s4266,TV Show,Single Ladies Senior,Unknown,2018,TV-MA,1 Season,"International TV Shows, Romantic TV Shows, TV Dramas",2
s4267,TV Show,7 Days Out,United States,2018,TV-PG,1 Season,Docuseries,9
s4270,TV Show,Jojo's World,Taiwan,2017,TV-14,1 Season,"International TV Shows, Romantic TV Shows, TV Comedies",4
s4271,TV Show,LAST HOPE,Japan,2018,TV-14,2 Seasons,"Anime Series, International TV Shows",14
s4272,TV Show,Lion Pride,Taiwan,2017,TV-MA,1 Season,"International TV Shows, Romantic TV Shows, TV Comedies",4
s4273,TV Show,Love @ Seventeen,Taiwan,2016,TV-14,1 Season,"International TV Shows, Romantic TV Shows, TV Dramas",13
s4274,TV Show,Perfume,Germany,2018,TV-MA,1 Season,"Crime TV Shows, International TV Shows, TV Dramas",2
s4275,TV Show,Sirius the Jaeger,Japan,2018,TV-MA,1 Season,"Anime Series, International TV Shows, TV Thrillers",14
s4277,TV Show,Wolf,Turkey,2018,TV-MA,1 Season,"International TV Shows, TV Action & Adventure, TV Dramas",2
s4280,TV Show,Fate/stay night: Unlimited Blade Works,Japan,2015,TV-14,2 Seasons,"Anime Series, International TV Shows",14
s4285,TV Show,Ellen DeGeneres: Relatable,United States,2018,TV-MA,1 Season,"Stand-Up Comedy & Talk Shows, TV Comedies",11
s4289,TV Show,Ashes of Love,China,2018,TV-14,1 Season,"International TV Shows, Romantic TV Shows, TV Comedies",4
s4291,TV Show,DreamWorks Holiday Classics,United States,2011,TV-PG,1 Season,"Kids' TV, TV Comedies",0
s4297,TV Show,Flowers,United Kingdom,2018,TV-MA,2 Seasons,"British TV Shows, International TV Shows, TV Comedies",5
s4305,TV Show,Hymn of Death,South Korea,2018,TV-14,1 Season,"International TV Shows, Korean TV Shows, Romantic TV Shows",10
s4306,TV Show,Inside the Real Narcos,Unknown,2018,TV-MA,1 Season,"British TV Shows, Crime TV Shows, Docuseries",16
s4308,TV Show,The Fix,United States,2018,TV-MA,1 Season,TV Comedies,11
s4309,TV Show,The Innocent Man,United States,2018,TV-MA,1 Season,"Crime TV Shows, Docuseries",11
s4310,TV Show,Tidelands,Australia,2018,TV-MA,1 Season,"Crime TV Shows, International TV Shows, TV Dramas",2
s4311,TV Show,Travelers,"Canada, United States",2018,TV-MA,3 Seasons,"Crime TV Shows, International TV Shows, TV Dramas",18
s4312,TV Show,Voltron: Legendary Defender,United States,2018,TV-Y7,8 Seasons,Kids' TV,3
s4313,TV Show,Back Street Girls -GOKUDOLS-,Japan,2018,TV-MA,1 Season,"Anime Series, International TV Shows",14
s4317,TV Show,Dogs of Berlin,Germany,2018,TV-MA,1 Season,"Crime TV Shows, International TV Shows, TV Dramas",2
s4321,TV Show,Neo Yokio,United States,2018,TV-MA,2 Seasons,"TV Comedies, TV Sci-Fi & Fantasy, Teen TV Shows",11
s4322,TV Show,Pine Gap,Australia,2018,TV-MA,1 Season,"International TV Shows, TV Dramas",2
s4327,TV Show,The Sound of Your Heart: Reboot,South Korea,2018,TV-14,2 Seasons,"International TV Shows, Korean TV Shows, TV Comedies",10
s4328,TV Show,Memories of the Alhambra,South Korea,2018,TV-MA,1 Season,"Crime TV Shows, International TV Shows, Korean TV Shows",10
s4341,TV Show,Haunted House,Unknown,2017,TV-G,1 Season,"Kids' TV, Korean TV Shows",7
s4351,TV Show,1983,"Poland, United States",2018,TV-MA,1 Season,"Crime TV Shows, International TV Shows, TV Dramas",2
s4354,TV Show,Death by Magic,United States,2018,TV-PG,1 Season,Reality TV,0
s4357,TV Show,Love and Fortune,Japan,2018,TV-MA,1 Season,"International TV Shows, Romantic TV Shows, TV Dramas",2
s4360,TV Show,Spy Kids: Mission Critical,"United States, Canada",2018,TV-Y7,2 Seasons,Kids' TV,7
s4363,TV Show,Bumping Mics with Jeff Ross & Dave Attell,United States,2018,TV-MA,1 Season,"Stand-Up Comedy & Talk Shows, TV Comedies",11
s4364,TV Show,Minecraft: Story Mode,"United States, Sweden",2015,TV-PG,1 Season,Kids' TV,0
s4366,TV Show,Frontier,Canada,2018,TV-MA,3 Seasons,"International TV Shows, TV Action & Adventure, TV Dramas",2
s4367,TV Show,Fugitiva,Spain,2018,TV-MA,1 Season,"Crime TV Shows, International TV Shows, Spanish-Language TV Shows",16
s4368,TV Show,Sick Note,United Kingdom,2018,TV-MA,2 Seasons,"British TV Shows, International TV Shows, TV Comedies",5
s4369,TV Show,Mystery Science Theater 3000: The Return,United States,2018,TV-14,2 Seasons,"TV Comedies, TV Sci-Fi & Fantasy",0
s4372,TV Show,Kulipari: Dream Walker,Unknown,2018,TV-Y7,1 Season,Kids' TV,7
s4373,TV Show,Paap-O-Meter,Unknown,2017,TV-Y7,1 Season,"Kids' TV, TV Comedies",7
s4377,TV Show,The Final Table,United States,2018,TV-PG,1 Season,Reality TV,0
s4380,TV Show,Eternal Love,China,2017,TV-14,1 Season,"International TV Shows, Romantic TV Shows, TV Dramas",13
s4381,TV Show,La Doña,"United States, Mexico",2016,TV-14,1 Season,"Spanish-Language TV Shows, TV Dramas",0
s4382,TV Show,Silvana Sin Lana,United States,2016,TV-14,1 Season,"Romantic TV Shows, Spanish-Language TV Shows, TV Comedies",0
s4385,TV Show,Ponysitters Club,Canada,2018,TV-G,2 Seasons,"Kids' TV, TV Dramas",7
s4388,TV Show,Vai Anitta,Brazil,2018,TV-MA,1 Season,"Docuseries, International TV Shows, Reality TV",1
s4390,TV Show,Beyblade Burst Evolution,Unknown,2017,TV-Y,1 Season,"Anime Series, Kids' TV",8
s4400,TV Show,Warrior,Denmark,2018,TV-MA,1 Season,"Crime TV Shows, International TV Shows, TV Dramas",2
s4401,TV Show,Age of Tanks,"Germany, France, Russia",2017,TV-PG,1 Season,"Docuseries, International TV Shows, Science & Nature TV",9
s4404,TV Show,Medal of Honor,United States,2018,TV-MA,1 Season,"Docuseries, TV Dramas",11
s4406,TV Show,Super Drags,Brazil,2018,TV-MA,1 Season,"International TV Shows, TV Comedies",16
s4407,TV Show,The Queen of Flow,Colombia,2018,TV-MA,1 Season,"Crime TV Shows, International TV Shows, Spanish-Language TV Shows",16
s4408,TV Show,Treehouse Detectives,"South Korea, United States",2018,TV-Y,2 Seasons,"Kids' TV, TV Thrillers",8
s4409,TV Show,Westside,United States,2018,TV-MA,1 Season,Reality TV,11
s4410,TV Show,Transfers,"France, Belgium",2017,TV-MA,1 Season,"Crime TV Shows, International TV Shows, TV Sci-Fi & Fantasy",16
s4411,TV Show,Damnation,United States,2017,TV-MA,1 Season,"Crime TV Shows, TV Dramas",11
s4414,TV Show,Kopitiam,Malaysia,2003,TV-14,7 Seasons,"International TV Shows, TV Comedies",3
s4416,TV Show,Brainchild,Unknown,2018,TV-G,1 Season,Kids' TV,7
s4431,TV Show,Creators,Argentina,2015,TV-Y,2 Seasons,"Kids' TV, Spanish-Language TV Shows",8
s4437,TV Show,Follow This,United States,2018,TV-MA,3 Seasons,Docuseries,18
s4462,TV Show,The Great British Baking Show: The Beginnings,Unknown,2012,TV-PG,1 Season,"British TV Shows, Reality TV",1
s4470,TV Show,Fate/EXTRA Last Encore,Japan,2018,TV-MA,2 Seasons,"Anime Series, International TV Shows",14
s4477,TV Show,Terrorism Close Calls,"United States, Czech Republic",2018,TV-MA,1 Season,"Crime TV Shows, Docuseries, International TV Shows",16
s4479,TV Show,DreamWorks Spooky Stories,United States,2009,TV-PG,1 Season,"Kids' TV, TV Comedies",17
s4480,TV Show,Great News,United States,2017,TV-14,2 Seasons,TV Comedies,0
s4484,TV Show,Here to Heart,China,2018,TV-14,1 Season,"International TV Shows, Romantic TV Shows, TV Dramas",13
s4486,TV Show,The Hollywood Masters,United States,2017,TV-MA,3 Seasons,Stand-Up Comedy & Talk Shows,18
s4488,TV Show,Accidentally in Love,China,2018,TV-14,1 Season,"International TV Shows, Romantic TV Shows, TV Comedies",4
s4489,TV Show,Ask the Doctor,Australia,2017,TV-PG,1 Season,"Docuseries, International TV Shows, Science & Nature TV",9
s4490,TV Show,Best.Worst.Weekend.Ever.,United States,2018,TV-PG,1 Season,"Kids' TV, TV Comedies",0
s4495,TV Show,Making a Murderer,United States,2018,TV-14,2 Seasons,"Crime TV Shows, Docuseries",9
s4496,TV Show,Marvel's Daredevil,United States,2018,TV-MA,3 Seasons,"Crime TV Shows, TV Action & Adventure",18
s4499,TV Show,Project S The Series,Thailand,2017,TV-MA,4 Seasons,"International TV Shows, TV Dramas, Teen TV Shows",18
s4502,TV Show,Wanderlust,United Kingdom,2018,TV-MA,1 Season,"British TV Shows, International TV Shows, Romantic TV Shows",5
s4504,TV Show,My Babysitter's a Vampire,Canada,2012,TV-PG,2 Seasons,"Kids' TV, TV Comedies",7
s4505,TV Show,Rake,Australia,2018,TV-MA,5 Seasons,"Crime TV Shows, International TV Shows, TV Comedies",18
s4509,TV Show,Stunt Science,United Kingdom,2018,TV-MA,1 Season,"British TV Shows, International TV Shows, Reality TV",5
s4512,TV Show,Edgar Rice Burroughs' Tarzan and Jane,Unknown,2018,TV-Y7,2 Seasons,"Crime TV Shows, Kids' TV",7
s4515,TV Show,FIGHTWORLD,Unknown,2018,TV-MA,1 Season,Docuseries,11
s4518,TV Show,The Curious Creations of Christine McConnell,United States,2018,TV-PG,1 Season,"TV Comedies, TV Mysteries",0
s4519,TV Show,The Haunting of Hill House,United States,2018,TV-MA,1 Season,"TV Dramas, TV Horror, TV Mysteries",11
s4521,TV Show,Ordinary Heroes,Unknown,2018,TV-MA,1 Season,"Crime TV Shows, International TV Shows, TV Dramas",2
s4522,TV Show,Salt Fat Acid Heat,Unknown,2018,TV-PG,1 Season,Docuseries,9
s4524,TV Show,Blood Pact,Brazil,2018,TV-MA,1 Season,"Crime TV Shows, International TV Shows, TV Dramas",2
s4528,TV Show,Sofia the First,United States,2017,TV-Y,4 Seasons,Kids' TV,15
s4530,TV Show,Dancing Queen,Unknown,2018,TV-14,1 Season,Reality TV,1
s4531,TV Show,Empire Games,"Czech Republic, United States",2018,TV-14,1 Season,Docuseries,9
s4532,TV Show,LOST SONG,Japan,2018,TV-14,1 Season,"Anime Series, International TV Shows",14
s4536,TV Show,YG Future Strategy Office,South Korea,2018,TV-MA,1 Season,"International TV Shows, Korean TV Shows, TV Comedies",10
s4537,TV Show,Violet Evergarden: Special,Unknown,2018,TV-PG,1 Season,"Anime Series, International TV Shows, Romantic TV Shows",1
s4543,TV Show,Monty Python Best Bits (mostly),United Kingdom,2014,TV-MA,1 Season,"British TV Shows, Docuseries, TV Comedies",5
s4550,TV Show,Monty Python's Almost the Truth,United Kingdom,2009,TV-MA,1 Season,"British TV Shows, Docuseries",5
s4551,TV Show,Monty Python's Fliegender Zirkus,"United Kingdom, West Germany",1972,TV-MA,1 Season,"International TV Shows, TV Comedies",6
s4552,TV Show,Monty Python's Flying Circus,United Kingdom,1974,TV-14,4 Seasons,"British TV Shows, Classic & Cult TV, International TV Shows",6
s4554,TV Show,Monty Python's Personal Best,"United States, United Kingdom",2005,TV-MA,1 Season,"British TV Shows, TV Comedies",17
s4571,TV Show,Hot Date,United States,2018,TV-MA,1 Season,"Romantic TV Shows, TV Comedies",11
s4605,TV Show,Strong,United States,2016,TV-14,1 Season,Reality TV,0
s4609,TV Show,Three Wives One Husband,United Kingdom,2018,TV-14,1 Season,"British TV Shows, International TV Shows, Reality TV",5
s4622,TV Show,Made in Mexico,United States,2018,TV-MA,1 Season,"International TV Shows, Reality TV, Spanish-Language TV Shows",16
s4623,TV Show,Reboot: The Guardian Code,Canada,2018,TV-Y7,2 Seasons,Kids' TV,7
s4624,TV Show,Skylanders Academy,"South Korea, United States",2018,TV-Y7,3 Seasons,"Kids' TV, TV Comedies",7
s4628,TV Show,Battlefish,Unknown,2018,TV-MA,1 Season,"Reality TV, Science & Nature TV, TV Action & Adventure",1
s4629,TV Show,DRAGON PILOT: Hisone & Masotan,Japan,2018,TV-14,1 Season,"Anime Series, International TV Shows",14
s4630,TV Show,Maniac,United States,2018,TV-MA,1 Season,"TV Comedies, TV Dramas, TV Mysteries",11
s4633,TV Show,The Good Cop,United States,2018,TV-14,1 Season,"Crime TV Shows, TV Comedies, TV Dramas",0
s4634,TV Show,Mobile Suit Gundam UC,Japan,2014,TV-PG,1 Season,"Anime Series, International TV Shows",14
s4635,TV Show,Transformers: Rescue Bots,"Canada, United States",2016,TV-Y7,1 Season,Kids' TV,7
s4636,TV Show,Al Hayba,Lebanon,2017,TV-14,1 Season,"Crime TV Shows, International TV Shows, TV Dramas",13
s4637,TV Show,American Vandal,United States,2018,TV-MA,2 Seasons,"Crime TV Shows, TV Comedies, Teen TV Shows",11
s4638,TV Show,Boca Juniors Confidential,Unknown,2018,TV-PG,1 Season,"Docuseries, International TV Shows, Spanish-Language TV Shows",9
s4639,TV Show,Ingobernable,Mexico,2018,TV-MA,2 Seasons,"Crime TV Shows, International TV Shows, Spanish-Language TV Shows",16
s4640,TV Show,Norm Macdonald Has a Show,United States,2018,TV-MA,1 Season,"Stand-Up Comedy & Talk Shows, TV Comedies",11
s4641,TV Show,Super Monsters Monster Party,Unknown,2018,TV-Y,1 Season,Kids' TV,8
s4644,TV Show,The Rise of Phoenixes,China,2018,TV-14,1 Season,"International TV Shows, Romantic TV Shows, TV Action & Adventure",4
s4646,TV Show,Life,South Korea,2018,TV-MA,1 Season,"International TV Shows, Korean TV Shows, TV Dramas",10
s4648,TV Show,Daniel Sloss: Live Shows,United States,2018,TV-MA,1 Season,"Stand-Up Comedy & Talk Shows, TV Comedies",11
s4649,TV Show,If I were an Animal,Unknown,2018,TV-G,1 Season,"Docuseries, Kids' TV, Science & Nature TV",9
s4651,TV Show,Show Me the Money,Unknown,2004,TV-14,2 Seasons,"International TV Shows, TV Comedies",17
s4652,TV Show,Transformers Prime,United States,2013,TV-Y7,1 Season,Kids' TV,7
s4653,TV Show,Transformers: Robots in Disguise,United States,2016,TV-Y7,1 Season,Kids' TV,7
s4655,TV Show,First and Last,Unknown,2018,TV-MA,1 Season,Docuseries,11
s4656,TV Show,Marvel's Iron Fist,United States,2018,TV-MA,2 Seasons,"Crime TV Shows, TV Action & Adventure, TV Dramas",11
s4659,TV Show,Stretch Armstrong & the Flex Fighters,United States,2018,TV-Y7,2 Seasons,Kids' TV,7
s4663,TV Show,Monkey Twins,Thailand,2018,TV-MA,1 Season,"Crime TV Shows, International TV Shows, TV Action & Adventure",16
s4664,TV Show,Quantico,United States,2018,TV-14,3 Seasons,"Crime TV Shows, TV Dramas, TV Mysteries",15
s4665,TV Show,Age of Rebellion,Taiwan,2018,TV-MA,1 Season,"Crime TV Shows, International TV Shows, TV Dramas",2
s4671,TV Show,Sisters,Australia,2018,TV-MA,1 Season,"International TV Shows, TV Comedies, TV Dramas",2
s4673,TV Show,Cathedral of the Sea,Spain,2017,TV-MA,1 Season,"International TV Shows, Spanish-Language TV Shows, TV Dramas",2
s4674,TV Show,Inside the Criminal Mind,"United States, Czech Republic",2018,TV-MA,1 Season,"Crime TV Shows, Docuseries, International TV Shows",16
s4675,TV Show,The Comedy Lineup,United States,2018,TV-MA,2 Seasons,"Stand-Up Comedy & Talk Shows, TV Comedies",11
s4677,TV Show,Ultimate Beastmaster,"United States, Brazil, South Korea, Mexico, Japan, Germany",2018,TV-PG,3 Seasons,Reality TV,0
s4678,TV Show,Ultimate Beastmaster México,Unknown,2018,TV-PG,3 Seasons,"Reality TV, Spanish-Language TV Shows",1
s4679,TV Show,Undercover Law,Colombia,2017,TV-MA,1 Season,"Crime TV Shows, International TV Shows, Spanish-Language TV Shows",16
s4683,TV Show,Chicken Soup for the Soul's Being Dad,United States,2018,TV-MA,1 Season,Docuseries,11
s4686,TV Show,GHOUL,India,2018,TV-MA,1 Season,"International TV Shows, TV Dramas, TV Horror",2
s4688,TV Show,Take My Brother Away,China,2018,TV-14,1 Season,"International TV Shows, TV Comedies, TV Dramas",13
s4690,TV Show,The Innocents,United Kingdom,2018,TV-MA,1 Season,"British TV Shows, International TV Shows, Romantic TV Shows",5
s4697,TV Show,Stay Here,United States,2018,TV-PG,1 Season,Reality TV,0
s4703,TV Show,72 Dangerous Animals: Asia,Australia,2018,TV-14,1 Season,"Docuseries, International TV Shows, Science & Nature TV",9
s4704,TV Show,Afflicted,United States,2018,TV-MA,1 Season,"Docuseries, Reality TV, Science & Nature TV",11
s4705,TV Show,All About the Washingtons,United States,2018,TV-PG,1 Season,TV Comedies,0
s4710,TV Show,The Originals,United States,2018,TV-14,5 Seasons,"TV Dramas, TV Horror, TV Mysteries",15
s4711,TV Show,Pretty Man,Unknown,2018,TV-14,1 Season,"International TV Shows, Romantic TV Shows, TV Dramas",13
s4712,TV Show,On Children,Taiwan,2018,TV-14,1 Season,"International TV Shows, TV Dramas, TV Mysteries",13
s4717,TV Show,Cocaine Coast,Spain,2018,TV-MA,1 Season,"Crime TV Shows, International TV Shows, Spanish-Language TV Shows",16
s4718,TV Show,Dinotrux Supercharged,Unknown,2018,TV-Y7,3 Seasons,Kids' TV,7
s4739,TV Show,Becoming Champions,Mexico,2018,TV-G,1 Season,"Docuseries, International TV Shows",9
s4742,TV Show,Switched,Japan,2018,TV-MA,1 Season,"International TV Shows, TV Dramas, TV Mysteries",2
s4743,TV Show,The Could’ve-Gone-All-the-Way Committee,Japan,2018,TV-14,1 Season,"International TV Shows, Romantic TV Shows, TV Dramas",13
s4744,TV Show,A Very Secret Service,France,2018,TV-MA,2 Seasons,"International TV Shows, TV Comedies",16
s4745,TV Show,SWORDGAI The Animation,Japan,2018,TV-MA,2 Seasons,"Anime Series, International TV Shows",14
s4748,TV Show,Kath and Kim,Australia,2007,TV-MA,6 Seasons,TV Comedies,3
s4751,TV Show,El Chapo,"Mexico, United States",2018,TV-MA,3 Seasons,"Crime TV Shows, Spanish-Language TV Shows, TV Action & Adventure",18
s4753,TV Show,Smoking,Japan,2018,TV-MA,1 Season,"Crime TV Shows, International TV Shows, TV Action & Adventure",16
s4755,TV Show,Welcome to the Family,Spain,2018,TV-MA,1 Season,"International TV Shows, TV Comedies, TV Dramas",2
s4759,TV Show,Amazing Interiors,United Kingdom,2018,TV-PG,1 Season,"British TV Shows, International TV Shows, Reality TV",5
s4760,TV Show,Dark Tourist,New Zealand,2018,TV-MA,1 Season,"Docuseries, International TV Shows",16
s4763,TV Show,Home: Adventures with Tip & Oh,United States,2018,TV-Y7,4 Seasons,"Kids' TV, TV Comedies",15
s4764,TV Show,Jimmy: The True Story of a True Idiot,Japan,2018,TV-MA,1 Season,"International TV Shows, TV Comedies, TV Dramas",2
s4765,TV Show,Luna Petunia: Return to Amazia,"Canada, United States",2018,TV-Y,2 Seasons,Kids' TV,8
s4768,TV Show,Camarón Revolution,Unknown,2018,TV-14,1 Season,"Docuseries, International TV Shows, Spanish-Language TV Shows",9
s4772,TV Show,The Joel McHale Show with Joel McHale,United States,2018,TV-MA,2 Seasons,"Stand-Up Comedy & Talk Shows, TV Comedies",11
s4773,TV Show,Meteor Garden,China,2018,TV-14,1 Season,"International TV Shows, Romantic TV Shows, TV Dramas",13
s4777,TV Show,Mossad 101,Israel,2017,TV-MA,2 Seasons,"International TV Shows, TV Action & Adventure, TV Dramas",2
s4778,TV Show,Baby Ballroom,United Kingdom,2018,TV-MA,2 Seasons,"British TV Shows, International TV Shows, Reality TV",5
s4779,TV Show,Drug Lords,United States,2018,TV-MA,2 Seasons,"Crime TV Shows, Docuseries",11
s4780,TV Show,Mr. Sunshine,South Korea,2018,TV-MA,1 Season,"International TV Shows, Korean TV Shows, Romantic TV Shows",10
s4781,TV Show,First Team: Juventus,United States,2018,TV-PG,2 Seasons,"Docuseries, International TV Shows",9
s4799,TV Show,NCIS,United States,2017,TV-14,15 Seasons,"Crime TV Shows, TV Dramas, TV Mysteries",12
s4805,TV Show,Somewhere Between,United States,2017,TV-14,1 Season,"Crime TV Shows, TV Dramas, TV Mysteries",0
s4808,TV Show,Churchill’s Secret Agents: The New Recruits,United Kingdom,2018,TV-MA,1 Season,"British TV Shows, International TV Shows, Reality TV",5
s4810,TV Show,Kiss Me First,"United Kingdom, United States",2018,TV-MA,1 Season,"British TV Shows, Crime TV Shows, International TV Shows",5
s4814,TV Show,Hotel Transylvania,"United States, Canada",2017,TV-Y7,1 Season,"Kids' TV, TV Comedies",7
s4816,TV Show,Borges,Brazil,2018,TV-MA,1 Season,"International TV Shows, TV Comedies",16
s4819,TV Show,Life Sentence,United States,2018,TV-14,1 Season,TV Dramas,0
s4822,TV Show,Marvel's Luke Cage,United States,2018,TV-MA,2 Seasons,"Crime TV Shows, TV Action & Adventure, TV Dramas",11
s4825,TV Show,Club de Cuervos Presents: The Ballad of Hugo Sánchez,United States,2018,TV-MA,1 Season,"International TV Shows, Spanish-Language TV Shows, TV Comedies",16
s4832,TV Show,True: Magical Friends,Unknown,2018,TV-Y,1 Season,Kids' TV,8
s4833,TV Show,True: Wonderful Wishes,Unknown,2018,TV-Y,1 Season,Kids' TV,8
s4837,TV Show,The Staircase,France,2018,TV-MA,1 Season,"Crime TV Shows, Docuseries, TV Mysteries",11
s4838,TV Show,The Night Shift,United States,2017,TV-14,4 Seasons,TV Dramas,15
s4839,TV Show,Dinosaur King,Japan,2008,TV-Y7,2 Seasons,"Anime Series, Kids' TV",17
s4842,TV Show,November 13: Attack on Paris,France,2018,TV-MA,1 Season,"Crime TV Shows, Docuseries, International TV Shows",16
s4845,TV Show,Unbreakable Kimmy Schmidt,United States,2019,TV-14,4 Seasons,TV Comedies,15
s4846,TV Show,Arrested Development,United States,2019,TV-MA,5 Seasons,TV Comedies,18
s4847,TV Show,The Break with Michelle Wolf,United States,2018,TV-MA,1 Season,"Stand-Up Comedy & Talk Shows, TV Comedies",11
s4849,TV Show,Something in the Rain,South Korea,2018,TV-MA,1 Season,"International TV Shows, Korean TV Shows, Romantic TV Shows",10
s4853,TV Show,Trollhunters,"United States, Mexico",2018,TV-Y7,3 Seasons,"Kids' TV, TV Action & Adventure, TV Sci-Fi & Fantasy",7
s4854,TV Show,Mob Psycho 100,Japan,2018,TV-MA,1 Season,"International TV Shows, TV Action & Adventure, TV Comedies",16
s4857,TV Show,Dance & Sing with True,Unknown,2018,TV-Y,1 Season,Kids' TV,8
s4858,TV Show,Inspector Gadget,"Canada, United States, France",2017,TV-Y7,4 Seasons,"Crime TV Shows, Kids' TV, TV Comedies",15
s4863,TV Show,Saint Seiya: The Lost Canvas,Japan,2009,TV-MA,1 Season,"Anime Series, International TV Shows",14
s4866,TV Show,Bill Nye Saves the World,United States,2018,TV-14,3 Seasons,Stand-Up Comedy & Talk Shows,15
s4868,TV Show,Evil Genius,United States,2018,TV-MA,1 Season,"Crime TV Shows, Docuseries, TV Mysteries",11
s4870,TV Show,The Who Was? Show,United States,2018,TV-PG,1 Season,"Kids' TV, TV Comedies",0
s4875,TV Show,A Little Help with Carol Burnett,United States,2018,TV-G,1 Season,"Stand-Up Comedy & Talk Shows, TV Comedies",0
s4880,TV Show,Kong: King of the Apes,"United States, Japan, Canada",2018,TV-Y7,2 Seasons,Kids' TV,7
s4899,TV Show,Simon,France,2016,TV-Y,1 Season,Kids' TV,8
s4901,TV Show,Spiritual House,Unknown,2017,TV-PG,1 Season,"International TV Shows, Stand-Up Comedy & Talk Shows",1
s4904,TV Show,Black Crows,"Saudi Arabia, Syria, Egypt, Lebanon, Kuwait",2017,TV-14,1 Season,"International TV Shows, TV Dramas",13
s4907,TV Show,Bobby Kennedy for President,Unknown,2018,TV-MA,1 Season,Docuseries,11
s4909,TV Show,Goodnight DJ 1,Unknown,2016,TV-14,2 Seasons,"International TV Shows, TV Dramas, TV Horror",13
s4911,TV Show,Moving On,Unknown,2016,TV-PG,1 Season,"International TV Shows, TV Dramas",13
s4914,TV Show,Trio and a Bed,Unknown,2016,TV-PG,1 Season,"International TV Shows, Romantic TV Shows, TV Comedies",4
s4915,TV Show,海的儿子,Unknown,2016,TV-14,1 Season,"International TV Shows, TV Dramas",13
s4925,TV Show,Charité,Germany,2017,TV-MA,1 Season,"International TV Shows, TV Dramas",2
s4926,TV Show,The Chalet,France,2018,TV-MA,1 Season,"Crime TV Shows, International TV Shows, TV Dramas",2
s4927,TV Show,The Honeymoon Stand Up Special,United States,2018,TV-MA,1 Season,"Stand-Up Comedy & Talk Shows, TV Comedies",11
s4931,TV Show,The Magic School Bus Rides Again,United States,2018,TV-Y,2 Seasons,Kids' TV,8
s4934,TV Show,AMO,Philippines,2017,TV-MA,1 Season,"International TV Shows, TV Dramas",2
s4942,TV Show,Troy,"United Kingdom, South Africa, Australia, United States",2018,TV-MA,1 Season,"British TV Shows, International TV Shows, Romantic TV Shows",5
s4943,TV Show,Wakfu,France,2017,TV-PG,3 Seasons,Kids' TV,7
s4947,TV Show,Star Trek: The Next Generation,United States,1993,TV-PG,7 Seasons,"TV Action & Adventure, TV Sci-Fi & Fantasy",6
s4950,TV Show,Fallet,Sweden,2017,TV-MA,1 Season,"Crime TV Shows, International TV Shows, TV Comedies",16
s4952,TV Show,Loaded,United Kingdom,2017,TV-MA,1 Season,"British TV Shows, International TV Shows, TV Comedies",5
s4958,TV Show,Doctor Foster,United Kingdom,2017,TV-MA,2 Seasons,"British TV Shows, International TV Shows, Romantic TV Shows",5
s4962,TV Show,Rapture,United States,2018,TV-MA,1 Season,Docuseries,11
s4965,TV Show,Trailer Park Boys,Canada,2018,TV-MA,12 Seasons,"Classic & Cult TV, Crime TV Shows, International TV Shows",12
s4968,TV Show,Trump: An American Dream,United Kingdom,2018,TV-14,1 Season,Docuseries,9
s4969,TV Show,James Acaster: Repertoire,United Kingdom,2018,TV-14,1 Season,"British TV Shows, International TV Shows, Stand-Up Comedy & Talk Shows",5
s4974,TV Show,Requiem,United Kingdom,2018,TV-MA,1 Season,"British TV Shows, International TV Shows, TV Dramas",5
s4977,TV Show,The Standups,United States,2018,TV-MA,2 Seasons,"Stand-Up Comedy & Talk Shows, TV Comedies",11
s4979,TV Show,Edha,Argentina,2018,TV-MA,1 Season,"International TV Shows, Spanish-Language TV Shows, TV Dramas",2
s4981,TV Show,Wild Wild Country,United States,2018,TV-MA,1 Season,"Crime TV Shows, Docuseries",11
s4985,TV Show,Secret of the Nile,Egypt,2016,TV-14,1 Season,"International TV Shows, Romantic TV Shows, TV Dramas",13
s4986,TV Show,Tabula Rasa,Belgium,2017,TV-MA,1 Season,"International TV Shows, TV Dramas, TV Mysteries",2
s4989,TV Show,Children of the Whales,Japan,2017,TV-14,1 Season,"Anime Series, International TV Shows",14
s4992,TV Show,A.I.C.O.,Japan,2018,TV-14,1 Season,"Anime Series, International TV Shows",14
s4993,TV Show,Collateral,"United Kingdom, United States",2018,TV-MA,1 Season,"British TV Shows, Crime TV Shows, International TV Shows",5
s4995,TV Show,Bad Guys: Vile City,South Korea,2018,TV-MA,1 Season,"Crime TV Shows, International TV Shows, Korean TV Shows",10
s4998,TV Show,Borderliner,"Norway, Germany, Sweden",2017,TV-MA,1 Season,"Crime TV Shows, International TV Shows, TV Dramas",2
s5001,TV Show,Flint Town,United States,2018,TV-MA,1 Season,"Docuseries, Science & Nature TV",11
s5005,TV Show,21 Thunder,Canada,2017,TV-MA,1 Season,"Crime TV Shows, International TV Shows, TV Dramas",2
s5027,TV Show,Best Lover,"South Korea, China",2016,TV-14,1 Season,"International TV Shows, Romantic TV Shows, TV Comedies",4
s5028,TV Show,Marseille,France,2018,TV-MA,2 Seasons,"International TV Shows, TV Dramas, TV Thrillers",2
s5030,TV Show,Seven Seconds,United States,2018,TV-MA,1 Season,"Crime TV Shows, TV Dramas",11
s5031,TV Show,Hitler's Circle of Evil,United Kingdom,2017,TV-14,1 Season,"British TV Shows, Docuseries, International TV Shows",5
s5033,TV Show,The Frankenstein Chronicles,United Kingdom,2017,TV-MA,2 Seasons,"British TV Shows, Crime TV Shows, International TV Shows",5
s5036,TV Show,Dragons: Race to the Edge,United States,2018,TV-Y7,6 Seasons,"Kids' TV, TV Action & Adventure",3
s5037,TV Show,Everything Sucks!,United States,2018,TV-14,1 Season,"TV Comedies, TV Dramas, Teen TV Shows",0
s5039,TV Show,Re:Mind,Japan,2017,TV-MA,1 Season,"International TV Shows, TV Dramas, TV Mysteries",2
s5047,TV Show,Valor,United States,2017,TV-14,1 Season,"TV Action & Adventure, TV Dramas",0
s5049,TV Show,Coach Snoop,United States,2018,TV-MA,1 Season,"Docuseries, Reality TV",11
s5055,TV Show,Under Arrest,United States,2016,TV-MA,8 Seasons,"Crime TV Shows, Docuseries, International TV Shows",3
s5058,TV Show,Retribution,United Kingdom,2016,TV-MA,1 Season,"British TV Shows, Crime TV Shows, International TV Shows",5
s5064,TV Show,The Adventures of Puss in Boots,United States,2018,TV-Y7,6 Seasons,"Kids' TV, TV Comedies",3
s5066,TV Show,Prison Playbook,South Korea,2017,TV-MA,1 Season,"International TV Shows, Korean TV Shows, TV Comedies",10
s5070,TV Show,The Shannara Chronicles,"United States, New Zealand",2018,TV-MA,2 Seasons,"TV Action & Adventure, TV Dramas, TV Sci-Fi & Fantasy",11
s5071,TV Show,Love and Hong Kong,Japan,2017,TV-PG,1 Season,"International TV Shows, Romantic TV Shows, TV Dramas",13
s5076,TV Show,Tiempos de guerra,Spain,2017,TV-MA,1 Season,"International TV Shows, Romantic TV Shows, Spanish-Language TV Shows",16
s5078,TV Show,Godzilla,Japan,2017,TV-14,1 Season,TV Shows,14
s5083,TV Show,Disjointed,United States,2018,TV-MA,2 Seasons,TV Comedies,11
s5090,TV Show,Tundukkan Playboy Itu,Unknown,2016,TV-PG,1 Season,"International TV Shows, Romantic TV Shows, TV Comedies",4
s5091,TV Show,Episodes,"United Kingdom, United States",2017,TV-MA,5 Seasons,"Classic & Cult TV, TV Comedies",18
s5093,TV Show,Devilman Crybaby,Japan,2018,TV-MA,1 Season,"Anime Series, International TV Shows, TV Horror",14
s5096,TV Show,Fullmetal Alchemist,Japan,2003,TV-14,1 Season,"Anime Series, International TV Shows",17
s5097,TV Show,Fullmetal Alchemist: Brotherhood,Japan,2010,TV-14,5 Seasons,"Anime Series, International TV Shows",3
s5098,TV Show,Lovesick,United Kingdom,2018,TV-MA,3 Seasons,"British TV Shows, International TV Shows, Romantic TV Shows",5
s5099,TV Show,Pokémon: Indigo League,Japan,2000,TV-Y7,1 Season,"Anime Series, Kids' TV",17
s5100,TV Show,The Frozen Dead,France,2017,TV-MA,1 Season,"Crime TV Shows, International TV Shows, TV Dramas",2
s5101,TV Show,Dave Chappelle: Equanimity & The Bird Revelation,United States,2017,TV-MA,1 Season,"Stand-Up Comedy & Talk Shows, TV Comedies",11
s5104,TV Show,La Mante,France,2017,TV-MA,1 Season,"Crime TV Shows, International TV Shows, TV Dramas",2
s5106,TV Show,Wadi,Unknown,2015,TV-14,1 Season,"International TV Shows, TV Dramas",13
s5110,TV Show,Part-Time Idol,Unknown,2017,TV-14,1 Season,"International TV Shows, Korean TV Shows, TV Comedies",4
s5112,TV Show,Myths & Monsters,United Kingdom,2017,TV-PG,1 Season,"British TV Shows, Docuseries",5
s5113,TV Show,72 Dangerous Animals: Latin America,"Australia, United States",2017,TV-14,1 Season,"Docuseries, International TV Shows, Science & Nature TV",9
s5119,TV Show,The Indian Detective,"Canada, Germany, South Africa",2017,TV-14,1 Season,"Crime TV Shows, International TV Shows, TV Comedies",4
s5120,TV Show,"Hello, My Twenties!",South Korea,2017,TV-MA,2 Seasons,"International TV Shows, Korean TV Shows, Romantic TV Shows",10
s5121,TV Show,Cheuk Wan-Chi: Two Night Stand,Unknown,2015,TV-MA,1 Season,"International TV Shows, Stand-Up Comedy & Talk Shows, TV Comedies",4
s5126,TV Show,Wormwood,United States,2017,TV-14,1 Season,"Crime TV Shows, Docuseries",9
s5127,TV Show,Halt and Catch Fire,United States,2017,TV-14,4 Seasons,TV Dramas,15
s5129,TV Show,Dawai Asmara,Unknown,2016,TV-14,1 Season,"International TV Shows, TV Dramas",13
s5139,TV Show,All Hail King Julien,United States,2017,TV-Y7,5 Seasons,"Kids' TV, TV Comedies",15
s5140,TV Show,Dhia Sofea,Malaysia,2015,TV-14,1 Season,"International TV Shows, TV Dramas",13
s5142,TV Show,Kantaro: The Sweet Tooth Salaryman,Japan,2017,TV-PG,1 Season,"International TV Shows, TV Comedies",4
s5145,TV Show,Oggy and the Cockroaches,France,2017,TV-Y7,1 Season,"Kids' TV, TV Comedies",7
s5146,TV Show,Padamu Aku Bersujud,Unknown,2015,TV-14,1 Season,"International TV Shows, Romantic TV Shows, TV Dramas",13
s5148,TV Show,TURN: Washington's Spies,United States,2017,TV-14,4 Seasons,TV Dramas,15
s5150,TV Show,Man Down,United Kingdom,2017,TV-MA,4 Seasons,"British TV Shows, International TV Shows, TV Comedies",18
s5151,TV Show,Broadchurch,United Kingdom,2017,TV-MA,3 Seasons,"British TV Shows, Crime TV Shows, International TV Shows",5
s5155,TV Show,The Many Faces of Ito,Japan,2017,TV-14,1 Season,"International TV Shows, Romantic TV Shows, TV Dramas",13
s5156,TV Show,Trailer Park Boys: Out of the Park: USA,Unknown,2017,TV-MA,1 Season,"International TV Shows, TV Comedies",16
s5157,TV Show,Bright: The Music Videos,Unknown,2017,TV-MA,1 Season,TV Shows,1
s5158,TV Show,Argon,South Korea,2017,TV-MA,1 Season,"International TV Shows, Korean TV Shows, TV Dramas",10
s5160,TV Show,Godless,United States,2017,TV-MA,1 Season,TV Dramas,11
s5166,TV Show,Longmire,United States,2017,TV-MA,6 Seasons,"Crime TV Shows, TV Dramas",3
s5167,TV Show,Luna Petunia,United States,2017,TV-Y,3 Seasons,Kids' TV,8
s5169,TV Show,Shot in the Dark,United States,2017,TV-MA,1 Season,Reality TV,11
s5170,TV Show,The Irregular at Magic High School,Japan,2014,TV-14,1 Season,"Anime Series, International TV Shows, Teen TV Shows",14
s5171,TV Show,The Method,Russia,2015,TV-MA,1 Season,"Crime TV Shows, International TV Shows, TV Dramas",2
s5174,TV Show,Blazing Transfer Students,Japan,2017,TV-MA,1 Season,"International TV Shows, TV Action & Adventure, TV Comedies",16
s5175,TV Show,Glitter Force Doki Doki,Japan,2017,TV-Y7,2 Seasons,"Anime Series, Kids' TV",7
s5176,TV Show,Lady Dynamite,United States,2017,TV-MA,2 Seasons,TV Comedies,11
s5179,TV Show,Fate/Apocrypha,Japan,2017,TV-MA,2 Seasons,"Anime Series, International TV Shows",14
s5181,TV Show,Project Mc²,United States,2017,TV-G,6 Seasons,Kids' TV,3
s5185,TV Show,Akulah Balqis,Unknown,2015,TV-14,1 Season,"International TV Shows, TV Dramas",13
s5186,TV Show,Alias Grace,Canada,2017,TV-MA,1 Season,"Crime TV Shows, International TV Shows, TV Dramas",2
s5192,TV Show,The Family Court,Unknown,2010,TV-MA,1 Season,"International TV Shows, TV Dramas",2
s5193,TV Show,The Golden Path,Unknown,2007,TV-MA,1 Season,"International TV Shows, TV Dramas",17
s5194,TV Show,The Little Nyonya,Unknown,2009,TV-14,1 Season,"International TV Shows, TV Dramas",13
s5195,TV Show,The Truth,Unknown,2008,TV-14,1 Season,"Crime TV Shows, International TV Shows, TV Action & Adventure",13
s5196,TV Show,Together,Singapore,2009,TV-14,1 Season,"International TV Shows, TV Dramas",13
s5201,TV Show,Beyond Stranger Things,United States,2017,TV-14,1 Season,"Stand-Up Comedy & Talk Shows, TV Mysteries, TV Sci-Fi & Fantasy",0
s5206,TV Show,The Mist,"Canada, United States",2017,TV-MA,1 Season,"TV Dramas, TV Horror, TV Mysteries",11
s5207,TV Show,W1A,United Kingdom,2017,TV-MA,3 Seasons,"British TV Shows, TV Comedies",5
s5209,TV Show,Haters Back Off,United States,2017,TV-PG,2 Seasons,"TV Comedies, Teen TV Shows",0
s5211,TV Show,The Day I Met El Chapo,United States,2017,TV-MA,1 Season,"Crime TV Shows, Docuseries, International TV Shows",16
s5216,TV Show,In Laws,Unknown,2016,TV-PG,1 Season,"International TV Shows, Romantic TV Shows, TV Dramas",13
s5217,TV Show,Laws of Attraction,Unknown,2012,TV-14,1 Season,"International TV Shows, Romantic TV Shows, TV Comedies",4
s5220,TV Show,Seven and Me,France,2017,TV-Y,1 Season,Kids' TV,8
s5222,TV Show,West Coast Customs,United States,2015,TV-G,6 Seasons,"Docuseries, Reality TV",3
s5232,TV Show,ID-0,Japan,2017,TV-PG,1 Season,"Anime Series, International TV Shows",14
s5233,TV Show,Kibaoh Klashers,China,2017,TV-Y7,2 Seasons,Kids' TV,7
s5237,TV Show,Beyblade Burst,Japan,2016,TV-Y7,1 Season,"Anime Series, Kids' TV",7
s5238,TV Show,Equestria Girls: Tales of Canterlot High,"United States, Canada",2017,TV-Y7,1 Season,"Kids' TV, TV Comedies",7
s5243,TV Show,Justice in the City,Unknown,2012,TV-14,1 Season,"International TV Shows, TV Dramas",13
s5244,TV Show,Noddy Toyland Detective,"France, United Kingdom, United States",2016,TV-Y,2 Seasons,Kids' TV,8
s5245,TV Show,Star Trek: Enterprise,United States,2004,TV-14,4 Seasons,"Classic & Cult TV, TV Action & Adventure, TV Sci-Fi & Fantasy",17
s5246,TV Show,Star Trek: Voyager,United States,2000,TV-PG,7 Seasons,"TV Action & Adventure, TV Sci-Fi & Fantasy",6
s5247,TV Show,Sudden,Singapore,2013,TV-14,1 Season,"International TV Shows, Romantic TV Shows, TV Dramas",13
s5248,TV Show,The Dream Catchers,Singapore,2009,TV-14,1 Season,"International TV Shows, Romantic TV Shows, TV Dramas",13
s5251,TV Show,What She Put on the Table,Taiwan,2017,TV-14,1 Season,"International TV Shows, TV Dramas",13
s5252,TV Show,The Royal House of Windsor,United Kingdom,2017,TV-MA,1 Season,"British TV Shows, Docuseries, International TV Shows",5
s5255,TV Show,Mak Cun,Unknown,2015,TV-PG,1 Season,"International TV Shows, TV Comedies, TV Dramas",13
s5258,TV Show,Paul Hollywood's Big Continental Road Trip,United Kingdom,2017,TV-14,1 Season,"British TV Shows, Docuseries, International TV Shows",5
s5259,TV Show,Real Rob,United States,2017,TV-MA,2 Seasons,TV Comedies,11
s5260,TV Show,Satu Hari,Unknown,2014,TV-PG,1 Season,"International TV Shows, TV Dramas",13
s5263,TV Show,Terrace House: Aloha State,"United States, Japan",2017,TV-14,4 Seasons,"International TV Shows, Reality TV",15
s5264,TV Show,Dark Matter,Canada,2017,TV-14,3 Seasons,"TV Sci-Fi & Fantasy, TV Thrillers",15
s5273,TV Show,VeggieTales in the City,United States,2017,TV-Y,2 Seasons,Kids' TV,8
s5275,TV Show,Offspring,Australia,2017,TV-MA,7 Seasons,"TV Comedies, TV Dramas",3
s5279,TV Show,Apaches,Spain,2016,TV-MA,1 Season,"Crime TV Shows, International TV Shows, Spanish-Language TV Shows",16
s5281,TV Show,Fire Chasers,United States,2017,TV-MA,1 Season,"Docuseries, Science & Nature TV",11
s5285,TV Show,No Tomorrow,United States,2016,TV-PG,1 Season,"Romantic TV Shows, TV Comedies, TV Dramas",0
s5286,TV Show,Reign,United States,2017,TV-14,4 Seasons,TV Dramas,15
s5287,TV Show,Frequency,United States,2016,TV-14,1 Season,"Crime TV Shows, TV Dramas, TV Mysteries",0
s5288,TV Show,The Vampire Diaries,United States,2016,TV-14,8 Seasons,"TV Dramas, TV Mysteries, TV Sci-Fi & Fantasy",3
s5289,TV Show,A Boy Name Flora A,Taiwan,2017,TV-MA,1 Season,"International TV Shows, TV Comedies, TV Dramas",2
s5290,TV Show,A House of Blocks,Taiwan,2017,TV-PG,1 Season,"International TV Shows, TV Dramas, TV Horror",13
s5298,TV Show,FINAL FANTASY XIV Dad of Light,Japan,2017,TV-PG,1 Season,"International TV Shows, TV Dramas",13
s5299,TV Show,Gurren Lagann,Japan,2007,TV-14,1 Season,"Anime Series, International TV Shows",14
s5300,TV Show,High Risk,United States,1988,TV-PG,1 Season,"Docuseries, Reality TV",6
s5302,TV Show,LEGO Elves: Secrets of Elvendale,United States,2017,TV-Y7,1 Season,Kids' TV,7
s5306,TV Show,Narcos,"United States, Colombia, Mexico",2017,TV-MA,3 Seasons,"Crime TV Shows, TV Action & Adventure, TV Dramas",18
s5321,TV Show,Dinotrux,United States,2017,TV-Y7,5 Seasons,Kids' TV,15
s5322,TV Show,Marvel's The Defenders,United States,2017,TV-MA,1 Season,"Crime TV Shows, TV Action & Adventure, TV Dramas",11
s5325,TV Show,20 Minutes,Turkey,2013,TV-MA,1 Season,"Crime TV Shows, International TV Shows, TV Dramas",2
s5328,TV Show,Million Yen Women,Japan,2017,TV-MA,1 Season,"Crime TV Shows, International TV Shows, TV Dramas",2
s5346,TV Show,Wet Hot American Summer: Ten Years Later,United States,2017,TV-MA,1 Season,TV Comedies,11
s5348,TV Show,Bountiful Blessings,Singapore,2011,TV-14,1 Season,"International TV Shows, TV Dramas, TV Sci-Fi & Fantasy",13
s5349,TV Show,Close Your Eyes Before It’s Dark,Taiwan,2016,TV-14,1 Season,"Crime TV Shows, International TV Shows, TV Dramas",13
s5350,TV Show,Entangled,South Korea,2014,TV-14,1 Season,"International TV Shows, TV Dramas",13
s5351,TV Show,Fartsa,Russia,2015,TV-14,1 Season,"Crime TV Shows, International TV Shows, TV Dramas",13
s5353,TV Show,"Have You Ever Fallen in Love, Miss Jiang?",Unknown,2016,TV-14,1 Season,"Crime TV Shows, International TV Shows, TV Dramas",13
s5355,TV Show,Life Plan A and B,Taiwan,2016,TV-PG,1 Season,"International TV Shows, Romantic TV Shows, TV Dramas",13
s5356,TV Show,Locust,Russia,2014,TV-MA,1 Season,"Crime TV Shows, International TV Shows, Romantic TV Shows",16
s5357,TV Show,Love Storm,Unknown,2016,TV-14,1 Season,"International TV Shows, Romantic TV Shows, TV Comedies",4
s5361,TV Show,Surviving Escobar - Alias JJ,Unknown,2017,TV-MA,1 Season,"Crime TV Shows, International TV Shows, Spanish-Language TV Shows",16
s5363,TV Show,The In-Laws,Singapore,2011,TV-14,1 Season,"International TV Shows, TV Dramas",13
s5364,TV Show,The IT Crowd,United Kingdom,2013,TV-MA,5 Seasons,"British TV Shows, Classic & Cult TV, International TV Shows",18
s5366,TV Show,Vexed,United Kingdom,2012,TV-MA,2 Seasons,"British TV Shows, Crime TV Shows, International TV Shows",5
s5367,TV Show,World War II in Colour,United Kingdom,2009,TV-MA,1 Season,"British TV Shows, Docuseries, International TV Shows",5
s5368,TV Show,Daughters of Destiny,United States,2017,TV-14,1 Season,Docuseries,9
s5373,TV Show,Ari Shaffir: Double Negative,United States,2017,TV-MA,1 Season,Stand-Up Comedy & Talk Shows,11
s5381,TV Show,Dawn of the Croods,United States,2017,TV-Y7,4 Seasons,Kids' TV,15
s5382,TV Show,Degrassi: Next Class,Canada,2017,TV-14,4 Seasons,"International TV Shows, TV Dramas, Teen TV Shows",15
s5383,TV Show,Diamond Lover,China,2015,TV-PG,1 Season,"International TV Shows, Romantic TV Shows, TV Dramas",13
s5384,TV Show,King’s War,China,2012,TV-14,1 Season,"International TV Shows, TV Dramas",13
s5385,TV Show,Qin Empire: Alliance,China,2012,TV-14,1 Season,"International TV Shows, TV Dramas",13
s5387,TV Show,The Legend of Bruce Lee,China,2008,TV-14,1 Season,"International TV Shows, TV Action & Adventure, TV Dramas",13
s5389,TV Show,46,Turkey,2016,TV-MA,1 Season,"International TV Shows, TV Dramas, TV Mysteries",2
s5391,TV Show,Against the Tide,Singapore,2014,TV-14,1 Season,"Crime TV Shows, International TV Shows, TV Dramas",13
s5393,TV Show,Barbie Life in the Dreamhouse,"United States, Canada",2012,TV-Y,1 Season,"Kids' TV, TV Comedies",8
s5394,TV Show,Breakout,Unknown,2010,TV-14,1 Season,"International TV Shows, TV Dramas",13
s5396,TV Show,Intersection,Turkey,2016,TV-MA,3 Seasons,"International TV Shows, Romantic TV Shows, TV Dramas",2
s5398,TV Show,Learning Songs by Little Baby Bum: Nursery Rhyme Friends,United Kingdom,2015,TV-Y,1 Season,"British TV Shows, Kids' TV",8
s5400,TV Show,Mystic Whispers,Singapore,2014,TV-14,1 Season,"International TV Shows, TV Dramas, TV Horror",13
s5402,TV Show,Spice Up,Unknown,2014,TV-14,1 Season,"International TV Shows, Romantic TV Shows, TV Dramas",13
s5404,TV Show,The Oath,Singapore,2011,TV-14,1 Season,"International TV Shows, Romantic TV Shows, TV Dramas",13
s5405,TV Show,The Truth Seekers,Singapore,2016,TV-MA,1 Season,"Crime TV Shows, International TV Shows, TV Dramas",2
s5406,TV Show,The Ultimatum,Singapore,2009,TV-14,1 Season,"International TV Shows, TV Dramas",13
s5407,TV Show,Unriddle,Singapore,2012,TV-14,2 Seasons,"Crime TV Shows, International TV Shows, TV Dramas",13
s5408,TV Show,World at Your Feet,Singapore,2014,TV-14,1 Season,"International TV Shows, TV Dramas",13
s5410,TV Show,Yes We Can!,Singapore,2014,TV-14,1 Season,"International TV Shows, TV Dramas",13
s5411,TV Show,Yours Fatefully,Singapore,2012,TV-14,1 Season,"International TV Shows, Romantic TV Shows, TV Comedies",4
s5413,TV Show,Criminal Minds,"United States, Canada",2017,TV-14,12 Seasons,"Crime TV Shows, TV Dramas, TV Mysteries",12
s5414,TV Show,Gypsy,"United States, United Kingdom",2017,TV-MA,1 Season,TV Dramas,11
s5415,TV Show,Little Witch Academia,Japan,2017,TV-Y7,2 Seasons,"Anime Series, International TV Shows",14
s5422,TV Show,Young & Hungry,United States,2017,TV-14,5 Seasons,TV Comedies,15
s5423,TV Show,Pac-Man and the Ghostly Adventures,"United States, Japan, Canada",2014,TV-Y7,2 Seasons,"Kids' TV, TV Comedies",7
s5426,TV Show,Aquarius,United States,2016,TV-MA,2 Seasons,"Crime TV Shows, TV Dramas",11
s5429,TV Show,World of Winx,"Italy, United States",2017,TV-Y7,2 Seasons,Kids' TV,7
s5434,TV Show,28 Moons,South Korea,2016,TV-PG,1 Season,"International TV Shows, Korean TV Shows, Romantic TV Shows",10
s5435,TV Show,Magic Phone,South Korea,2016,TV-PG,1 Season,"International TV Shows, Korean TV Shows, Romantic TV Shows",10
s5436,TV Show,Man to Man,South Korea,2017,TV-14,1 Season,"Crime TV Shows, International TV Shows, Korean TV Shows",10
s5437,TV Show,My Little Baby,South Korea,2016,TV-PG,1 Season,"Crime TV Shows, International TV Shows, Korean TV Shows",10
s5438,TV Show,Singles Villa,China,2015,TV-14,1 Season,"International TV Shows, Romantic TV Shows, TV Dramas",13
s5439,TV Show,Under the Black Moonlight,South Korea,2016,TV-14,1 Season,"International TV Shows, Korean TV Shows, TV Dramas",10
s5440,TV Show,My Only Love Song,South Korea,2017,TV-MA,1 Season,"International TV Shows, Korean TV Shows, Romantic TV Shows",10
s5445,TV Show,Crashing,United Kingdom,2016,TV-MA,1 Season,"British TV Shows, International TV Shows, Romantic TV Shows",5
s5446,TV Show,Flaked,United States,2017,TV-MA,2 Seasons,"TV Comedies, TV Dramas",11
s5458,TV Show,Mind Game,Singapore,2015,TV-14,1 Season,"Crime TV Shows, International TV Shows, TV Dramas",13
s5459,TV Show,Miniforce,Unknown,2016,TV-Y7,1 Season,"Kids' TV, Korean TV Shows",7
s5460,TV Show,Off Camera,United States,2015,TV-MA,3 Seasons,Stand-Up Comedy & Talk Shows,18
s5465,TV Show,The Day Will Come,Denmark,2016,TV-14,1 Season,"International TV Shows, TV Dramas",13
s5466,TV Show,The Dream Job,Singapore,2016,TV-14,1 Season,"International TV Shows, TV Dramas",13
s5471,TV Show,Bloodline,United States,2017,TV-MA,3 Seasons,"TV Dramas, TV Mysteries, TV Thrillers",18
s5478,TV Show,Highland: Thailand's Marijuana Awakening,Thailand,2017,TV-MA,1 Season,"Docuseries, International TV Shows",16
s5480,TV Show,The Keepers,United States,2017,TV-MA,1 Season,"Crime TV Shows, Docuseries, TV Mysteries",11
s5489,TV Show,All Hail King Julien: Exiled,Unknown,2017,TV-Y7,1 Season,"Kids' TV, TV Action & Adventure, TV Comedies",7
s5495,TV Show,Kazoops!,Australia,2017,TV-Y,3 Seasons,Kids' TV,8
s5510,TV Show,Jumping Girl,South Korea,2015,TV-14,1 Season,"International TV Shows, Korean TV Shows, Romantic TV Shows",10
s5511,TV Show,President,South Korea,2010,TV-14,1 Season,"International TV Shows, Korean TV Shows, TV Dramas",10
s5514,TV Show,What in the World Happened?,South Korea,2015,TV-14,1 Season,"International TV Shows, Korean TV Shows, Romantic TV Shows",10
s5515,TV Show,Mar de Plástico,Spain,2017,TV-MA,2 Seasons,"Crime TV Shows, International TV Shows, Spanish-Language TV Shows",16
s5520,TV Show,Fangbone,Canada,2016,TV-Y7,1 Season,"Kids' TV, TV Comedies",7
s5521,TV Show,Girlboss,United States,2017,TV-MA,1 Season,TV Comedies,11
s5522,TV Show,Hot Girls Wanted: Turned On,United States,2017,TV-MA,1 Season,Docuseries,11
s5524,TV Show,The Mr. Peabody and Sherman Show,United States,2017,TV-Y7,4 Seasons,"Kids' TV, TV Comedies",15
s5538,TV Show,The Miracle,South Korea,2016,TV-14,1 Season,"International TV Shows, Korean TV Shows, TV Dramas",10
s5539,TV Show,The Get Down,United States,2017,TV-MA,2 Seasons,TV Dramas,11
s5543,TV Show,Burned Cocoon,Turkey,2005,TV-MA,1 Season,"International TV Shows, TV Dramas",17
s5555,TV Show,Five Came Back,Unknown,2017,TV-MA,1 Season,Docuseries,11
s5556,TV Show,Hoff the Record,United Kingdom,2016,TV-MA,2 Seasons,"British TV Shows, TV Comedies",5
s5559,TV Show,Bottersnikes & Gumbles,"United States, United Kingdom, Australia",2017,TV-Y7,2 Seasons,"British TV Shows, Kids' TV",7
s5563,TV Show,Dave Chappelle,United States,2017,TV-MA,1 Season,"Stand-Up Comedy & Talk Shows, TV Comedies",11
s5564,TV Show,One-Punch Man,Japan,2015,TV-14,1 Season,"Anime Series, Crime TV Shows, International TV Shows",14
s5567,TV Show,Julie's Greenroom,United States,2017,TV-Y,1 Season,Kids' TV,8
s5568,TV Show,Outback Truckers,Australia,2015,TV-MA,3 Seasons,Reality TV,18
s5570,TV Show,Samurai Gourmet,Japan,2017,TV-PG,1 Season,"International TV Shows, TV Dramas",13
s5576,TV Show,Cheer Squad,United States,2016,TV-PG,1 Season,"Reality TV, Teen TV Shows",0
s5579,TV Show,Buddy Thunderstruck,United States,2017,TV-Y7,1 Season,"Kids' TV, TV Comedies",7
s5581,TV Show,One More Time,South Korea,2016,TV-14,1 Season,"International TV Shows, Korean TV Shows, Romantic TV Shows",10
s5584,TV Show,Love Is in the Air,United Kingdom,2010,TV-14,1 Season,"International TV Shows, TV Dramas",13
s5586,TV Show,Tong: Memories,South Korea,2016,TV-MA,1 Season,"International TV Shows, Korean TV Shows, TV Action & Adventure",10
s5592,TV Show,Legend Quest,Mexico,2017,TV-Y7,1 Season,Kids' TV,7
s5593,TV Show,The Sound of Your Heart,South Korea,2016,TV-14,1 Season,"International TV Shows, Korean TV Shows, TV Comedies",10
s5594,TV Show,Love Me As I Am,Turkey,2015,TV-PG,3 Seasons,"International TV Shows, Romantic TV Shows, TV Comedies",4
s5599,TV Show,Love for Ten: Generation of Youth,South Korea,2013,TV-14,1 Season,"International TV Shows, Korean TV Shows, Romantic TV Shows",10
s5602,TV Show,Nightmare High,South Korea,2016,TV-14,1 Season,"International TV Shows, Korean TV Shows, TV Dramas",10
s5604,TV Show,Spark,South Korea,2016,TV-PG,1 Season,"International TV Shows, Korean TV Shows, Romantic TV Shows",10
s5609,TV Show,White Nights,South Korea,2016,TV-14,1 Season,"International TV Shows, Korean TV Shows, TV Dramas",10
s5610,TV Show,Cyborg 009: Call of Justice,Japan,2017,TV-14,1 Season,"Anime Series, International TV Shows",14
s5641,TV Show,We're Lalaloopsy,United States,2017,TV-Y,1 Season,"Kids' TV, TV Comedies",8
s5651,TV Show,Star Trek: Deep Space Nine,United States,1999,TV-14,7 Seasons,"TV Action & Adventure, TV Sci-Fi & Fantasy",6
s5654,TV Show,My Runway,South Korea,2016,TV-14,1 Season,"International TV Shows, Korean TV Shows, Romantic TV Shows",10
s5655,TV Show,AJIN: Demi-Human,Japan,2016,TV-MA,2 Seasons,"Anime Series, International TV Shows",14
s5656,TV Show,Chasing Cameron,United States,2016,TV-14,1 Season,"Reality TV, Teen TV Shows",0
s5659,TV Show,Sense8,United States,2018,TV-MA,2 Seasons,"Crime TV Shows, TV Dramas, TV Mysteries",11
s5663,TV Show,Crazyhead,United Kingdom,2016,TV-MA,1 Season,"British TV Shows, International TV Shows, TV Comedies",5
s5666,TV Show,Color of Woman,South Korea,2012,TV-PG,1 Season,"International TV Shows, Korean TV Shows, Romantic TV Shows",10
s5668,TV Show,Goodbye My Wife,South Korea,2012,TV-14,1 Season,"International TV Shows, Korean TV Shows, Romantic TV Shows",10
s5669,TV Show,Happy And,South Korea,2012,TV-14,1 Season,"International TV Shows, Korean TV Shows, TV Dramas",10
s5670,TV Show,Heaven's Garden,South Korea,2011,TV-MA,1 Season,"International TV Shows, Korean TV Shows, TV Dramas",10
s5671,TV Show,Ice Fantasy,China,2016,TV-14,1 Season,"International TV Shows, TV Action & Adventure, TV Sci-Fi & Fantasy",13
s5672,TV Show,Immortal Classic,South Korea,2012,TV-14,1 Season,"International TV Shows, Korean TV Shows, TV Dramas",10
s5673,TV Show,InuYasha,Japan,2001,TV-14,2 Seasons,"Anime Series, International TV Shows",17
s5674,TV Show,K-POP Extreme Survival,South Korea,2012,TV-14,1 Season,"International TV Shows, Korean TV Shows, Romantic TV Shows",10
s5675,TV Show,Merlin,United Kingdom,2012,TV-PG,5 Seasons,"British TV Shows, International TV Shows, TV Action & Adventure",15
s5676,TV Show,Miss Panda & Mr. Hedgehog,South Korea,2012,TV-PG,1 Season,"International TV Shows, Korean TV Shows, Romantic TV Shows",10
s5678,TV Show,Tokyo Trial,"Canada, Japan, Netherlands",2017,TV-MA,1 Season,"International TV Shows, TV Dramas",2
s5681,TV Show,Captive,United Kingdom,2016,TV-MA,1 Season,"Crime TV Shows, Docuseries",5
s5684,TV Show,White Rabbit Project,United States,2016,TV-14,1 Season,"Docuseries, International TV Shows, Reality TV",9
s5685,TV Show,Miss in Kiss,Taiwan,2016,TV-14,1 Season,"International TV Shows, Romantic TV Shows, TV Comedies",4
s5687,TV Show,The Cuba Libre Story,"France, Germany",2015,TV-14,1 Season,"Docuseries, International TV Shows",9
s5691,TV Show,From Dusk Till Dawn,United States,2016,TV-MA,3 Seasons,"Classic & Cult TV, TV Action & Adventure, TV Horror",18
s5693,TV Show,Lost & Found Music Studios,Canada,2016,TV-G,2 Seasons,"Kids' TV, TV Comedies, TV Dramas",7
s5700,TV Show,Back to 1989,Taiwan,2016,TV-PG,1 Season,"International TV Shows, Romantic TV Shows, TV Comedies",4
s5701,TV Show,Bromance,Taiwan,2015,TV-PG,1 Season,"International TV Shows, Romantic TV Shows, TV Comedies",4
s5704,TV Show,Refresh Man,Taiwan,2016,TV-14,1 Season,"International TV Shows, Romantic TV Shows, TV Comedies",4
s5708,TV Show,Gilmore Girls: A Year in the Life,United States,2016,TV-14,1 Season,"TV Comedies, TV Dramas, Teen TV Shows",0
s5716,TV Show,La Niña,Colombia,2016,TV-MA,1 Season,"Crime TV Shows, International TV Shows, Spanish-Language TV Shows",16
s5717,TV Show,Paranoid,United Kingdom,2016,TV-MA,1 Season,"British TV Shows, Crime TV Shows, International TV Shows",5
s5721,TV Show,Einsatzgruppen: The Nazi Death Squads,France,2009,TV-MA,1 Season,"Docuseries, International TV Shows",17
s5723,TV Show,Case,Iceland,2015,TV-MA,1 Season,"Crime TV Shows, International TV Shows, TV Dramas",2
s5724,TV Show,Danger Mouse,United Kingdom,2016,TV-Y7,2 Seasons,"British TV Shows, Kids' TV",7
s5728,TV Show,Inborn Pair,Taiwan,2011,TV-14,1 Season,"International TV Shows, Romantic TV Shows, TV Comedies",4
s5729,TV Show,Just You,Taiwan,2013,TV-14,1 Season,"International TV Shows, Romantic TV Shows, TV Comedies",4
s5730,TV Show,Love Around,Taiwan,2013,TV-14,1 Season,"International TV Shows, Romantic TV Shows, TV Comedies",4
s5731,TV Show,Love Family,Taiwan,2013,TV-MA,1 Season,"International TV Shows, Romantic TV Shows, TV Comedies",4
s5732,TV Show,Love Me or Leave Me,Taiwan,2012,TV-14,1 Season,"International TV Shows, Romantic TV Shows, TV Comedies",4
s5733,TV Show,Love Now,Taiwan,2012,TV-14,1 Season,"International TV Shows, Romantic TV Shows, TV Comedies",4
s5742,TV Show,Trailer Park Boys: Out of the Park: Europe,Canada,2016,TV-MA,1 Season,"International TV Shows, TV Comedies",4
s5745,TV Show,Containment,United States,2016,TV-MA,1 Season,"TV Dramas, TV Thrillers",11
s5752,TV Show,DEATH NOTE,Japan,2006,TV-14,1 Season,"Anime Series, Crime TV Shows, International TV Shows",17
s5753,TV Show,Spotless,"United Kingdom, France",2015,TV-MA,1 Season,"Crime TV Shows, International TV Shows, TV Dramas",2
s5754,TV Show,Vampire Knight,Japan,2008,TV-14,2 Seasons,"Anime Series, International TV Shows, Romantic TV Shows",14
s5760,TV Show,StoryBots Super Songs,United States,2016,TV-Y,1 Season,Kids' TV,8
s5763,TV Show,Be with Me,Taiwan,2015,TV-PG,1 Season,"International TV Shows, Romantic TV Shows, TV Dramas",13
s5764,TV Show,Be with You,Taiwan,2015,TV-14,1 Season,"International TV Shows, Romantic TV Shows, TV Dramas",13
s5767,TV Show,Fall in Love with Me,Taiwan,2014,TV-14,1 Season,"International TV Shows, Romantic TV Shows, TV Comedies",4
s5769,TV Show,Love Cheque Charge,Taiwan,2014,TV-14,1 Season,"International TV Shows, Romantic TV Shows, TV Comedies",4
s5770,TV Show,Masha's Spooky Stories,"United States, Russia",2012,TV-Y,1 Season,Kids' TV,8
s5772,TV Show,Murphy's Law of Love,Taiwan,2015,TV-PG,1 Season,"International TV Shows, Romantic TV Shows, TV Comedies",4
s5775,TV Show,Old Money,United States,2015,TV-MA,1 Season,"International TV Shows, TV Comedies, TV Dramas",2
s5778,TV Show,Someone Like You,Taiwan,2015,TV-14,1 Season,"International TV Shows, Romantic TV Shows, TV Dramas",13
s5782,TV Show,When I See You Again,Taiwan,2015,TV-14,1 Season,"International TV Shows, Romantic TV Shows, TV Comedies",4
s5786,TV Show,VeggieTales in the House,United States,2016,TV-Y,4 Seasons,Kids' TV,15
s5800,TV Show,Chef's Table: France,Unknown,2016,TV-14,1 Season,Docuseries,9
s5801,TV Show,Kulipari: An Army of Frogs,United States,2016,TV-Y7,1 Season,Kids' TV,7
s5802,TV Show,Conspiracy,United Kingdom,2015,TV-14,1 Season,"British TV Shows, Docuseries",5
s5803,TV Show,Dead Set,United Kingdom,2008,TV-MA,1 Season,"British TV Shows, TV Horror, TV Thrillers",5
s5804,TV Show,Forensic Files,United States,2011,TV-MA,9 Seasons,"Crime TV Shows, Docuseries, Science & Nature TV",3
s5806,TV Show,The Fierce Wife,Taiwan,2010,TV-MA,1 Season,"International TV Shows, Romantic TV Shows, TV Dramas",2
s5807,TV Show,Witches: A Century of Murder,United Kingdom,2015,TV-14,1 Season,"British TV Shows, Crime TV Shows, Docuseries",5
s5808,TV Show,Glitter Force,Japan,2016,TV-Y7,2 Seasons,"Anime Series, Kids' TV",7
s5812,TV Show,Behind Enemy Lines,United States,2001,TV-14,1 Season,"British TV Shows, Docuseries",17
s5813,TV Show,Caught on Camera,United Kingdom,2015,TV-MA,3 Seasons,"British TV Shows, Crime TV Shows, Docuseries",5
s5823,TV Show,Cocaine,United Kingdom,2005,TV-14,1 Season,"British TV Shows, Crime TV Shows, Docuseries",17
s5824,TV Show,Edge of the Universe,United Kingdom,2008,TV-G,1 Season,"British TV Shows, Docuseries, Science & Nature TV",5
s5826,TV Show,La Esclava Blanca,Colombia,2016,TV-MA,1 Season,"International TV Shows, Spanish-Language TV Shows, TV Dramas",2
s5828,TV Show,LEGO Bionicle: The Journey to One,United States,2016,TV-Y7,2 Seasons,Kids' TV,7
s5830,TV Show,Popples,"United States, France",2016,TV-Y,3 Seasons,Kids' TV,8
s5835,TV Show,Kuromukuro,Japan,2016,TV-14,2 Seasons,"Anime Series, International TV Shows",14
s5837,TV Show,Marco Polo,United States,2016,TV-MA,2 Seasons,"TV Action & Adventure, TV Dramas",11
s5839,TV Show,Justin Time GO!,Unknown,2016,TV-Y,1 Season,Kids' TV,8
s5844,TV Show,Hibana: Spark,Japan,2016,TV-MA,1 Season,"International TV Shows, TV Dramas",2
s5845,TV Show,72 Cutest Animals,Australia,2016,TV-PG,1 Season,"Docuseries, International TV Shows, Science & Nature TV",9
s5846,TV Show,72 Dangerous Places to Live,Australia,2016,TV-PG,1 Season,"Docuseries, International TV Shows, Science & Nature TV",9
s5854,TV Show,Cyborg 009 VS Devilman,"Japan, United States",2015,TV-MA,1 Season,"Anime Series, International TV Shows",14
s5856,TV Show,Justin Time,Canada,2012,TV-Y,2 Seasons,Kids' TV,8
s5857,TV Show,Terrace House: Boys & Girls in the City,Japan,2016,TV-14,2 Seasons,"International TV Shows, Reality TV",1
s5863,TV Show,Netflix Presents: The Characters,United States,2016,TV-MA,1 Season,TV Comedies,11
s5864,TV Show,Your lie in April,Japan,2014,TV-14,1 Season,"Anime Series, International TV Shows, Romantic TV Shows",14
s5867,TV Show,Cooked,United States,2016,TV-14,1 Season,Docuseries,9
s5868,TV Show,Care Bears & Cousins,United States,2016,TV-Y,2 Seasons,Kids' TV,8
s5870,TV Show,Turbo FAST,United States,2016,TV-Y7,3 Seasons,Kids' TV,7
s5871,TV Show,Masha's Tales,Unknown,2012,TV-Y,1 Season,Kids' TV,8
s5872,TV Show,Chelsea Does,United States,2016,TV-MA,1 Season,"Docuseries, Science & Nature TV",11
s5878,TV Show,Sammy & Co,France,2014,TV-Y,1 Season,"Kids' TV, TV Comedies",8
s5883,TV Show,Atelier,Japan,2015,TV-PG,1 Season,"International TV Shows, TV Dramas",13
s5886,TV Show,W/ Bob & David,United States,2015,TV-MA,1 Season,TV Comedies,11
s5889,TV Show,Hemlock Grove,United States,2015,TV-MA,3 Seasons,"TV Horror, TV Mysteries, TV Thrillers",18
s5896,TV Show,Wakfu: The Quest for the Six Eliatrope Dofus,Unknown,2014,TV-PG,1 Season,Kids' TV,7
s5901,TV Show,Wet Hot American Summer,United States,2015,TV-MA,1 Season,TV Comedies,11
s5903,TV Show,H2O: Mermaid Adventures,"Germany, Australia, France, China",2015,TV-Y7,2 Seasons,Kids' TV,7
s5909,TV Show,Danger Mouse: Classic Collection,United Kingdom,1992,TV-Y,10 Seasons,"British TV Shows, Kids' TV, TV Comedies",6
s5915,TV Show,Oscar's Oasis,France,2011,TV-Y,1 Season,Kids' TV,8
s5923,TV Show,Lilyhammer,"Norway, United States",2014,TV-MA,3 Seasons,"Crime TV Shows, TV Comedies, TV Dramas",18
s5924,TV Show,Goosebumps,Canada,1998,TV-G,5 Seasons,"Kids' TV, TV Thrillers",6
s5934,TV Show,The Borgias,"United States, Hungary, Ireland, Canada",2013,TV-MA,3 Seasons,TV Dramas,18
s5940,TV Show,The 4400,"United States, United Kingdom",2007,TV-14,4 Seasons,"TV Dramas, TV Mysteries, TV Sci-Fi & Fantasy",15
s5941,TV Show,Breaking Bad,United States,2013,TV-MA,5 Seasons,"Crime TV Shows, TV Dramas, TV Thrillers",18
s5965,TV Show,Feb-09,Unknown,2018,TV-14,1 Season,"International TV Shows, TV Dramas",13
s5975,TV Show,แผนร้ายนายเจ้าเล่ห์,Unknown,2016,TV-14,1 Season,"International TV Shows, Romantic TV Shows, TV Comedies",4
s5979,TV Show,Şubat,Turkey,2013,TV-MA,1 Season,"Crime TV Shows, International TV Shows, TV Dramas",2
s5985,TV Show,100% Hotter,United Kingdom,2017,TV-14,1 Season,"British TV Shows, International TV Shows, Reality TV",5
s5987,TV Show,12 Years Promise,South Korea,2014,TV-14,1 Season,"International TV Shows, Korean TV Shows, Romantic TV Shows",10
s6002,TV Show,21 Sarfarosh: Saragarhi 1897,India,2018,TV-14,1 Season,"International TV Shows, TV Dramas",13
s6025,TV Show,7 (Seven),India,2019,TV-14,1 Season,TV Shows,0
s6027,TV Show,9 Months That Made You,United States,2016,TV-PG,1 Season,"British TV Shows, Docuseries, Science & Nature TV",9
s6038,TV Show,A Good Wife,Taiwan,2013,TV-14,1 Season,"International TV Shows, Romantic TV Shows, TV Dramas",13
s6045,TV Show,A Man Called God,South Korea,2010,TV-14,1 Season,"Crime TV Shows, International TV Shows, Korean TV Shows",10
s6067,TV Show,A Young Doctor's Notebook and Other Stories,United Kingdom,2013,TV-MA,2 Seasons,"British TV Shows, TV Comedies, TV Dramas",5
s6068,TV Show,A.D. Kingdom and Empire,United States,2015,TV-14,1 Season,TV Dramas,0
s6080,TV Show,Abnormal Summit,South Korea,2017,TV-PG,2 Seasons,"International TV Shows, Korean TV Shows, Stand-Up Comedy & Talk Shows",10
s6090,TV Show,Adam Ruins Everything,United States,2018,TV-14,1 Season,TV Comedies,0
s6095,TV Show,Africa,United Kingdom,2013,TV-PG,1 Season,"British TV Shows, Docuseries, International TV Shows",5
s6101,TV Show,Age Gap Love,United Kingdom,2017,TV-MA,1 Season,"British TV Shows, Reality TV, Romantic TV Shows",5
s6102,TV Show,Age of Glory,Unknown,2010,TV-MA,2 Seasons,"International TV Shows, Romantic TV Shows, TV Dramas",2
s6103,TV Show,Agent Raghav,India,2015,TV-14,1 Season,"Crime TV Shows, International TV Shows, TV Action & Adventure",13
s6106,TV Show,Ainsley Eats the Streets,United Kingdom,2014,TV-PG,1 Season,"British TV Shows, Docuseries, International TV Shows",5
s6127,TV Show,Alphablocks,United Kingdom,2014,TV-Y,5 Seasons,Kids' TV,15
s6133,TV Show,America's Book of Secrets,United States,2014,TV-14,1 Season,Docuseries,9
s6138,TV Show,American Crime,United States,2017,TV-MA,3 Seasons,"Crime TV Shows, TV Dramas",18
s6140,TV Show,American Experience: The Circus,United States,2018,TV-PG,1 Season,Docuseries,9
s6147,TV Show,American Odyssey,United States,2015,TV-14,1 Season,"TV Dramas, TV Thrillers",0
s6157,TV Show,An Innocent Mistake,Taiwan,2012,TV-14,1 Season,"International TV Shows, Romantic TV Shows, TV Dramas",13
s6162,TV Show,Ancient Aliens,United States,2018,TV-14,1 Season,"Docuseries, Science & Nature TV",9
s6167,TV Show,Anjaan: Rural Myths,India,2018,TV-14,1 Season,"International TV Shows, TV Horror, TV Thrillers",13
s6168,TV Show,Anjaan: Special Crimes Unit,India,2018,TV-14,1 Season,"International TV Shows, TV Horror, TV Mysteries",13
s6175,TV Show,Anthony Bourdain: Parts Unknown,United States,2018,TV-PG,5 Seasons,Docuseries,15
s6178,TV Show,忍者ハットリくん,Japan,2012,TV-Y7,2 Seasons,"Anime Series, Kids' TV",7
s6195,TV Show,Atomic Puppet,"Canada, France",2016,TV-Y7,1 Season,"Crime TV Shows, Kids' TV, TV Comedies",7
s6199,TV Show,Aussie Gold Hunters,Australia,2016,TV-MA,1 Season,"Docuseries, International TV Shows, Reality TV",1
s6214,TV Show,Bad Education,United Kingdom,2014,TV-MA,3 Seasons,"British TV Shows, TV Comedies",5
s6217,TV Show,Badalte Rishton Ki Dastaan,India,2013,TV-14,1 Season,"International TV Shows, TV Dramas",13
s6220,TV Show,Bala Loca,Chile,2016,TV-MA,1 Season,"International TV Shows, Spanish-Language TV Shows, TV Dramas",2
s6229,TV Show,Bangkok Bachelors,Unknown,2016,TV-MA,1 Season,"International TV Shows, Romantic TV Shows, TV Comedies",4
s6250,TV Show,Bat Pat,Italy,2016,TV-Y,1 Season,Kids' TV,8
s6251,TV Show,Bates Motel,United States,2017,TV-MA,5 Seasons,"Crime TV Shows, TV Dramas, TV Horror",18
s6253,TV Show,Battle Creek,United States,2015,TV-14,1 Season,"Crime TV Shows, TV Comedies, TV Dramas",0
s6254,TV Show,Battlefield Recovery,United Kingdom,2016,TV-PG,1 Season,"British TV Shows, Docuseries, Reality TV",5
s6259,TV Show,Be-Be-Bears,Russia,2018,TV-Y,1 Season,Kids' TV,8
s6263,TV Show,Beast Legends,Canada,2010,TV-PG,1 Season,Docuseries,9
s6264,TV Show,Beating Again,South Korea,2015,TV-14,1 Season,"International TV Shows, Korean TV Shows, Romantic TV Shows",10
s6265,TV Show,Beauty & the Beast,Canada,2016,TV-14,4 Seasons,"Crime TV Shows, Romantic TV Shows, TV Dramas",15
s6266,TV Show,Beauty and the Bitches,Unknown,2016,TV-MA,2 Seasons,"International TV Shows, Romantic TV Shows, TV Comedies",4
s6276,TV Show,Behind the Newsroom,Unknown,2015,TV-MA,1 Season,"International TV Shows, Romantic TV Shows, TV Dramas",2
s6277,TV Show,Behzat Ç.,Turkey,2010,TV-MA,1 Season,"Crime TV Shows, International TV Shows, TV Dramas",2
s6280,TV Show,Being Mary Jane: The Series,United States,2016,TV-14,4 Seasons,"Romantic TV Shows, TV Dramas",15
s6282,TV Show,Ben 10,United States,2016,TV-Y7,1 Season,Kids' TV,7
s6292,TV Show,Beyblade: Metal Fusion,Japan,2009,TV-Y7,1 Season,"Anime Series, Kids' TV",17
s6295,TV Show,Bh Se Bhade,India,2013,TV-PG,1 Season,"International TV Shows, TV Comedies",4
s6296,TV Show,Bhaage Re Mann,India,2015,TV-14,1 Season,"International TV Shows, Romantic TV Shows, TV Dramas",13
s6302,TV Show,Big Bad Beetleborgs,"United States, France, Japan",1997,TV-G,2 Seasons,"Kids' TV, TV Comedies",17
s6305,TV Show,"Big Dreams, Small Spaces",United Kingdom,2017,TV-G,3 Seasons,"British TV Shows, International TV Shows, Reality TV",5
s6319,TV Show,Bitten,Canada,2016,TV-MA,3 Seasons,"International TV Shows, TV Dramas, TV Horror",2
s6320,TV Show,Bitter Daisies,Spain,2018,TV-MA,1 Season,"Crime TV Shows, International TV Shows, TV Dramas",2
s6324,TV Show,Black Heart,Turkey,2014,TV-14,1 Season,"Crime TV Shows, International TV Shows, TV Dramas",13
s6336,TV Show,Blood & Treasures,Thailand,2016,TV-14,1 Season,"International TV Shows, TV Dramas, TV Sci-Fi & Fantasy",13
s6342,TV Show,Blue Planet II,United Kingdom,2017,TV-G,1 Season,"British TV Shows, Docuseries, Science & Nature TV",5
s6348,TV Show,Bob Ross: Beauty Is Everywhere,Unknown,1991,TV-G,1 Season,TV Shows,17
s6358,TV Show,Bondi Rescue,Australia,2016,TV-PG,1 Season,Reality TV,1
s6361,TV Show,Border Patrol,Unknown,2016,TV-PG,1 Season,Reality TV,1
s6362,TV Show,Borderline,United Kingdom,2017,TV-14,2 Seasons,"British TV Shows, TV Comedies",5
s6365,TV Show,Botched Up Bodies,United Kingdom,2013,TV-MA,1 Season,"British TV Shows, Docuseries, International TV Shows",5
s6369,TV Show,Brain Games,United States,2016,TV-G,3 Seasons,"Docuseries, Science & Nature TV",9
s6372,TV Show,Brave Miss World,"United States, Israel, Italy, South Africa",2013,TV-14,1 Season,"Crime TV Shows, Docuseries",9
s6374,TV Show,Braxton Family Values,United States,2014,TV-PG,2 Seasons,Reality TV,0
s6379,TV Show,Bringing Sexy Back,Unknown,2015,TV-14,1 Season,"International TV Shows, Reality TV",1
s6382,TV Show,Brown Nation,United States,2016,TV-14,1 Season,TV Comedies,0
s6386,TV Show,Buddha,Unknown,2013,TV-PG,1 Season,"International TV Shows, TV Dramas",13
s6390,TV Show,"Bure Kaam Bura Natija, Kyun Bhai Chacha Haan Bhatija",Unknown,2017,TV-PG,1 Season,Kids' TV,7
s6394,TV Show,Burnistoun,United Kingdom,2012,TV-MA,2 Seasons,"British TV Shows, TV Comedies",5
s6399,TV Show,Cabins in the Wild with Dick Strawbridge,United Kingdom,2017,TV-PG,1 Season,"British TV Shows, International TV Shows, Reality TV",5
s6402,TV Show,Cain and Abel,South Korea,2009,TV-MA,1 Season,"International TV Shows, Korean TV Shows, Romantic TV Shows",10
s6405,TV Show,Calico Critters,Unknown,2018,TV-Y,1 Season,Kids' TV,8
s6408,TV Show,Call Me Francis,Italy,2016,TV-14,1 Season,"International TV Shows, Spanish-Language TV Shows, TV Dramas",13
s6409,TV Show,Camelia la Texana,"Mexico, United States",2014,TV-14,1 Season,"Crime TV Shows, Romantic TV Shows, Spanish-Language TV Shows",0
s6412,TV Show,Camp X,Canada,2014,TV-MA,1 Season,Docuseries,11
s6414,TV Show,Can We Get Married?,South Korea,2012,TV-14,1 Season,"International TV Shows, Korean TV Shows, Romantic TV Shows",10
s6417,TV Show,Cannabis,France,2016,TV-MA,1 Season,"Crime TV Shows, International TV Shows, TV Dramas",2
s6421,TV Show,Care Bears: Welcome to Care-a-Lot,United States,2012,TV-Y,1 Season,Kids' TV,8
s6427,TV Show,Case Closed,Japan,2015,TV-14,1 Season,"Anime Series, Crime TV Shows, TV Thrillers",14
s6431,TV Show,Castle of Stars,Unknown,2015,TV-MA,1 Season,"International TV Shows, Romantic TV Shows, TV Comedies",4
s6452,TV Show,Chasing Monsters,Canada,2016,TV-PG,2 Seasons,"Docuseries, Reality TV, Science & Nature TV",9
s6456,TV Show,Cheapest Weddings,Australia,2016,TV-14,1 Season,"International TV Shows, Reality TV",1
s6457,TV Show,Cheers,United States,1992,TV-PG,11 Seasons,"Classic & Cult TV, TV Comedies",6
s6458,TV Show,Chef & My Fridge,South Korea,2017,TV-PG,2 Seasons,"International TV Shows, Korean TV Shows, Reality TV",10
s6460,TV Show,Chewin' the Fat,United Kingdom,1999,TV-14,1 Season,"British TV Shows, TV Comedies",17
s6461,TV Show,Chewing Gum,United Kingdom,2017,TV-MA,2 Seasons,"British TV Shows, International TV Shows, Romantic TV Shows",5
s6470,TV Show,Chill with Bob Ross,Unknown,1994,TV-G,1 Season,TV Shows,17
s6478,TV Show,Christiane Amanpour: Sex & Love Around the World,United States,2018,TV-MA,1 Season,Docuseries,11
s6484,TV Show,Chuck Chicken,Malaysia,2017,TV-Y7,1 Season,Kids' TV,7
s6488,TV Show,City in the Sky,United Kingdom,2016,TV-PG,1 Season,"British TV Shows, Docuseries, Science & Nature TV",5
s6491,TV Show,Civilizations,United Kingdom,2018,TV-14,1 Season,"British TV Shows, Docuseries",5
s6496,TV Show,Classic Legends,India,2012,TV-PG,1 Season,"Docuseries, International TV Shows",9
s6499,TV Show,Click for Murder,United Kingdom,2017,TV-14,1 Season,"British TV Shows, Crime TV Shows, Docuseries",5
s6505,TV Show,Club Friday The Series 6,Unknown,2015,TV-MA,9 Seasons,"International TV Shows, Romantic TV Shows, TV Dramas",3
s6506,TV Show,Club Friday The Series 7,Unknown,2016,TV-MA,7 Seasons,"International TV Shows, Romantic TV Shows, TV Dramas",3
s6507,TV Show,Club Friday The Series 8,Unknown,2017,TV-MA,8 Seasons,"International TV Shows, Romantic TV Shows, TV Comedies",3
s6508,TV Show,Club Friday To Be Continued - Friend & Enemy,Unknown,2016,TV-MA,1 Season,"International TV Shows, Romantic TV Shows, TV Dramas",2
s6509,TV Show,Club Friday To Be Continued - My Beautiful Tomboy,Unknown,2016,TV-MA,1 Season,"International TV Shows, Romantic TV Shows, TV Comedies",4
s6510,TV Show,Club Friday To Be Continued - The Promise,Unknown,2016,TV-MA,1 Season,"International TV Shows, Romantic TV Shows, TV Dramas",2
s6514,TV Show,Cold Case Files,United States,2017,TV-14,1 Season,"Crime TV Shows, Docuseries",9
s6515,TV Show,Cold Case Files Classic,United States,1999,TV-MA,1 Season,"Crime TV Shows, Docuseries",17
s6520,TV Show,Comedy Bang! Bang!,United States,2016,TV-14,5 Seasons,"Stand-Up Comedy & Talk Shows, TV Comedies",15
s6521,TV Show,Comedy High School,Unknown,2018,TV-14,1 Season,"International TV Shows, TV Comedies",4
s6525,TV Show,Conan Without Borders,United States,2018,TV-14,1 Season,"Docuseries, TV Comedies",9
s6533,TV Show,Cooking on High,United States,2018,TV-MA,1 Season,Reality TV,11
s6539,TV Show,Court Justice,Australia,2017,TV-MA,1 Season,"Crime TV Shows, Docuseries, International TV Shows",16
s6543,TV Show,Crime Time,France,2017,TV-MA,1 Season,"Crime TV Shows, International TV Shows, TV Action & Adventure",16
s6550,TV Show,Dad's Army,United Kingdom,1977,TV-PG,10 Seasons,"British TV Shows, Classic & Cult TV, TV Comedies",6
s6557,TV Show,Dance Academy,Australia,2013,TV-PG,1 Season,"International TV Shows, Romantic TV Shows, TV Dramas",13
s6560,TV Show,Dandy,Mexico,2016,TV-MA,1 Season,"Crime TV Shows, International TV Shows, Spanish-Language TV Shows",16
s6561,TV Show,Dangerous Roads,United Kingdom,2012,TV-MA,2 Seasons,"British TV Shows, Docuseries",5
s6569,TV Show,Darr Sabko Lagta Hai,India,2015,TV-MA,1 Season,"International TV Shows, TV Horror, TV Thrillers",16
s6572,TV Show,Day and Night,China,2017,TV-MA,1 Season,"Crime TV Shows, International TV Shows, TV Dramas",2
s6573,TV Show,Days We Stared at the Sun,Taiwan,2017,TV-MA,2 Seasons,"International TV Shows, TV Dramas",2
s6587,TV Show,Deep Undercover Collection,United States,2017,TV-MA,3 Seasons,"Crime TV Shows, Docuseries",18
s6588,TV Show,Deep Water,Australia,2016,TV-MA,1 Season,"Crime TV Shows, International TV Shows, TV Dramas",2
s6602,TV Show,Devlok with Devdutt Pattanaik,India,2017,TV-PG,1 Season,International TV Shows,1
s6604,TV Show,Dexter,United States,2013,TV-MA,8 Seasons,"Crime TV Shows, TV Dramas, TV Mysteries",3
s6612,TV Show,Dinner for Five,United States,2007,TV-MA,1 Season,Stand-Up Comedy & Talk Shows,17
s6614,TV Show,Dino Hunt,Canada,2016,TV-G,1 Season,"Docuseries, Science & Nature TV",9
s6619,TV Show,Diva Brides,Unknown,2017,TV-MA,1 Season,"British TV Shows, Reality TV",1
s6636,TV Show,Doomsday Preppers,United States,2013,TV-14,1 Season,"Reality TV, Science & Nature TV",0
s6647,TV Show,Dramaworld,"United States, South Korea, China",2016,TV-14,1 Season,"Romantic TV Shows, TV Comedies, TV Dramas",0
s6652,TV Show,"Drugs, Inc.",United States,2015,TV-MA,1 Season,"Crime TV Shows, Docuseries",11
s6653,TV Show,Dueños del paraíso,"United States, Chile",2015,TV-14,1 Season,"Crime TV Shows, International TV Shows, Spanish-Language TV Shows",13
s6659,TV Show,Earth to Luna!,Brazil,2014,TV-Y,1 Season,Kids' TV,8
s6660,TV Show,Earth's Natural Wonders,United Kingdom,2015,TV-PG,1 Season,"British TV Shows, Docuseries, Science & Nature TV",5
s6661,TV Show,Earth's Natural Wonders: Life at the Extremes,Unknown,2018,TV-14,1 Season,"British TV Shows, Docuseries, Science & Nature TV",9
s6664,TV Show,Easy Fortune Happy Life,Taiwan,2009,TV-MA,1 Season,"International TV Shows, Romantic TV Shows, TV Comedies",4
s6672,TV Show,El Barco,Spain,2013,NR,3 Seasons,"International TV Shows, Romantic TV Shows, Spanish-Language TV Shows",4
s6673,TV Show,El Cartel,Colombia,2008,TV-MA,1 Season,"Crime TV Shows, International TV Shows, Spanish-Language TV Shows",16
s6674,TV Show,El Cartel 2,Colombia,2010,TV-MA,1 Season,"Crime TV Shows, International TV Shows, Spanish-Language TV Shows",16
s6675,TV Show,El Chavo,Mexico,1979,TV-PG,1 Season,"Classic & Cult TV, Kids' TV, Spanish-Language TV Shows",6
s6677,TV Show,El Clon,United States,2010,TV-14,1 Season,"Romantic TV Shows, Spanish-Language TV Shows, TV Dramas",13
s6679,TV Show,El Vato,United States,2017,TV-MA,2 Seasons,"International TV Shows, Spanish-Language TV Shows, TV Comedies",16
s6691,TV Show,Emogenius,United States,2017,TV-PG,1 Season,Reality TV,0
s6694,TV Show,Encerrados,Unknown,2018,TV-MA,1 Season,"International TV Shows, Spanish-Language TV Shows, TV Comedies",16
s6696,TV Show,Encounters with Evil,United Kingdom,2016,TV-14,1 Season,"British TV Shows, Crime TV Shows, Docuseries",5
s6698,TV Show,Enemigo íntimo,Unknown,2018,TV-MA,1 Season,"Crime TV Shows, Spanish-Language TV Shows, TV Dramas",16
s6710,TV Show,Eurovision Song Contest,Unknown,2019,TV-PG,1 Season,International TV Shows,1
s6715,TV Show,Everyday Miracles,United Kingdom,2014,TV-PG,1 Season,"British TV Shows, Docuseries, International TV Shows",5
s6718,TV Show,Ex-Boyfriend,China,2011,TV-14,1 Season,"International TV Shows, Romantic TV Shows, TV Comedies",4
s6719,TV Show,Exclusive Edition,Unknown,2008,TV-14,1 Season,"International TV Shows, TV Dramas",13
s6725,TV Show,Extras,"United Kingdom, United States",2006,TV-MA,2 Seasons,"British TV Shows, TV Comedies",17
s6729,TV Show,Ezel,Turkey,2009,TV-14,1 Season,"Crime TV Shows, International TV Shows, TV Dramas",13
s6732,TV Show,Fairy Tail,Japan,2009,TV-MA,1 Season,"Anime Series, International TV Shows",14
s6733,TV Show,Fake or Fortune?,United Kingdom,2015,TV-G,1 Season,"British TV Shows, Crime TV Shows, Docuseries",5
s6742,TV Show,Fatal Destiny,Unknown,2016,TV-MA,1 Season,"Crime TV Shows, International TV Shows, TV Action & Adventure",16
s6743,TV Show,Father Brown,United Kingdom,2017,TV-14,6 Seasons,"British TV Shows, Crime TV Shows, TV Dramas",3
s6745,TV Show,Fear Files... Har Mod Pe Darr,India,2015,TV-MA,1 Season,"International TV Shows, TV Horror, TV Thrillers",16
s6751,TV Show,Filinta,Turkey,2015,TV-14,2 Seasons,"Crime TV Shows, International TV Shows, TV Action & Adventure",13
s6764,TV Show,Fit for Fashion,Unknown,2015,TV-14,2 Seasons,"International TV Shows, Reality TV",1
s6767,TV Show,Fix It and Finish It,United States,2014,TV-G,3 Seasons,Reality TV,15
s6771,TV Show,Flowering Heart,South Korea,2016,TV-Y7,1 Season,"Kids' TV, Korean TV Shows",7
s6774,TV Show,Food: Delicious Science,Unknown,2017,TV-PG,1 Season,"Docuseries, Science & Nature TV",9
s6775,TV Show,Footprints in the Sand,United States,2011,TV-14,1 Season,"International TV Shows, TV Dramas",13
s6783,TV Show,For the Win,United States,2017,TV-14,1 Season,Reality TV,0
s6786,TV Show,Forces of Nature,United Kingdom,2016,TV-PG,1 Season,"British TV Shows, Docuseries, Science & Nature TV",5
s6789,TV Show,Forget Me Not,United Kingdom,2011,TV-MA,1 Season,"International TV Shows, TV Dramas",2
s6792,TV Show,Four Seasons in Havana,"Spain, Cuba",2016,TV-MA,1 Season,"Crime TV Shows, International TV Shows, Spanish-Language TV Shows",16
s6796,TV Show,Frasier,United States,2003,TV-PG,11 Seasons,"Classic & Cult TV, TV Comedies",12
s6804,TV Show,Friday Night Tykes,United States,2017,TV-PG,4 Seasons,"Docuseries, Reality TV",15
s6807,TV Show,Friends,United States,2003,TV-14,10 Seasons,"Classic & Cult TV, TV Comedies",12
s6811,TV Show,Frozen Planet,"United Kingdom, United States, Spain, Germany, Greece, Canada",2011,TV-PG,1 Season,"British TV Shows, Docuseries, International TV Shows",5
s6821,TV Show,Gabru: Hip Hop Revolution,India,2018,TV-14,1 Season,"International TV Shows, TV Dramas",13
s6823,TV Show,Galavant,United States,2016,TV-PG,2 Seasons,"TV Action & Adventure, TV Comedies",0
s6825,TV Show,Game Winning Hit,Taiwan,2009,TV-MA,1 Season,"International TV Shows, TV Comedies, TV Dramas",2
s6826,TV Show,Gangs of Hassepur,India,2014,TV-PG,1 Season,"International TV Shows, Stand-Up Comedy & Talk Shows, TV Comedies",4
s6835,TV Show,Genius of the Ancient World,United Kingdom,2015,TV-PG,1 Season,"British TV Shows, Docuseries, International TV Shows",5
s6836,TV Show,Genius of the Modern World,United Kingdom,2016,TV-PG,1 Season,"British TV Shows, Docuseries, International TV Shows",5
s6837,TV Show,Gentlemen and Gangsters,Sweden,2016,TV-MA,1 Season,"Crime TV Shows, International TV Shows, Romantic TV Shows",16
s6839,TV Show,Geronimo Stilton,"Italy, Canada, France",2011,TV-Y,1 Season,"Kids' TV, TV Comedies",8
s6842,TV Show,Get Shorty,United States,2017,TV-MA,1 Season,"Crime TV Shows, TV Comedies, TV Dramas",11
s6850,TV Show,Ghost Town Gold,United States,2012,TV-14,1 Season,Reality TV,0
s6858,TV Show,Glowing Embers,Unknown,2010,TV-14,1 Season,"International TV Shows, TV Dramas",13
s6869,TV Show,Goldie & Bear,United States,2017,TV-Y,2 Seasons,Kids' TV,8
s6872,TV Show,Gomorrah,"Italy, Germany",2016,TV-MA,2 Seasons,"Crime TV Shows, International TV Shows, TV Dramas",2
s6874,TV Show,Gonul,Turkey,2015,TV-14,1 Season,"International TV Shows, TV Dramas, TV Thrillers",13
s6886,TV Show,Gossip Girl,United States,2012,TV-14,6 Seasons,"TV Dramas, Teen TV Shows",3
s6890,TV Show,Grand Designs,United Kingdom,2017,TV-14,2 Seasons,"British TV Shows, International TV Shows, Reality TV",5
s6891,TV Show,Grand Hotel,Spain,2013,TV-PG,3 Seasons,"International TV Shows, Romantic TV Shows, Spanish-Language TV Shows",4
s6895,TV Show,Great Interior Design Challenge,United Kingdom,2016,TV-PG,2 Seasons,"British TV Shows, International TV Shows, Reality TV",5
s6896,TV Show,Great Yellowstone Thaw,United Kingdom,2017,TV-PG,1 Season,"Docuseries, Science & Nature TV",9
s6902,TV Show,Gunslinger Girl,Japan,2008,TV-14,2 Seasons,"Anime Series, Crime TV Shows",14
s6907,TV Show,Ha Unlimited,Unknown,2016,TV-MA,2 Seasons,"International TV Shows, TV Comedies",16
s6918,TV Show,Hannibal,United States,2015,TV-MA,3 Seasons,"TV Horror, TV Mysteries, TV Thrillers",18
s6920,TV Show,Happy 300 Days,Taiwan,2013,TV-14,1 Season,"International TV Shows, Romantic TV Shows, TV Comedies",4
s6923,TV Show,Happy Valley,United Kingdom,2016,TV-MA,2 Seasons,"British TV Shows, Crime TV Shows, International TV Shows",5
s6924,TV Show,Happyish,United States,2015,TV-MA,1 Season,"TV Comedies, TV Dramas",11
s6931,TV Show,Harold Shipman - Driven to Kill,United Kingdom,2014,TV-14,1 Season,"British TV Shows, Crime TV Shows, Docuseries",5
s6933,TV Show,Harry & Bunnie,Malaysia,2017,TV-Y7,1 Season,"Kids' TV, TV Comedies",7
s6936,TV Show,Hart of Dixie,United States,2014,TV-PG,4 Seasons,"TV Comedies, TV Dramas",15
s6938,TV Show,Hati Perempuan,Indonesia,2015,TV-14,1 Season,"International TV Shows, Romantic TV Shows, TV Dramas",13
s6942,TV Show,Haven,"Canada, United States",2015,TV-14,5 Seasons,"Classic & Cult TV, TV Horror, TV Mysteries",15
s6952,TV Show,Heavy Rescue: 401,Canada,2018,TV-MA,2 Seasons,"International TV Shows, Reality TV",1
s6954,TV Show,Helix,"United States, Canada",2015,TV-MA,1 Season,"TV Horror, TV Mysteries, TV Sci-Fi & Fantasy",11
s6956,TV Show,Hell on Wheels,"Canada, United Kingdom",2016,TV-14,5 Seasons,"Crime TV Shows, TV Action & Adventure",15
s6964,TV Show,Herrens veje,Denmark,2018,TV-MA,2 Seasons,"International TV Shows, TV Dramas",2
s6966,TV Show,Hidden Singer,South Korea,2015,TV-Y7,1 Season,"International TV Shows, Korean TV Shows, Reality TV",10
s6970,TV Show,Highway Thru Hell,Canada,2016,TV-PG,3 Seasons,Reality TV,1
s6971,TV Show,Highway to Heaven,United States,1988,TV-PG,5 Seasons,TV Dramas,6
s6972,TV Show,Hinterland,United Kingdom,2016,TV-14,3 Seasons,"British TV Shows, Crime TV Shows, International TV Shows",5
s6975,TV Show,Historia de un clan,Argentina,2015,TV-MA,1 Season,"Crime TV Shows, International TV Shows, Spanish-Language TV Shows",16
s6977,TV Show,History's Greatest Hoaxes,Australia,2016,TV-PG,1 Season,"British TV Shows, Docuseries",9
s6982,TV Show,Hogie the Globehopper,United States,2016,TV-Y,1 Season,Kids' TV,8
s6997,TV Show,Hormones,Thailand,2015,TV-MA,3 Seasons,"International TV Shows, Romantic TV Shows, TV Dramas",2
s6999,TV Show,Horror Homes,United Kingdom,2016,TV-14,1 Season,"British TV Shows, Docuseries, International TV Shows",5
s7007,TV Show,Hotel Beau Séjour,Belgium,2017,TV-14,1 Season,"Crime TV Shows, International TV Shows, TV Dramas",13
s7018,TV Show,How to Live Mortgage Free with Sarah Beeny,Unknown,2018,TV-MA,1 Season,"British TV Shows, International TV Shows, Reality TV",1
s7025,TV Show,Humsafar,Pakistan,2011,TV-PG,1 Season,"International TV Shows, Romantic TV Shows, TV Dramas",13
s7029,TV Show,Hunters of the South Seas,United Kingdom,2015,TV-14,1 Season,"British TV Shows, Docuseries",5
s7030,TV Show,Huntik: Secrets and Seekers,"United States, Italy",2011,TV-Y7,2 Seasons,Kids' TV,7
s7034,TV Show,Hyori's Bed & Breakfast,Unknown,2018,TV-14,2 Seasons,"International TV Shows, Korean TV Shows, Reality TV",1
s7040,TV Show,I Am Me!,Mexico,2016,TV-14,1 Season,"International TV Shows, Spanish-Language TV Shows, TV Comedies",4
s7051,TV Show,I'm Sorry,United States,2019,TV-MA,2 Seasons,TV Comedies,11
s7055,TV Show,Idiotest,United States,2014,TV-PG,1 Season,"Reality TV, TV Comedies",0
s7060,TV Show,In Between,Taiwan,2012,TV-14,1 Season,"International TV Shows, Romantic TV Shows, TV Comedies",4
s7070,TV Show,India: Nature's Wonderland,United Kingdom,2015,TV-PG,1 Season,"British TV Shows, Docuseries, Science & Nature TV",5
s7081,TV Show,Inside The Freemasons,United Kingdom,2017,TV-MA,1 Season,"British TV Shows, Docuseries, International TV Shows",5
s7082,TV Show,Inside the Mind of a Serial Killer,United States,2015,TV-14,1 Season,"Crime TV Shows, Docuseries",9
s7083,TV Show,Inside the Mossad,Israel,2017,TV-14,1 Season,"Docuseries, International TV Shows",9
s7084,TV Show,Inst@famous,United Kingdom,2018,TV-MA,1 Season,Reality TV,1
s7086,TV Show,Intelligence,Canada,2007,TV-MA,2 Seasons,"Crime TV Shows, TV Dramas",17
s7099,TV Show,Iron Man: Armored Adventures,"Canada, United States, United Kingdom, France, Luxembourg",2011,TV-Y7,2 Seasons,Kids' TV,7
s7101,TV Show,Islands of the Future,United Kingdom,2014,TV-PG,1 Season,"Docuseries, International TV Shows, Science & Nature TV",9
s7102,TV Show,마녀사냥,South Korea,2015,TV-MA,1 Season,"International TV Shows, Korean TV Shows, Stand-Up Comedy & Talk Shows",10
s7113,TV Show,Jack Taylor,"United States, Ireland",2016,TV-MA,1 Season,"Crime TV Shows, International TV Shows, TV Dramas",2
s7121,TV Show,Japanese Style Originator,Japan,2008,TV-G,1 Season,"International TV Shows, Stand-Up Comedy & Talk Shows",17
s7124,TV Show,Jeopardy!,United States,2019,TV-G,2 Seasons,Reality TV,0
s7126,TV Show,Jericho,United States,2008,TV-14,2 Seasons,"Classic & Cult TV, TV Action & Adventure, TV Dramas",17
s7130,TV Show,Jhansi Ki Rani,India,2009,TV-14,1 Season,"International TV Shows, TV Dramas",13
s7132,TV Show,JingleKids,Russia,2017,TV-Y7,1 Season,Kids' TV,7
s7141,TV Show,Jonathan Strange & Mr Norrell,United Kingdom,2015,TV-14,1 Season,"British TV Shows, TV Dramas, TV Sci-Fi & Fantasy",5
s7143,TV Show,Juana Brava,Chile,2015,TV-MA,1 Season,"International TV Shows, Spanish-Language TV Shows, TV Dramas",2
s7144,TV Show,Juana Inés,Mexico,2016,TV-14,1 Season,"International TV Shows, Spanish-Language TV Shows, TV Dramas",13
s7149,TV Show,Julius Jr.,United States,2014,TV-Y,2 Seasons,Kids' TV,8
s7156,TV Show,K,Japan,2012,TV-MA,1 Season,"Anime Series, Crime TV Shows, International TV Shows",14
s7158,TV Show,Kaçak,Turkey,2013,TV-14,1 Season,"Crime TV Shows, International TV Shows, TV Action & Adventure",13
s7176,TV Show,Ken Burns: The Civil War,United States,1990,TV-14,1 Season,Docuseries,17
s7177,TV Show,Ken Burns: The Roosevelts: An Intimate History,United States,2014,TV-PG,1 Season,Docuseries,9
s7178,TV Show,Ken Burns: The West,United States,1996,TV-PG,1 Season,Docuseries,17
s7183,TV Show,Khaani,Pakistan,2017,TV-14,1 Season,"Crime TV Shows, International TV Shows, Romantic TV Shows",13
s7185,TV Show,Khan: No. 1 Crime Hunter,India,2018,TV-14,1 Season,"Crime TV Shows, International TV Shows, TV Comedies",4
s7186,TV Show,Khelti Hai Zindagi Aankh Micholi,India,2013,TV-14,1 Season,"International TV Shows, TV Dramas",13
s7188,TV Show,Khotey Sikkey,India,2011,TV-14,1 Season,"Crime TV Shows, International TV Shows, TV Dramas",13
s7197,TV Show,Kikoriki,Unknown,2010,TV-Y,2 Seasons,Kids' TV,8
s7210,TV Show,Kingdoms of the Sky,Unknown,2018,TV-PG,1 Season,"British TV Shows, Docuseries, Science & Nature TV",9
s7215,TV Show,Kiss The Series,Unknown,2016,TV-14,1 Season,"International TV Shows, Romantic TV Shows, TV Dramas",13
s7216,TV Show,Kitten Rescuers,United Kingdom,2017,TV-14,1 Season,"British TV Shows, International TV Shows, Reality TV",5
s7218,TV Show,Knights of Sidonia,Japan,2015,TV-MA,2 Seasons,"Anime Series, International TV Shows",14
s7223,TV Show,Kon Kon Kon,Unknown,2014,TV-PG,1 Season,"Docuseries, International TV Shows",9
s7236,TV Show,Krishna Balram,Unknown,2019,TV-Y7,1 Season,Kids' TV,7
s7246,TV Show,Kurt Seyit & Sura,Turkey,2014,TV-14,1 Season,"International TV Shows, Romantic TV Shows, TV Dramas",13
s7255,TV Show,La Familia P. Luche,United States,2012,TV-14,3 Seasons,"International TV Shows, Spanish-Language TV Shows, TV Comedies",15
s7256,TV Show,La Femme,Unknown,2016,TV-14,1 Season,"International TV Shows, TV Dramas",13
s7257,TV Show,La Piloto,Mexico,2017,TV-MA,1 Season,"Crime TV Shows, International TV Shows, Spanish-Language TV Shows",16
s7258,TV Show,La Rosa de Guadalupe,Mexico,2010,TV-PG,1 Season,"Classic & Cult TV, Crime TV Shows, International TV Shows",13
s7259,TV Show,La Viuda Negra,"Colombia, Mexico, United States",2016,TV-14,1 Season,"Crime TV Shows, International TV Shows, Spanish-Language TV Shows",16
s7265,TV Show,"Lady, la vendedora de rosas",Colombia,2015,TV-14,1 Season,"International TV Shows, Spanish-Language TV Shows, TV Dramas",13
s7267,TV Show,Land Girls,United Kingdom,2011,TV-14,3 Seasons,"British TV Shows, International TV Shows, TV Dramas",5
s7269,TV Show,Last,South Korea,2015,TV-14,1 Season,"Crime TV Shows, International TV Shows, Korean TV Shows",10
s7280,TV Show,Learning Time with Timmy,United Kingdom,2018,TV-Y,1 Season,"British TV Shows, Kids' TV",8
s7286,TV Show,Legends of Strength,United States,2017,TV-PG,1 Season,Docuseries,9
s7288,TV Show,Lego Friends,Unknown,2017,TV-G,3 Seasons,Kids' TV,7
s7289,TV Show,Lego Friends: Girls on a Mission,Denmark,2018,TV-Y,1 Season,Kids' TV,8
s7292,TV Show,Leo & Tig,Unknown,2017,TV-Y,1 Season,Kids' TV,8
s7296,TV Show,Leyla and Mecnun,Turkey,2014,TV-MA,3 Seasons,"International TV Shows, Romantic TV Shows, TV Comedies",4
s7298,TV Show,License to Drill: Louisiana,Canada,2014,TV-PG,1 Season,Reality TV,1
s7301,TV Show,Life on Location,United States,2009,TV-G,1 Season,"British TV Shows, Docuseries, Science & Nature TV",9
s7302,TV Show,Life Story,United Kingdom,2014,TV-14,1 Season,"British TV Shows, Docuseries, Science & Nature TV",5
s7308,TV Show,Limmy's Show!,United Kingdom,2012,TV-MA,2 Seasons,"British TV Shows, TV Comedies",5
s7322,TV Show,Liv and Maddie,United States,2017,TV-G,4 Seasons,"Kids' TV, TV Comedies",15
s7325,TV Show,Lo que la verdad esconde: El caso Asunta (Operacion Nenúfar),Spain,2017,TV-14,1 Season,"Crime TV Shows, Docuseries, International TV Shows",9
s7326,TV Show,Lo que la vida me robó,Mexico,2013,TV-14,1 Season,"Crime TV Shows, International TV Shows, Romantic TV Shows",13
s7332,TV Show,LoliRock,"South Korea, France",2016,TV-Y,2 Seasons,Kids' TV,8
s7334,TV Show,London Spy,United Kingdom,2015,TV-MA,1 Season,"British TV Shows, Crime TV Shows, International TV Shows",5
s7339,TV Show,Los 10 años de Peter Capusotto,Unknown,2015,TV-MA,1 Season,"International TV Shows, Spanish-Language TV Shows, TV Comedies",16
s7341,TV Show,Los tiempos de Pablo Escobar,Colombia,2012,TV-14,1 Season,"Crime TV Shows, Docuseries, International TV Shows",13
s7343,TV Show,Lost Girl,Canada,2015,TV-14,5 Seasons,"TV Dramas, TV Horror, TV Mysteries",15
s7344,TV Show,Love Cuisine,Taiwan,2015,TV-MA,1 Season,"International TV Shows, Romantic TV Shows, TV Comedies",4
s7349,TV Show,Love Rain,South Korea,2012,TV-PG,1 Season,"International TV Shows, Korean TV Shows, Romantic TV Shows",10
s7350,TV Show,Love Rhythms - Accidental Daddy,Unknown,2016,TV-MA,1 Season,"International TV Shows, TV Comedies, TV Dramas",2
s7354,TV Show,Love Your Garden,United Kingdom,2013,TV-G,1 Season,"British TV Shows, International TV Shows, Reality TV",5
s7360,TV Show,Lucky Days,China,2010,TV-PG,1 Season,"International TV Shows, Romantic TV Shows, TV Comedies",4
s7369,TV Show,Mad Men,United States,2014,TV-14,7 Seasons,TV Dramas,3
s7376,TV Show,Maggie & Bianca: Fashion Friends,Italy,2017,TV-Y7,1 Season,"Kids' TV, TV Comedies",7
s7377,TV Show,Magi: Adventure of Sinbad,Japan,2016,TV-14,1 Season,"Anime Series, International TV Shows",14
s7382,TV Show,Maharakshak Devi,India,2015,TV-14,1 Season,"International TV Shows, TV Action & Adventure, TV Sci-Fi & Fantasy",13
s7383,TV Show,Maharakshak: Aryan,India,2014,TV-14,1 Season,"International TV Shows, TV Action & Adventure, TV Sci-Fi & Fantasy",13
s7384,TV Show,Mahi Way,India,2010,TV-14,1 Season,"International TV Shows, TV Comedies",4
s7386,TV Show,Mahmut & Meryem,"Turkey, Azerbaijan",2013,TV-14,1 Season,"International TV Shows, Romantic TV Shows, TV Dramas",13
s7393,TV Show,Man vs Wild with Sunny Leone,Unknown,2018,TV-PG,1 Season,"International TV Shows, Reality TV, TV Action & Adventure",1
s7405,TV Show,Marching Orders,United States,2018,TV-14,1 Season,Docuseries,9
s7407,TV Show,Maron,United States,2016,TV-MA,4 Seasons,TV Comedies,18
s7409,TV Show,Married at First Sight,United States,2019,TV-14,1 Season,"Reality TV, Romantic TV Shows",0
s7410,TV Show,Mars,United States,2018,TV-PG,2 Seasons,"Docuseries, Science & Nature TV, TV Dramas",9
s7419,TV Show,Mary Portas: Secret Shopper,United Kingdom,2016,TV-14,1 Season,"British TV Shows, International TV Shows, Reality TV",5
s7436,TV Show,Mega Food,United Kingdom,2013,TV-G,1 Season,"British TV Shows, Docuseries, International TV Shows",5
s7437,TV Show,MegaTruckers,Australia,2012,TV-PG,1 Season,Reality TV,1
s7439,TV Show,Melodies of Life - Born This Way,Unknown,2016,TV-14,1 Season,"International TV Shows, Romantic TV Shows, TV Comedies",4
s7447,TV Show,Mere Papa Hero Hiralal,Unknown,2018,TV-14,1 Season,"International TV Shows, TV Dramas",13
s7448,TV Show,Merlí,Spain,2015,TV-MA,1 Season,"International TV Shows, TV Dramas, Teen TV Shows",2
s7450,TV Show,Mexico Diseña,United States,2016,TV-PG,1 Season,"International TV Shows, Reality TV, Spanish-Language TV Shows",0
s7454,TV Show,Midnight Misadventures With Mallika Dua,India,2018,TV-14,1 Season,"International TV Shows, Stand-Up Comedy & Talk Shows, TV Comedies",4
s7456,TV Show,Mighty Morphin Alien Rangers,Unknown,1996,TV-Y7,1 Season,Kids' TV,17
s7458,TV Show,Mini Wolf,France,2014,TV-G,2 Seasons,Kids' TV,7
s7460,TV Show,Minute to Win It,United States,2013,TV-PG,1 Season,Reality TV,0
s7464,TV Show,Miss Dynamite,Mexico,2015,TV-14,1 Season,"Crime TV Shows, International TV Shows, Spanish-Language TV Shows",13
s7469,TV Show,Miss Rose,Taiwan,2015,TV-MA,1 Season,"International TV Shows, Romantic TV Shows, TV Comedies",4
s7481,TV Show,Momo Salon,South Korea,2014,TV-14,1 Season,"International TV Shows, Korean TV Shows, Romantic TV Shows",10
s7484,TV Show,Money for Nothing,Unknown,2015,TV-PG,1 Season,"British TV Shows, International TV Shows, Reality TV",1
s7486,TV Show,Monkey Planet,United Kingdom,2014,TV-PG,1 Season,"British TV Shows, Docuseries, Science & Nature TV",5
s7503,TV Show,Monster Math Squad,Canada,2012,TV-Y,2 Seasons,Kids' TV,8
s7505,TV Show,Monty Don's French Gardens,United Kingdom,2013,TV-G,1 Season,"British TV Shows, Docuseries, International TV Shows",5
s7506,TV Show,Monty Don's Italian Gardens,United Kingdom,2011,TV-G,1 Season,"British TV Shows, Docuseries, International TV Shows",5
s7522,TV Show,Mr. Young,Canada,2013,TV-G,2 Seasons,"Kids' TV, TV Comedies",7
s7529,TV Show,Murderous Affairs,United States,2017,TV-MA,3 Seasons,"Crime TV Shows, Docuseries",18
s7530,TV Show,Mutant Busters,Spain,2017,TV-PG,2 Seasons,"Kids' TV, TV Comedies",7
s7539,TV Show,My Hotter Half,United Kingdom,2017,TV-PG,1 Season,"British TV Shows, International TV Shows, Reality TV",5
s7541,TV Show,My Life My Story,Unknown,2017,TV-14,1 Season,"International TV Shows, Stand-Up Comedy & Talk Shows",13
s7548,TV Show,My Tattoo Addiction,United Kingdom,2013,TV-MA,1 Season,"British TV Shows, Docuseries",5
s7552,TV Show,Mystery Science Theater 3000,United States,1999,TV-14,1 Season,"TV Comedies, TV Sci-Fi & Fantasy",17
s7569,TV Show,Nature: Animals With Cameras,"United Kingdom, United States",2018,TV-PG,1 Season,"Docuseries, Science & Nature TV",9
s7570,TV Show,NATURE: Natural Born Hustlers,United States,2016,TV-G,1 Season,"Docuseries, Science & Nature TV",9
s7572,TV Show,Nature's Great Events (2009),"United States, United Kingdom",2009,TV-PG,1 Season,"British TV Shows, Docuseries, Science & Nature TV",5
s7573,TV Show,Nature's Great Events: Diaries,"United States, United Kingdom",2009,TV-PG,1 Season,"British TV Shows, Docuseries, Science & Nature TV",5
s7574,TV Show,Nature's Great Race,United Kingdom,2016,TV-PG,1 Season,"British TV Shows, Docuseries, Science & Nature TV",5
s7575,TV Show,Nature's Weirdest Events,United Kingdom,2015,TV-PG,3 Seasons,"British TV Shows, Docuseries, Science & Nature TV",5
s7577,TV Show,Nazi Mega Weapons,United States,2016,TV-PG,3 Seasons,Docuseries,9
s7587,TV Show,"Nightmare Tenants, Slum Landlords",Unknown,2016,TV-MA,2 Seasons,"British TV Shows, International TV Shows, Reality TV",1
s7589,TV Show,Ninja Hattori,Japan,1981,TV-Y7,1 Season,"Anime Series, Kids' TV",6
s7590,TV Show,Ninja Turtles: The Next Mutation,"Canada, United States",1997,TV-G,1 Season,"Kids' TV, TV Comedies",17
s7594,TV Show,Nobel,Norway,2016,R,1 Season,"International TV Shows, TV Dramas, TV Thrillers",13
s7598,TV Show,North & South,United Kingdom,2004,NR,1 Season,"British TV Shows, Romantic TV Shows, TV Dramas",17
s7624,TV Show,NSU German History X,Germany,2016,TV-MA,1 Season,"Crime TV Shows, International TV Shows, TV Dramas",2
s7625,TV Show,Nuestra Lucha Libre,Unknown,2018,TV-MA,1 Season,"Docuseries, International TV Shows, Spanish-Language TV Shows",16
s7628,TV Show,Nura: Rise of the Yokai Clan: Demon Capital,Japan,2011,TV-MA,1 Season,"Anime Series, Crime TV Shows",14
s7629,TV Show,Nurse Jackie,United States,2015,TV-MA,7 Seasons,"TV Comedies, TV Dramas",3
s7630,TV Show,Nurses Who Kill,United Kingdom,2016,TV-14,1 Season,"British TV Shows, Crime TV Shows, Docuseries",5
s7633,TV Show,"O-Negative, Love Can’t Be Designed",Unknown,2016,TV-MA,1 Season,"International TV Shows, Romantic TV Shows, TV Dramas",2
s7641,TV Show,OCTB,Hong Kong,2017,TV-14,1 Season,"Crime TV Shows, International TV Shows, TV Dramas",13
s7647,TV Show,Oh No! It's an Alien Invasion,Canada,2014,TV-Y7-FV,2 Seasons,"Kids' TV, TV Action & Adventure, TV Sci-Fi & Fantasy",7
s7649,TV Show,Oliver Stone's Untold History of the United States,United States,2013,TV-PG,1 Season,Docuseries,9
s7650,TV Show,Ollie & Moon,France,2018,TV-Y,1 Season,Kids' TV,8
s7667,TV Show,One Strange Rock,United States,2018,TV-PG,1 Season,"Docuseries, Science & Nature TV",9
s7672,TV Show,Operation Gold Rush,United Kingdom,2016,TV-14,1 Season,"British TV Shows, Reality TV",5
s7675,TV Show,Operation Ouch!,United Kingdom,2012,TV-PG,1 Season,"British TV Shows, Kids' TV, TV Comedies",5
s7676,TV Show,Operation Proposal,South Korea,2012,TV-PG,1 Season,"International TV Shows, Korean TV Shows, Romantic TV Shows",10
s7680,TV Show,Origins Collection,United States,2018,TV-PG,3 Seasons,Docuseries,9
s7690,TV Show,P. King Duckling,United States,2016,TV-Y,1 Season,"Kids' TV, TV Comedies",8
s7694,TV Show,Pacific Heat,Australia,2016,TV-14,1 Season,"Crime TV Shows, TV Comedies",4
s7699,TV Show,Pajanimals,United States,2011,TV-Y,1 Season,Kids' TV,8
s7706,TV Show,Paranormal Survivor,Canada,2016,TV-14,2 Seasons,Docuseries,9
s7710,TV Show,Parks and Recreation,United States,2015,TV-14,7 Seasons,TV Comedies,3
s7711,TV Show,Pasión de Gavilanes,"Colombia, United States",2003,TV-14,1 Season,"International TV Shows, Romantic TV Shows, Spanish-Language TV Shows",17
s7719,TV Show,Pawn Stars,United States,2010,TV-14,1 Season,Reality TV,0
s7722,TV Show,Pee-wee's Playhouse,United States,1990,TV-PG,5 Seasons,"Classic & Cult TV, Kids' TV, TV Comedies",6
s7726,TV Show,Penny Dreadful,"Ireland, United Kingdom, United States",2016,TV-MA,3 Seasons,"TV Dramas, TV Horror, TV Mysteries",18
s7730,TV Show,Person of Interest,United States,2016,TV-14,5 Seasons,"Crime TV Shows, TV Action & Adventure, TV Dramas",15
s7744,TV Show,Pioneers of African-American Cinema,United States,1946,TV-14,1 Season,TV Shows,19
s7748,TV Show,Planet Earth II,United Kingdom,2016,TV-G,1 Season,"British TV Shows, Docuseries, Science & Nature TV",5
s7749,TV Show,Planet Earth: The Complete Collection,United Kingdom,2006,TV-PG,1 Season,"British TV Shows, Docuseries, International TV Shows",5
s7757,TV Show,Portlandia,United States,2018,TV-14,8 Seasons,TV Comedies,3
s7760,TV Show,Powder,India,2010,TV-14,1 Season,"Crime TV Shows, International TV Shows, TV Dramas",13
s7761,TV Show,Power Battle Watch Car,Unknown,2016,TV-Y7,1 Season,"Kids' TV, Korean TV Shows",7
s7762,TV Show,Power Rangers Dino Charge,United States,2015,TV-Y7,1 Season,Kids' TV,7
s7763,TV Show,Power Rangers Dino Super Charge,Unknown,2016,TV-Y7,1 Season,Kids' TV,7
s7764,TV Show,Power Rangers Dino Thunder,United States,2004,TV-Y7,1 Season,Kids' TV,17
s7765,TV Show,Power Rangers in Space,"United States, France, Japan",1998,TV-Y7,1 Season,Kids' TV,17
s7766,TV Show,Power Rangers Jungle Fury,United States,2008,TV-Y7,1 Season,Kids' TV,17
s7767,TV Show,Power Rangers Lightspeed Rescue,"France, Japan, United States",2000,TV-Y7,1 Season,Kids' TV,17
s7768,TV Show,Power Rangers Lost Galaxy,"United States, France, Japan",1999,TV-Y7,1 Season,Kids' TV,17
s7769,TV Show,Power Rangers Mystic Force,United States,2006,TV-Y7,1 Season,Kids' TV,17
s7770,TV Show,Power Rangers Ninja Storm,"United States, New Zealand",2003,TV-Y7,1 Season,Kids' TV,17
s7771,TV Show,Power Rangers Operation Overdrive,"United States, New Zealand, Japan",2007,TV-Y7,1 Season,Kids' TV,17
s7772,TV Show,Power Rangers RPM,United States,2009,TV-Y7,1 Season,Kids' TV,17
s7773,TV Show,Power Rangers S.P.D.,"United States, New Zealand",2005,TV-Y7,1 Season,Kids' TV,17
s7774,TV Show,Power Rangers Samurai,United States,2011,TV-Y7,1 Season,Kids' TV,7
s7778,TV Show,Power Rangers Super Megaforce,Unknown,2014,TV-Y7,1 Season,Kids' TV,7
s7780,TV Show,Power Rangers Super Samurai,Unknown,2012,TV-Y7,1 Season,Kids' TV,7
s7783,TV Show,Power Rangers Time Force,United States,2001,TV-Y7,1 Season,Kids' TV,17
s7784,TV Show,Power Rangers Turbo,"United States, France, Japan",1997,TV-Y7,1 Season,Kids' TV,17
s7785,TV Show,Power Rangers Wild Force,"United States, Netherlands, Japan, France",2002,TV-Y7,1 Season,Kids' TV,17
s7786,TV Show,Power Rangers Zeo,"United States, France, Japan",1996,TV-Y7,1 Season,Kids' TV,17
s7787,TV Show,Power Rangers: Megaforce,United States,2013,TV-Y7,1 Season,Kids' TV,7
s7796,TV Show,Prince Jai Aur Dumdaar Viru,Unknown,2017,TV-Y,1 Season,"Kids' TV, TV Comedies",8
s7799,TV Show,Prohibition: A Film by Ken Burns and Lynn Novick,United States,2011,TV-PG,1 Season,"Crime TV Shows, Docuseries",9
s7801,TV Show,Psiconautas,Argentina,2016,TV-MA,2 Seasons,"International TV Shows, Spanish-Language TV Shows, TV Comedies",16
s7807,TV Show,Pyaar Tune Kya Kiya,India,2014,TV-14,3 Seasons,"International TV Shows, Romantic TV Shows, TV Dramas",13
s7809,TV Show,Qué pena tu serie,United States,2015,TV-MA,1 Season,"International TV Shows, Romantic TV Shows, Spanish-Language TV Shows",16
s7811,TV Show,Queen of No Marriage,Taiwan,2009,TV-MA,1 Season,"International TV Shows, Romantic TV Shows, TV Comedies",4
s7813,TV Show,Queens of Comedy,Unknown,2017,TV-MA,1 Season,"International TV Shows, Stand-Up Comedy & Talk Shows, TV Comedies",16
s7814,TV Show,Queens vs. Kings,Unknown,2018,TV-14,1 Season,"Stand-Up Comedy & Talk Shows, TV Comedies",4
s7816,TV Show,Rab Se Sohna Isshq,Unknown,2012,TV-14,1 Season,"International TV Shows, Romantic TV Shows, TV Dramas",13
s7829,TV Show,Ramayan,India,2012,TV-14,1 Season,"International TV Shows, TV Dramas",13
s7836,TV Show,Razia Sultan,India,2015,TV-14,1 Season,"International TV Shows, Romantic TV Shows, TV Dramas",13
s7839,TV Show,Reality of Dream,Unknown,2015,TV-MA,1 Season,"International TV Shows, Romantic TV Shows, TV Dramas",2
s7841,TV Show,Rebelde,Mexico,2004,TV-14,1 Season,"International TV Shows, Romantic TV Shows, Spanish-Language TV Shows",17
s7843,TV Show,Rectify,United States,2016,TV-MA,4 Seasons,"Crime TV Shows, TV Dramas, TV Mysteries",18
s7848,TV Show,Red vs. Blue,United States,2015,NR,13 Seasons,"TV Action & Adventure, TV Comedies, TV Sci-Fi & Fantasy",12
s7851,TV Show,Reggie Yates Outside Man,United Kingdom,2017,TV-MA,2 Seasons,"British TV Shows, Docuseries, International TV Shows",5
s7857,TV Show,Republic of Doyle,Canada,2014,TV-14,6 Seasons,"Crime TV Shows, TV Comedies, TV Dramas",3
s7863,TV Show,Revenge,Unknown,2017,TV-MA,1 Season,"Crime TV Shows, International TV Shows, TV Dramas",2
s7865,TV Show,Revolting Rhymes,United Kingdom,2017,TV-PG,1 Season,"British TV Shows, Kids' TV",5
s7868,TV Show,"Rica, Famosa, Latina",United States,2016,TV-MA,4 Seasons,"International TV Shows, Reality TV, Spanish-Language TV Shows",18
s7871,TV Show,Ripper Street,"United Kingdom, Ireland",2017,TV-MA,5 Seasons,"British TV Shows, Crime TV Shows, TV Dramas",18
s7873,TV Show,Rishta.com,India,2010,TV-14,1 Season,"International TV Shows, Romantic TV Shows, TV Comedies",4
s7879,TV Show,Robotech,"United States, Japan",1985,TV-MA,1 Season,Anime Series,6
s7893,TV Show,Roonpi Secret Love,Thailand,2016,TV-14,3 Seasons,"International TV Shows, Romantic TV Shows, Teen TV Shows",4
s7897,TV Show,Royal Pains,United States,2016,TV-PG,8 Seasons,"TV Comedies, TV Dramas",3
s7898,TV Show,Rubi,Mexico,2004,TV-PG,1 Season,"International TV Shows, Romantic TV Shows, Spanish-Language TV Shows",17
s7907,TV Show,Rurouni Kenshin,Japan,1998,TV-14,3 Seasons,"Anime Series, International TV Shows",17
s7909,TV Show,Russell Peters vs. the World,United States,2013,NR,1 Season,"Docuseries, Stand-Up Comedy & Talk Shows",9
s7919,TV Show,Sadqay Tumhare,Pakistan,2014,TV-PG,1 Season,"International TV Shows, Romantic TV Shows, TV Dramas",13
s7943,TV Show,Satrangi,Unknown,2014,TV-PG,1 Season,"Docuseries, International TV Shows",9
s7949,TV Show,Save Our Shelter,United States,2015,TV-G,1 Season,Reality TV,0
s7954,TV Show,Scandal,United States,2018,TV-14,7 Seasons,"Crime TV Shows, TV Dramas",3
s7969,TV Show,Secret Affair,South Korea,2014,TV-14,1 Season,"International TV Shows, Korean TV Shows, Romantic TV Shows",10
s7983,TV Show,Sensitive Skin,Canada,2016,TV-MA,1 Season,TV Comedies,11
s7985,TV Show,Servant of the People,Ukraine,2015,TV-14,1 Season,"International TV Shows, TV Comedies",4
s7992,TV Show,Shadow of Truth,Israel,2016,TV-MA,1 Season,"Crime TV Shows, Docuseries, International TV Shows",16
s7994,TV Show,Shaka Zulu,"Italy, South Africa, West Germany, Australia, United States",1986,TV-14,1 Season,TV Dramas,6
s8003,TV Show,Sherlock,"United Kingdom, United States",2017,TV-14,4 Seasons,"British TV Shows, Crime TV Shows, International TV Shows",15
s8016,TV Show,Sid the Science Kid,United States,2008,TV-Y,1 Season,Kids' TV,17
s8021,TV Show,Silver Spoon,Russia,2015,TV-MA,2 Seasons,"Crime TV Shows, International TV Shows, TV Action & Adventure",16
s8022,TV Show,Sin senos no hay paraíso,"Colombia, Mexico, United States",2008,TV-14,1 Season,"International TV Shows, Spanish-Language TV Shows, TV Dramas",13
s8023,TV Show,Sin Senos sí Hay Paraíso,"United States, Colombia",2018,TV-MA,3 Seasons,"International TV Shows, Spanish-Language TV Shows, TV Dramas",18
s8031,TV Show,Skin Wars,United States,2016,TV-14,3 Seasons,Reality TV,15
s8032,TV Show,Skin Wars: Fresh Paint,United States,2016,TV-14,1 Season,Reality TV,0
s8041,TV Show,Slobby's World,United States,2018,TV-MA,1 Season,Reality TV,11
s8059,TV Show,Sotus The Series,Thailand,2016,TV-MA,1 Season,"International TV Shows, Romantic TV Shows, TV Dramas",2
s8063,TV Show,Space Racers,United States,2014,TV-Y,1 Season,Kids' TV,8
s8065,TV Show,Spartacus,United States,2013,TV-MA,4 Seasons,"TV Action & Adventure, TV Dramas",18
s8071,TV Show,Splash and Bubbles,United States,2018,TV-Y,2 Seasons,Kids' TV,8
s8084,TV Show,Star-Crossed,United States,2014,TV-14,1 Season,"Romantic TV Shows, TV Dramas, TV Sci-Fi & Fantasy",0
s8086,TV Show,Station Horizon,Switzerland,2015,TV-MA,1 Season,"International TV Shows, TV Comedies, TV Dramas",2
s8094,TV Show,Stoked,"United States, Canada",2010,TV-PG,1 Season,Kids' TV,17
s8095,TV Show,Stone Age,South Korea,2017,TV-Y7,1 Season,"Kids' TV, Korean TV Shows",7
s8098,TV Show,Storage Wars: Northern Treasures,United States,2015,TV-MA,1 Season,"International TV Shows, Reality TV",1
s8103,TV Show,Strawberry Shortcake: Berry Bitty Adventures,"France, United States, Canada",2015,TV-Y,1 Season,Kids' TV,8
s8108,TV Show,Strong Girl Bong-soon,South Korea,2017,TV-14,1 Season,"Crime TV Shows, International TV Shows, Korean TV Shows",10
s8110,TV Show,Strongland,Unknown,2018,TV-PG,1 Season,"Docuseries, International TV Shows",9
s8118,TV Show,Suits,South Korea,2018,TV-MA,1 Season,"International TV Shows, Korean TV Shows, TV Comedies",10
s8122,TV Show,Super Bheem,India,2019,TV-Y,1 Season,Kids' TV,8
s8126,TV Show,Super Wings,"United States, South Korea, China",2020,TV-Y,3 Seasons,"Kids' TV, Korean TV Shows",8
s8130,TV Show,SuperNature: Wild Flyers,United Kingdom,2016,TV-PG,1 Season,"British TV Shows, Docuseries, Science & Nature TV",5
s8133,TV Show,Surviving R. Kelly Part II: The Reckoning,United States,2020,TV-MA,1 Season,"Crime TV Shows, Docuseries",11
s8138,TV Show,Swami Baba Ramdev: The Untold Story,Unknown,2018,TV-14,1 Season,"International TV Shows, TV Dramas",13
s8144,TV Show,Sym-Bionic Titan,United States,2010,TV-PG,1 Season,Kids' TV,17
s8148,TV Show,Taken,"France, United States",2018,TV-14,2 Seasons,"Crime TV Shows, TV Action & Adventure, TV Thrillers",0
s8149,TV Show,Tales of the City (1993),"United Kingdom, United States",1993,TV-MA,1 Season,TV Dramas,17
s8166,TV Show,Teresa,Mexico,2010,TV-PG,1 Season,"International TV Shows, Romantic TV Shows, Spanish-Language TV Shows",4
s8173,TV Show,Th Eena Meena Deeka Chase Comedy Show,India,2015,TV-Y7,1 Season,"Kids' TV, TV Comedies",7
s8174,TV Show,Thackeray,India,2019,TV-MA,1 Season,TV Shows,11
s8175,TV Show,That '70s Show,United States,2005,TV-14,8 Seasons,TV Comedies,3
s8176,TV Show,The 2000s,United States,2018,TV-MA,1 Season,Docuseries,11
s8181,TV Show,The Adjusters,Unknown,2010,TV-PG,2 Seasons,"International TV Shows, TV Dramas",13
s8183,TV Show,The Adventures of Figaro Pho,Australia,2015,TV-Y7,2 Seasons,"Kids' TV, TV Comedies",7
s8190,TV Show,The Andy Griffith Show,United States,1967,TV-G,8 Seasons,"Classic & Cult TV, TV Comedies",6
s8194,TV Show,The Apartment,Singapore,2014,TV-PG,2 Seasons,"International TV Shows, Reality TV",1
s8200,TV Show,The Bachelor,Unknown,2009,TV-14,1 Season,"Reality TV, Romantic TV Shows",1
s8207,TV Show,The Beat,Unknown,2012,TV-MA,1 Season,"International TV Shows, TV Dramas",2
s8208,TV Show,The Beginning of Life: The Series,Brazil,2016,TV-PG,1 Season,"Docuseries, International TV Shows, Science & Nature TV",9
s8209,TV Show,The Bible's Buried Secrets,United Kingdom,2011,TV-14,1 Season,"British TV Shows, Docuseries, Science & Nature TV",5
s8210,TV Show,The Big Catch,United Kingdom,2015,TV-PG,1 Season,"British TV Shows, Reality TV",5
s8215,TV Show,The Blue Planet: A Natural History of the Oceans,United Kingdom,2001,TV-G,1 Season,"British TV Shows, Docuseries, International TV Shows",17
s8217,TV Show,The Bomb Squad,United Kingdom,2011,TV-MA,1 Season,"British TV Shows, Docuseries",5
s8236,TV Show,The Calling,India,2018,TV-MA,1 Season,"International TV Shows, Reality TV",1
s8244,TV Show,The Chefs' Line,Australia,2017,TV-14,1 Season,"International TV Shows, Reality TV",1
s8251,TV Show,The Code,United Kingdom,2011,TV-PG,1 Season,"British TV Shows, Docuseries, International TV Shows",5
s8258,TV Show,The Cravings,South Korea,2016,TV-14,2 Seasons,"International TV Shows, Korean TV Shows, TV Comedies",10
s8263,TV Show,The Curse of Oak Island,United States,2016,TV-PG,1 Season,"Docuseries, Science & Nature TV",9
s8272,TV Show,The Day My Butt Went Psycho!,"Canada, Australia",2015,TV-Y7,2 Seasons,"Kids' TV, TV Comedies",7
s8278,TV Show,The Devil Is a Part-Timer!,Japan,2013,TV-14,1 Season,Anime Series,14
s8283,TV Show,The Drunk and on Drugs Happy Funtime Hour,Canada,2011,TV-MA,1 Season,"International TV Shows, TV Comedies",4
s8288,TV Show,The Eighties,United States,2016,TV-PG,1 Season,Docuseries,9
s8294,TV Show,The Fear,United Kingdom,2012,TV-MA,1 Season,"British TV Shows, Crime TV Shows, TV Dramas",5
s8303,TV Show,The Five,United Kingdom,2016,TV-MA,1 Season,"British TV Shows, Crime TV Shows, TV Dramas",5
s8312,TV Show,The Fosters,United States,2017,TV-14,5 Seasons,TV Dramas,15
s8316,TV Show,The Furchester Hotel,"United Kingdom, United States",2015,TV-Y,2 Seasons,"British TV Shows, Kids' TV",8
s8317,TV Show,The Future of Water,Norway,2007,TV-PG,1 Season,"Docuseries, International TV Shows, Science & Nature TV",17
s8322,TV Show,The Golden Years with Javed Akhtar,India,2016,TV-G,1 Season,"Docuseries, International TV Shows",9
s8332,TV Show,The Great British Baking Show: Masterclass,United Kingdom,2018,TV-PG,4 Seasons,"British TV Shows, Reality TV",15
s8335,TV Show,The Great Train Robbery,United Kingdom,2013,NR,1 Season,"British TV Shows, Crime TV Shows, International TV Shows",5
s8337,TV Show,The Guild,United States,2013,TV-MA,1 Season,TV Comedies,11
s8348,TV Show,The Homecoming,Unknown,2015,TV-PG,1 Season,"International TV Shows, Korean TV Shows, Reality TV",1
s8350,TV Show,The House That Made Me,India,2015,TV-PG,3 Seasons,"International TV Shows, Reality TV",1
s8354,TV Show,The Hunt,United Kingdom,2015,TV-PG,1 Season,"British TV Shows, Docuseries, Science & Nature TV",5
s8358,TV Show,The Inbetweeners,United Kingdom,2010,TV-MA,3 Seasons,"British TV Shows, TV Comedies",5
s8367,TV Show,The Investigator: A British Crime Story,United Kingdom,2018,TV-MA,2 Seasons,"British TV Shows, Crime TV Shows, Docuseries",5
s8369,TV Show,The Irish Mob,Unknown,2008,TV-MA,1 Season,"Crime TV Shows, Docuseries",17
s8372,TV Show,The Jaime Maussan Show,United States,2010,TV-PG,1 Season,"Docuseries, International TV Shows, Spanish-Language TV Shows",9
s8374,TV Show,The Jungle Book,"India, Germany, France",2010,TV-Y7,1 Season,Kids' TV,7
s8377,TV Show,The Kindness Diaries,Unknown,2019,TV-PG,1 Season,Reality TV,1
s8379,TV Show,The L Word,"Canada, United States",2009,TV-MA,6 Seasons,"Romantic TV Shows, TV Dramas",3
s8380,TV Show,The Lady in Dignity,South Korea,2017,TV-MA,1 Season,"International TV Shows, Korean TV Shows, TV Dramas",10
s8393,TV Show,The Liar,Unknown,2013,TV-14,1 Season,"Crime TV Shows, International TV Shows, TV Dramas",13
s8398,TV Show,The Lizzie Borden Chronicles,United States,2015,TV-14,1 Season,"Crime TV Shows, TV Dramas, TV Thrillers",0
s8412,TV Show,The Making of Frozen Planet,"United Kingdom, United States, Spain, Germany, Greece, Canada",2012,TV-PG,1 Season,"British TV Shows, Docuseries, Science & Nature TV",5
s8422,TV Show,The Messengers,United States,2015,TV-14,1 Season,"TV Dramas, TV Mysteries, TV Sci-Fi & Fantasy",0
s8423,TV Show,The Mind of a Chef,United States,2016,TV-PG,5 Seasons,Docuseries,15
s8424,TV Show,The Minimighty Kids,France,2012,TV-G,2 Seasons,"Kids' TV, TV Comedies",7
s8425,TV Show,The Ministry of Time,Spain,2017,TV-MA,3 Seasons,"International TV Shows, Spanish-Language TV Shows, TV Action & Adventure",16
s8429,TV Show,The Mortified Guide,United States,2018,TV-MA,1 Season,Docuseries,11
s8430,TV Show,The Most Beautiful Hands of Delhi,Sweden,2017,TV-MA,1 Season,"International TV Shows, TV Comedies, TV Dramas",2
s8432,TV Show,The Murder Detectives,United Kingdom,2015,TV-MA,1 Season,"British TV Shows, Crime TV Shows, Docuseries",5
s8438,TV Show,The Netflix Afterparty,United States,2021,TV-MA,1 Season,"Stand-Up Comedy & Talk Shows, TV Comedies",11
s8440,TV Show,The Nineties,United States,2017,TV-14,1 Season,Docuseries,9
s8443,TV Show,The Office (U.S.),United States,2012,TV-14,9 Seasons,TV Comedies,3
s8472,TV Show,The Pyramid Code,Canada,2009,TV-PG,1 Season,"Docuseries, Science & Nature TV",9
s8475,TV Show,The Rap Game,United States,2016,TV-14,1 Season,Reality TV,0
s8477,TV Show,The Real Football Factories,United Kingdom,2006,TV-MA,1 Season,"British TV Shows, Docuseries, International TV Shows",5
s8483,TV Show,The Returned,France,2015,TV-MA,1 Season,"International TV Shows, TV Dramas, TV Horror",2
s8491,TV Show,The Road to Calvary,Russia,2017,TV-14,1 Season,"International TV Shows, TV Dramas",13
s8504,TV Show,The Seventies,United States,2015,TV-PG,1 Season,Docuseries,9
s8511,TV Show,The Sniffer,Ukraine,2017,TV-MA,3 Seasons,"Crime TV Shows, International TV Shows, TV Dramas",2
s8519,TV Show,The Story of God with Morgan Freeman,United States,2017,TV-14,2 Seasons,Docuseries,9
s8520,TV Show,The Story of Us with Morgan Freeman,United States,2017,TV-14,1 Season,Docuseries,9
s8524,TV Show,The Super Mario Bros. Super Show!,"United States, Canada",1989,TV-Y7,1 Season,Kids' TV,17
s8534,TV Show,The Traffickers,United States,2016,TV-MA,1 Season,"Crime TV Shows, Docuseries",11
s8540,TV Show,The Tudors,"Ireland, Canada, United States, United Kingdom",2010,TV-MA,4 Seasons,TV Dramas,18
s8542,TV Show,The Twilight Zone (Original Series),United States,1963,TV-14,4 Seasons,"Classic & Cult TV, TV Sci-Fi & Fantasy",19
s8545,TV Show,The Underwear,Unknown,2017,TV-MA,1 Season,"International TV Shows, TV Dramas, Teen TV Shows",2
s8546,TV Show,The Universe,United States,2009,TV-14,1 Season,"Docuseries, Science & Nature TV",9
s8550,TV Show,The Vietnam War: A Film by Ken Burns and Lynn Novick,United States,2017,TV-MA,1 Season,Docuseries,11
s8552,TV Show,The War: A Film by Ken Burns and Lynn Novick,United States,2007,TV-14,1 Season,Docuseries,17
s8558,TV Show,The West Wing,United States,2005,TV-14,7 Seasons,TV Dramas,3
s8561,TV Show,The Womanizer,China,2010,TV-MA,1 Season,"International TV Shows, Romantic TV Shows, TV Comedies",4
s8568,TV Show,The Year of Happiness and Love,Taiwan,2009,TV-PG,1 Season,"International TV Shows, Romantic TV Shows, TV Comedies",4
s8575,TV Show,ThirTEEN Terrors,Thailand,2014,TV-14,1 Season,"International TV Shows, TV Horror, TV Mysteries",13
s8576,TV Show,This Is My Love,South Korea,2015,TV-14,1 Season,"International TV Shows, Korean TV Shows, Romantic TV Shows",10
s8589,TV Show,Tientsin Mystic,China,2017,TV-14,1 Season,"Crime TV Shows, International TV Shows, TV Dramas",13
s8593,TV Show,Timeless Season,Unknown,2009,TV-14,1 Season,"International TV Shows, TV Dramas",13
s8594,TV Show,Timeline,Unknown,2014,TV-14,1 Season,"Crime TV Shows, Docuseries, International TV Shows",13
s8597,TV Show,Tip the Mouse,"Germany, United States, Italy",2014,TV-Y,1 Season,Kids' TV,8
s8600,TV Show,Toast of London,United Kingdom,2015,TV-MA,3 Seasons,"British TV Shows, Classic & Cult TV, TV Comedies",5
s8601,TV Show,Tobot,Canada,2018,TV-Y7,2 Seasons,"Kids' TV, Korean TV Shows",7
s8605,TV Show,Top 10 Secrets and Mysteries,"United Kingdom, United States, Czech Republic",2018,TV-14,1 Season,"British TV Shows, Docuseries, Science & Nature TV",9
s8606,TV Show,Top Grier,United States,2018,TV-MA,3 Seasons,Reality TV,18
s8610,TV Show,Towies,Unknown,2016,TV-MA,1 Season,"International TV Shows, Reality TV",1
s8634,TV Show,Trotsky,Russia,2017,TV-MA,1 Season,"International TV Shows, TV Dramas",2
s8645,TV Show,Twin Peaks,United States,1990,TV-14,2 Seasons,"Classic & Cult TV, Crime TV Shows, TV Dramas",6
s8647,TV Show,Twirlywoos,United Kingdom,2018,TV-Y,2 Seasons,"British TV Shows, Kids' TV",8
s8654,TV Show,Ugly Duckling,Thailand,2015,TV-14,4 Seasons,"International TV Shows, Romantic TV Shows, TV Dramas",15
s8670,TV Show,V.R. Troopers,United States,1995,TV-G,2 Seasons,Kids' TV,17
s8680,TV Show,ViR: The Robot Boy,Unknown,2013,TV-Y7,2 Seasons,Kids' TV,7
s8685,TV Show,Vroomiz,South Korea,2016,TV-Y,3 Seasons,"Kids' TV, Korean TV Shows",8
s8691,TV Show,Wake Up,Unknown,2017,TV-14,2 Seasons,"International TV Shows, TV Dramas",13
s8701,TV Show,Wartime Portraits,Poland,2014,TV-MA,1 Season,"Docuseries, International TV Shows",16
s8711,TV Show,Weeds,United States,2012,TV-MA,8 Seasons,"TV Comedies, TV Dramas",3
s8713,TV Show,Weird Wonders of the World,United Kingdom,2016,TV-PG,2 Seasons,"British TV Shows, Docuseries, Science & Nature TV",5
s8721,TV Show,What Happens to My Family,Turkey,2016,TV-14,1 Season,"International TV Shows, TV Comedies, TV Dramas",13
s8722,TV Show,What Is Love?,Taiwan,2012,TV-14,1 Season,"International TV Shows, Romantic TV Shows, TV Comedies",4
s8727,TV Show,When Calls the Heart,United States,2017,TV-PG,5 Seasons,TV Dramas,15
s8737,TV Show,Who's the One,Taiwan,2011,TV-14,1 Season,"International TV Shows, Romantic TV Shows, TV Comedies",4
s8741,TV Show,Wild Alaska,United Kingdom,2015,TV-PG,1 Season,"British TV Shows, Docuseries, Science & Nature TV",5
s8742,TV Show,Wild Arabia,United Kingdom,2013,TV-PG,1 Season,"British TV Shows, Docuseries, Science & Nature TV",5
s8748,TV Show,Winsanity,United States,2016,TV-G,1 Season,Reality TV,0
s8750,TV Show,Winter Sun,Turkey,2014,TV-MA,1 Season,"International TV Shows, TV Dramas, TV Thrillers",2
s8756,TV Show,Women Behind Bars,United States,2010,TV-14,3 Seasons,"Crime TV Shows, Docuseries",15
s8759,TV Show,World's Busiest Cities,United Kingdom,2017,TV-PG,1 Season,"British TV Shows, Docuseries",5
s8776,TV Show,Yeh Meri Family,India,2018,TV-PG,1 Season,"International TV Shows, TV Comedies",4
s8781,TV Show,Yo-Kai Watch,United States,2015,TV-Y7,1 Season,"Anime Series, Kids' TV",7
s8784,TV Show,Yoko,Unknown,2016,TV-Y,1 Season,Kids' TV,8
s8786,TV Show,YOM,Unknown,2016,TV-Y7,1 Season,Kids' TV,7
s8796,TV Show,Yu-Gi-Oh! Arc-V,"Japan, Canada",2015,TV-Y7,2 Seasons,"Anime Series, Kids' TV",7
s8797,TV Show,Yunus Emre,Turkey,2016,TV-PG,2 Seasons,"International TV Shows, TV Dramas",13
s8798,TV Show,Zak Storm,"United States, France, South Korea, Indonesia",2016,TV-Y7,3 Seasons,Kids' TV,7
s8801,TV Show,Zindagi Gulzar Hai,Pakistan,2012,TV-PG,1 Season,"International TV Shows, Romantic TV Shows, TV Dramas",13
s8804,TV Show,Zombie Dumb,Unknown,2018,TV-Y7,2 Seasons,"Kids' TV, Korean TV Shows, TV Comedies",7
